tarih,ticker,open,high,low,close,volume,change_%,value_traded,liq20,rvol,atr,perf_1m,perf_3m,volatility,gap_vol,z_vol,z_range,z_lambda,z_flow,candle_pressure,cmf20,close_location,excess_return,rel_daily_pct,rel_1m_pct,rel_3m_pct,rel_rvol_pct,trend_persistence,event_score,flow_score,activity_score,liquidity_score,resilience_score,overnight_risk,valid,market_median_change,is_downtrend_knife,is_illiquid,current_positive,directional_flow_ok,earnings_in_window,eligible,regime_label,regime_confidence,cross_label,macro_label,macro_stress,macro_threshold_add,macro_exposure_mult,sector,meta_score,risk_adjusted_score,watch_score,confidence_score,shock_score,effective_min_score,meta_selection,meta_regime,meta_regime_confidence,meta_weight_event,meta_weight_flow,meta_weight_activity,meta_weight_liquidity,meta_weight_resilience,non_price_score,crash_resilient,crash_survivor,entry_status,stars,allocation,weight_pct,grp,grp_size,sec_cmf,sec_acc,sec_ret5,sec_ret20,own_rel5,lead_gap,sector_score,meta_weight_sector,eligible_any,grp_name,p_win
2026-09-28,BMY,62.77000045776367,63.93000030517578,62.29999923706055,63.880001068115234,13394700.0,1.6226542282210987,855653450.3070831,608493224.9156952,1.2602293019518702,1.2107140677315849,-4.585509980410407,9.08470127751917,1.2595695820206063,0.5761530221494099,0.7610874174691952,0.8936487479515816,-0.1470430241136796,1.3650062328609138,0.8226998911758856,0.0832614397447701,96.93256415357072,2.141678519202672,95.02982107355864,57.25646123260437,77.53479125248509,89.06560636182903,68.40954274353876,80.90457256461232,89.62226640159045,87.15705765407554,73.1610337972167,88.79663613702705,26.767395626242543,True,-0.5190242909815734,False,False,True,True,False,True,STRESS,0.448,STRESS,RISK_ON,0.156,0.93,0.907,Health Technology,85.8,88.8,88.8,88.8,88.8,88.9,WATCH,STRESS,0.448,0.136,0.2125,0.136,0.1105,0.255,83.2,True,True,🎯 UYGUN GİRİŞ BÖLGESİ,⭐,İşlem Açma,0.0,6.0,26.0,0.0437365763274205,0.1923076923076923,4.8685302116231455,8.840644935212005,-1.153136929639731,-0.3046815507680822,88.08467741935483,0.15,True,"Health Technology · LLY, JNJ, TMO",
2026-09-28,WAT,427.2699890136719,445.4800109863281,423.8900146484375,442.9400024414063,981500.0,2.1681952556197315,434745612.3962402,291605696.2509155,1.4945031519322716,11.515710013253347,5.146465945355905,20.08024573465075,1.419798167755828,0.8094451963209714,0.9335358044163324,2.253312156692953,0.2288729896192788,1.232180439956109,0.7471976547117085,0.0796162347387905,88.23525254395649,2.687219546601305,98.60834990059642,91.65009940357854,89.86083499005964,95.02982107355864,90.66600397614314,90.168986083499,87.95228628230616,92.48508946322067,40.357852882703774,94.0412190913738,47.25049701789264,True,-0.5190242909815734,False,False,True,True,False,True,STRESS,0.448,STRESS,RISK_ON,0.156,0.93,0.907,Health Technology,84.4,87.4,87.4,87.4,87.4,88.9,WATCH,STRESS,0.448,0.136,0.2125,0.136,0.1105,0.255,80.0,True,True,🎯 UYGUN GİRİŞ BÖLGESİ,⭐,İşlem Açma,0.0,6.0,26.0,0.0437365763274205,0.1923076923076923,4.8685302116231455,8.840644935212005,1.321415796302572,-2.779234276710385,82.72177419354838,0.15,True,"Health Technology · LLY, JNJ, TMO",
2026-09-28,DHR,223.3999938964844,228.3800048828125,222.1000061035156,227.3300018310547,4898600.0,1.26508809675141,1113598746.9696045,738492576.1581421,1.225914224043545,5.4285703386579245,5.401521620481575,17.92198455807381,1.5957019023978312,0.6023000373354577,0.3944023161398897,0.5562058282629501,-0.4333026626932558,0.9301523897272906,0.6476911358081086,0.2283055984318174,83.280202932215,1.7841123877329834,92.2465208747515,91.84890656063618,87.8727634194831,87.47514910536779,89.66202783300199,70.57654075546719,90.93439363817096,80.55666003976143,77.13717693836978,89.82702625743622,31.554671968190856,True,-0.5190242909815734,False,False,True,True,False,True,STRESS,0.448,STRESS,RISK_ON,0.156,0.93,0.907,Health Technology,83.5,86.5,86.5,86.5,86.5,88.9,WATCH,STRESS,0.448,0.136,0.2125,0.136,0.1105,0.255,80.0,True,True,🎯 UYGUN GİRİŞ BÖLGESİ,⭐,İşlem Açma,0.0,6.0,26.0,0.0437365763274205,0.1923076923076923,4.8685302116231455,8.840644935212005,2.158113257005534,-3.615931737413347,81.20967741935485,0.15,True,"Health Technology · LLY, JNJ, TMO",
2026-09-28,VTRS,17.75,18.3700008392334,17.540000915527344,18.270000457763672,12377000.0,2.46775398732677,226127795.66574097,127047287.05496216,1.4803217789217105,0.4292858668736049,8.170517807955434,12.569318901809435,1.2770480552258885,0.528024256289843,1.0791616154931325,2.07885210052559,0.371267989721552,1.1738644187842604,0.6993973467169472,0.1954076011724842,87.95176016122842,2.986778278308344,99.20477137176938,95.02982107355864,83.1013916500994,94.831013916501,88.46918489065607,91.62027833001989,92.5248508946322,93.00198807157057,7.5546719681908545,93.4850368511129,40.04373757455268,True,-0.5190242909815734,False,False,True,True,False,True,STRESS,0.448,STRESS,RISK_ON,0.156,0.93,0.907,Health Technology,81.4,84.4,84.4,84.4,84.4,88.9,WATCH,STRESS,0.448,0.136,0.2125,0.136,0.1105,0.255,75.4,False,False,🎯 UYGUN GİRİŞ BÖLGESİ,⭐,İşlem Açma,0.0,6.0,26.0,0.0437365763274205,0.1923076923076923,4.8685302116231455,8.840644935212005,3.676828483765904,-5.134646964173717,79.65725806451613,0.15,True,"Health Technology · LLY, JNJ, TMO",
2026-09-28,PANW,370.6099853515625,394.5,367.2699890136719,392.0899963378906,6008900.0,4.629878463908899,2356029578.994751,2323738893.4973755,0.8463161956967999,18.364290509905132,2.4134769068540063,18.099396487316444,4.455607195984001,1.3669625744016822,-0.1105668471450625,1.182691436259374,0.9044662795653668,1.3070112102868023,0.8076202014405904,0.1685527706801261,91.14945762115406,5.148902754890472,100.0,85.88469184890656,88.07157057654076,37.77335984095427,87.08747514910537,75.6361829025845,93.6779324055666,41.510934393638166,94.63220675944332,89.17955808815915,53.18290258449304,True,-0.5190242909815734,False,False,True,True,False,True,STRESS,0.448,STRESS,RISK_ON,0.156,0.93,0.907,Technology Services,79.0,82.0,82.0,82.0,82.0,88.9,REJECTED,STRESS,0.448,0.136,0.2125,0.136,0.1105,0.255,78.0,True,True,NORMAL GİRİŞ,⭐,İşlem Açma,0.0,3.0,98.0,0.0280415811195512,0.0510204081632653,1.926375573838679,8.561067407099477,5.245455690058886,-4.817687239559776,66.19959677419355,0.15,True,"Electronic Technology · MU, NVDA, SNDK",
2026-09-28,NTAP,201.1499938964844,204.83999633789065,199.75,204.41000366210935,2947700.0,1.620685987841819,602539367.7947998,436649587.6881714,1.155491790586958,7.500711713518415,7.223040108114453,31.82639214633649,2.764389952198961,1.3000544749537808,0.6292265125019385,-0.7867790575214165,-0.5575681623226725,1.2623309255085218,0.7452874590050902,0.1411959836759729,91.55220068469744,2.1397102788233924,94.831013916501,94.03578528827038,95.42743538767397,83.1013916500994,94.80119284294234,48.92644135188866,91.92842942345924,81.90854870775348,59.64214711729622,93.12639303069638,59.63618290258449,True,-0.5190242909815734,False,False,True,True,False,True,STRESS,0.448,STRESS,RISK_ON,0.156,0.93,0.907,Electronic Technology,78.0,81.0,81.0,81.0,81.0,88.9,REJECTED,STRESS,0.448,0.136,0.2125,0.136,0.1105,0.255,70.6,True,True,🎯 UYGUN GİRİŞ BÖLGESİ,⭐,İşlem Açma,0.0,3.0,98.0,0.0280415811195512,0.0510204081632653,1.926375573838679,8.561067407099477,2.9361054015780157,-2.5083369510789044,68.61895161290323,0.15,True,"Electronic Technology · MU, NVDA, SNDK",
2026-09-28,MDT,88.31999969482422,89.52999877929688,87.5199966430664,89.5,22548000.0,0.970217301752374,2018046000.0,904345710.193634,2.264590959011285,1.9542852129255024,-0.5223963543403376,10.58939824539724,1.1888290968015245,0.7817019654499953,3.341943822371699,0.1817827128034429,-0.837487479264826,1.5797051392706316,0.7977616670778691,-0.1342921235639977,98.50752500427018,1.4892415927339475,89.66202783300199,78.33001988071571,79.92047713717693,99.20477137176938,79.20477137176938,66.45129224652088,68.07157057654075,99.52286282306164,83.1013916500994,86.8348479278624,36.6441351888668,True,-0.5190242909815734,False,False,True,True,False,True,STRESS,0.448,STRESS,RISK_ON,0.156,0.93,0.907,Health Technology,77.1,80.1,80.1,80.1,80.1,88.9,REJECTED,STRESS,0.448,0.136,0.2125,0.136,0.1105,0.255,76.9,True,True,NORMAL GİRİŞ,⭐,İşlem Açma,0.0,9.0,21.0,-0.0766607292329303,0.0,-0.006045672065269,-0.1080115499304419,-0.7430172655264133,3.3443549115168114,58.46774193548387,0.15,True,"Health Technology · BSX, MDT, ISRG",
2026-09-28,ISRG,405.1799926757813,416.510009765625,402.75,414.7900085449219,2568500.0,2.371789338776753,1065388136.9476318,835753525.2929688,1.0648640468979642,11.346433367047991,13.000247512714711,2.1725764329683983,1.7651097718211002,0.6202363904018815,-0.171313677372897,0.531925406546905,0.5358180697902374,1.2223203373149316,0.7267808191834779,0.2681168614655486,87.5,2.8908136297583265,99.00596421471172,97.21669980119285,64.61232604373758,73.558648111332,79.28429423459245,72.32604373757455,94.91053677932403,60.75546719681908,81.70974155069582,87.76988071570575,32.687872763419485,True,-0.5190242909815734,False,False,True,True,False,True,STRESS,0.448,STRESS,RISK_ON,0.156,0.93,0.907,Health Technology,76.9,79.9,79.9,79.9,79.9,88.9,REJECTED,STRESS,0.448,0.136,0.2125,0.136,0.1105,0.255,78.7,True,True,🎯 UYGUN GİRİŞ BÖLGESİ,⭐,İşlem Açma,0.0,9.0,21.0,-0.0766607292329303,0.0,-0.006045672065269,-0.1080115499304419,4.980807549250255,-2.3794699032598565,47.98387096774193,0.15,True,"Health Technology · BSX, MDT, ISRG",
2026-09-28,NVDA,229.75,233.2100067138672,228.0399932861328,228.8600006103516,141544300.0,1.68391752023771,32393828584.391785,23480444336.277832,1.2194998074611838,5.171427045549665,0.3859990395436385,17.38216167120663,1.7654657244965617,1.0596502394117655,0.6981950732019627,1.299990266520868,-0.3604610802796932,-0.7209421219958477,-0.4529967062351323,-0.0093568491426769,15.860835482937944,2.202941811219284,95.6262425447316,80.51689860834989,87.47514910536779,87.27634194831015,84.34393638170974,80.04970178926442,55.8648111332008,85.20874751491054,99.80119284294234,80.48767400555026,48.95626242544731,True,-0.5190242909815734,False,False,True,True,False,True,STRESS,0.448,STRESS,RISK_ON,0.156,0.93,0.907,Electronic Technology,76.9,79.9,79.9,79.9,79.9,88.9,REJECTED,STRESS,0.448,0.136,0.2125,0.136,0.1105,0.255,77.8,True,True,🎯 UYGUN GİRİŞ BÖLGESİ,⭐,İşlem Açma,0.0,3.0,98.0,0.0280415811195512,0.0510204081632653,1.926375573838679,8.561067407099477,0.4277684504991108,0.0,73.47782258064517,0.15,True,"Electronic Technology · MU, NVDA, SNDK",
2026-09-28,TMO,668.02001953125,682.6099853515625,664.22998046875,678.5999755859375,1904500.0,0.5333297164351825,1292393653.503418,1339256221.307373,0.878169791789147,15.44356427873884,7.594732136663618,33.99944227833369,1.5523549020106555,0.721377489183493,-0.0145363236244556,0.5908252531718943,-0.7421762021670457,0.7761101146539842,0.5690407720048616,0.2989676119206975,78.18276006349248,1.052354007416756,82.90258449304176,94.43339960238568,95.82504970178928,42.34592445328032,95.19880715705766,55.60636182902585,89.50298210735585,45.92445328031809,89.06560636182903,82.20296785525582,33.16302186878728,True,-0.5190242909815734,False,False,True,True,False,True,STRESS,0.448,STRESS,RISK_ON,0.156,0.93,0.907,Health Technology,76.6,79.6,79.6,79.6,79.6,88.9,REJECTED,STRESS,0.448,0.136,0.2125,0.136,0.1105,0.255,70.5,True,True,NORMAL GİRİŞ,⭐,İşlem Açma,0.0,6.0,26.0,0.0437365763274205,0.1923076923076923,4.8685302116231455,8.840644935212005,-0.1535633188675,-1.304255161540313,86.37096774193549,0.15,True,"Health Technology · LLY, JNJ, TMO",
2026-09-28,PG,145.86000061035156,149.47999572753906,145.11000061035156,149.02999877929688,8815000.0,1.914793909298118,1313699439.239502,1154547838.6218567,1.094765864169549,2.3199975149972096,4.114851739064473,0.3907031184216203,0.9753044454296024,0.4052234912665242,0.2231336295210423,2.0188639161402264,1.325971262498943,1.3719777931185702,0.7631587125338697,0.1486131147843419,89.7025754909355,2.4338182002796915,97.21669980119285,90.05964214711729,60.63618290258449,77.33598409542743,73.87673956262425,87.44532803180915,93.51888667992048,71.45129224652088,86.28230616302187,86.28636092881521,10.5506958250497,True,-0.5190242909815734,False,False,True,True,False,True,STRESS,0.448,STRESS,RISK_ON,0.156,0.93,0.907,Consumer Non-Durables,76.5,79.5,79.5,79.5,79.5,88.9,REJECTED,STRESS,0.448,0.136,0.2125,0.136,0.1105,0.255,85.8,True,True,🎯 UYGUN GİRİŞ BÖLGESİ,⭐,İşlem Açma,0.0,16.0,118.0,-0.2104737256454074,0.0084745762711864,-0.3645033970273883,-1.031861359948116,4.087195823288287,-0.8187683212384167,23.165322580645164,0.15,True,"WMT, BRK-B, COST",
2026-09-28,ABBV,264.3299865722656,267.739990234375,263.3800048828125,266.2799987792969,4421300.0,0.7339042401008689,1177303758.6029053,1055483341.5,1.085295864814842,4.914283752441406,3.149331310980785,4.70685335979586,1.0684803372140348,0.620843281204172,-0.2895919649917778,-0.2055463746343948,-0.3338063493227673,0.7528639170779454,0.3829156984069211,0.0881512643628418,66.51384494778398,1.2529285310824425,88.07157057654076,87.47514910536779,69.18489065606362,76.1431411530815,77.41550695825049,52.03777335984096,82.50497017892644,60.079522862823055,85.08946322067594,80.26768668165712,25.884691848906563,True,-0.5190242909815734,False,False,True,True,False,True,STRESS,0.448,STRESS,RISK_ON,0.156,0.93,0.907,Health Technology,76.2,79.2,79.2,79.2,79.2,88.9,REJECTED,STRESS,0.448,0.136,0.2125,0.136,0.1105,0.255,69.4,True,True,NORMAL GİRİŞ,⭐,İşlem Açma,0.0,6.0,26.0,0.0437365763274205,0.1923076923076923,4.8685302116231455,8.840644935212005,-2.484700954424468,1.026882474016655,90.54435483870968,0.15,True,"Health Technology · LLY, JNJ, TMO",
2026-09-28,MAR,351.95001220703125,359.6300048828125,349.67999267578125,358.57000732421875,1696300.0,1.8577986443201189,608242303.4240723,511400046.1212158,1.054093521826938,7.41571044921875,1.328173432113133,-4.350723611764096,1.3848384874283,0.5030651624588112,0.379973721681325,1.0862411488117174,0.6081181061112393,1.336344011528115,0.7322108808067673,0.0932034350624453,89.34677127486643,2.3768229353016923,96.62027833001989,83.1013916500994,48.111332007952285,71.37176938369781,63.856858846918485,83.54870775347912,90.37773359840956,70.73558648111332,67.19681908548708,82.19113836009102,25.155069582504968,True,-0.5190242909815734,False,False,True,True,False,True,STRESS,0.448,STRESS,RISK_ON,0.156,0.93,0.907,Consumer Services,76.2,79.2,79.2,79.2,79.2,88.9,REJECTED,STRESS,0.448,0.136,0.2125,0.136,0.1105,0.255,79.8,True,True,🎯 UYGUN GİRİŞ BÖLGESİ,⭐,İşlem Açma,0.0,5.0,58.0,-0.1344888979117103,0.0517241379310344,2.951486161549844,0.7464781743023456,3.394854437630901,-6.381485271611275,50.77620967741935,0.15,True,"HD, DE, LOW",
2026-09-28,CRWD,248.91000366210935,260.6849975585937,246.50999450683597,259.25,8944100.0,2.823938039622376,2318757925.0,2557134758.5,0.7305755178255493,12.626999991280693,13.726092296894189,39.58622174960629,4.6511352058733575,1.3653907744790663,-0.0856485910324551,0.4145003877880504,-0.1847034293374994,1.2490376159721397,0.7668959700658685,0.2029543575378253,89.87656261269164,3.342962330603949,99.60238568588468,97.4155069582505,96.62027833001989,18.48906560636183,96.97813121272368,57.783300198807154,94.47316103379724,30.258449304174952,95.2286282306163,89.29580735470853,52.84493041749503,True,-0.5190242909815734,False,False,True,True,False,True,STRESS,0.448,STRESS,RISK_ON,0.156,0.93,0.907,Technology Services,75.5,78.5,78.5,78.5,78.5,88.9,REJECTED,STRESS,0.448,0.136,0.2125,0.136,0.1105,0.255,70.8,True,True,🎯 UYGUN GİRİŞ BÖLGESİ,⭐,İşlem Açma,0.0,3.0,98.0,0.0280415811195512,0.0510204081632653,1.926375573838679,8.561067407099477,3.747197859291529,-3.319429408792418,67.61088709677419,0.15,True,"Electronic Technology · MU, NVDA, SNDK",
2026-09-28,A,170.0,176.02000427246094,169.5,175.2100067138672,2141700.0,1.4005518385123985,375247271.37908936,396271667.0611572,0.8340213090750491,4.919287545340402,11.110410751390187,31.905448101985368,2.0130299337684723,0.8101416226447855,0.0231232001110272,0.8146287712130361,-0.157958713329818,1.2313931178549478,0.7729301770439627,0.4022339408260144,87.57673270223148,1.919576129493972,93.24055666003976,96.62027833001989,95.6262425447316,34.59244532803181,96.07355864811134,65.57654075546719,95.9840954274354,42.067594433399606,55.069582504970185,87.72487008930862,48.43737574552684,True,-0.5190242909815734,False,False,True,True,False,True,STRESS,0.448,STRESS,RISK_ON,0.156,0.93,0.907,Health Technology,75.3,78.3,78.3,78.3,78.3,88.9,REJECTED,STRESS,0.448,0.136,0.2125,0.136,0.1105,0.255,67.9,True,True,🎯 UYGUN GİRİŞ BÖLGESİ,⭐,İşlem Açma,0.0,6.0,26.0,0.0437365763274205,0.1923076923076923,4.8685302116231455,8.840644935212005,5.029118426895717,-6.486936907303531,78.77016129032258,0.15,True,"Health Technology · LLY, JNJ, TMO",
2026-09-28,APH,84.16000366210938,85.70999908447266,82.5199966430664,84.62000274658203,13923300.0,0.6302847327543271,1178189684.2414856,934782074.1119384,1.1542804369308723,2.834285191127232,4.870495410313591,1.6945111724336437,2.45064613143358,1.2574774557353734,0.5377074592708069,0.593042060008942,-1.0057472979850235,0.6313988273058878,0.239029584808189,0.0511958412107952,65.83086195350617,1.1493090237359005,85.48707753479125,91.25248508946322,64.01590457256461,82.90258449304176,76.27236580516899,62.03777335984096,78.09145129224652,80.1192842942346,83.89662027833002,78.38129693093708,54.74950298210736,True,-0.5190242909815734,False,False,True,True,False,True,STRESS,0.448,STRESS,RISK_ON,0.156,0.93,0.907,Electronic Technology,75.2,78.2,78.2,78.2,78.2,88.9,REJECTED,STRESS,0.448,0.136,0.2125,0.136,0.1105,0.255,74.8,True,True,NORMAL GİRİŞ,⭐,İşlem Açma,0.0,3.0,98.0,0.0280415811195512,0.0510204081632653,1.926375573838679,8.561067407099477,4.608395734958581,-4.180627284459471,66.82459677419354,0.15,True,"Electronic Technology · MU, NVDA, SNDK",
2026-09-28,MTD,1488.969970703125,1545.449951171875,1485.02001953125,1545.260009765625,185000.0,2.224074170529722,285873101.8066406,257403614.58129883,0.8456949555438733,44.73359026227679,9.793019899576173,22.754653764658865,2.0248705719730364,0.8405579210882902,0.2111686143742084,0.958024916763756,0.5719814452148559,1.9796760784869585,0.9657142222276088,0.0361386059790549,99.68568323495784,2.743098461511295,98.80715705765408,95.82504970178928,92.44532803180915,37.57455268389662,93.9662027833002,75.44731610337972,88.66799204771371,47.19681908548708,34.39363817097416,90.31946295570252,56.09343936381709,True,-0.5190242909815734,False,False,True,True,False,True,STRESS,0.448,STRESS,RISK_ON,0.156,0.93,0.907,Health Technology,74.2,77.2,77.2,77.2,77.2,88.9,REJECTED,STRESS,0.448,0.136,0.2125,0.136,0.1105,0.255,65.6,False,False,🎯 UYGUN GİRİŞ BÖLGESİ,⭐,İşlem Açma,0.0,6.0,26.0,0.0437365763274205,0.1923076923076923,4.8685302116231455,8.840644935212005,4.861628848519027,-6.319447328926841,78.93145161290323,0.15,True,"Health Technology · LLY, JNJ, TMO",
2026-09-28,AMGN,411.5199890136719,419.0199890136719,410.9599914550781,418.1300048828125,2761800.0,0.8489953584367438,1154791447.4853516,1034359092.0,0.9008283197617624,9.177854265485491,-4.315887118054762,15.970047117684793,2.8251818521301004,1.0353490209595355,0.2863679733209323,-0.6685973210050092,-0.5744850668586016,1.2598193124247872,0.7975837719132179,0.065516173159073,88.95800992010905,1.3680196494183172,89.06560636182903,58.8469184890656,86.67992047713717,45.92445328031809,74.15506958250498,41.918489065606366,87.67395626242543,53.558648111332005,84.49304174950298,82.7526598389294,51.86878727634196,True,-0.5190242909815734,False,False,True,True,False,True,STRESS,0.448,STRESS,RISK_ON,0.156,0.93,0.907,Health Technology,74.1,77.1,77.1,77.1,77.1,88.9,REJECTED,STRESS,0.448,0.136,0.2125,0.136,0.1105,0.255,66.5,True,True,NORMAL GİRİŞ,⭐,İşlem Açma,0.0,6.0,26.0,0.0437365763274205,0.1923076923076923,4.8685302116231455,8.840644935212005,3.185827054691293,-4.643645535099106,80.0,0.15,True,"Health Technology · LLY, JNJ, TMO",
2026-09-28,EL,92.91999816894533,95.8499984741211,91.63999938964844,95.56999969482422,3564600.0,1.1643891816527585,340668820.9121704,281265344.12384033,1.1700121609579093,3.092857905796596,-10.017889374988965,20.41073414996122,2.109682761239405,0.7743689506298174,0.6991842733195764,0.9433098720751888,-0.6770970719263296,1.5035087577817838,0.7600955396121513,-0.0463126141445433,93.34919619508784,1.683413472634332,91.65009940357854,22.46520874751491,90.4572564612326,84.89065606361828,59.86083499005965,73.06163021868787,80.0,83.85685884691848,37.97216699801193,86.62120192567181,55.22266401590457,True,-0.5190242909815734,False,False,True,True,False,True,STRESS,0.448,STRESS,RISK_ON,0.156,0.93,0.907,Consumer Non-Durables,73.6,76.6,76.6,76.6,76.6,88.9,REJECTED,STRESS,0.448,0.136,0.2125,0.136,0.1105,0.255,70.3,True,True,🎯 UYGUN GİRİŞ BÖLGESİ,⭐,İşlem Açma,0.0,5.0,58.0,-0.1344888979117103,0.0517241379310344,2.951486161549844,0.7464781743023456,-2.047482215639218,-0.9391486183411568,59.52620967741935,0.15,True,"HD, DE, LOW",
2026-09-28,PGR,205.8999938964844,209.7899932861328,204.97000122070312,209.47000122070312,3548300.0,1.9318740733348605,743262405.3314209,457069460.0906372,1.3632783534465205,4.441428048270089,-3.758327029311681,-4.7257340031369495,1.366290985976096,0.58420953416985,0.8915931564347792,0.4716272305579082,0.0630831001792894,1.500222541253291,0.8102726325886483,-0.0100285949687555,93.36114953954473,2.450898364316434,97.4155069582505,61.63021868787276,47.31610337972167,92.44532803180915,53.75745526838966,79.62226640159045,84.09542743538768,90.45725646123262,63.22067594433399,83.30032966568412,32.186878727634195,True,-0.5190242909815734,False,False,True,True,False,True,STRESS,0.448,STRESS,RISK_ON,0.156,0.93,0.907,Finance,73.6,76.6,76.6,76.6,76.6,88.9,REJECTED,STRESS,0.448,0.136,0.2125,0.136,0.1105,0.255,79.9,True,True,🎯 UYGUN GİRİŞ BÖLGESİ,⭐,İşlem Açma,0.0,16.0,118.0,-0.2104737256454074,0.0084745762711864,-0.3645033970273883,-1.031861359948116,0.7626282843315182,2.505799217718352,29.1733870967742,0.15,True,"WMT, BRK-B, COST",
2026-09-28,FERG,221.3000030517578,227.94000244140625,220.0399932861328,227.3000030517578,2127600.0,2.047228807639456,483603486.4929199,302013940.66238403,1.5439151557811552,5.2507138933454245,-2.555087433868719,-4.739950944320103,1.508668199079562,0.7187562834456751,0.5637437492007122,1.4584967293548408,0.0910576822979747,1.6779889742588938,0.8026580200295519,-0.0762181382144397,91.89875129168396,2.5662530986210297,97.8131212723658,68.19085487077535,46.91848906560636,96.62027833001989,56.491053677932406,85.8548707753479,76.18290258449305,88.98608349900597,42.34592445328032,83.1729765208185,46.82107355864811,True,-0.5190242909815734,False,False,True,True,False,True,STRESS,0.448,STRESS,RISK_ON,0.156,0.93,0.907,Distribution Services,73.4,76.4,76.4,76.4,76.4,88.9,REJECTED,STRESS,0.448,0.136,0.2125,0.136,0.1105,0.255,74.9,True,True,🎯 UYGUN GİRİŞ BÖLGESİ,⭐,İşlem Açma,0.0,5.0,58.0,-0.1344888979117103,0.0517241379310344,2.951486161549844,0.7464781743023456,3.915088756380936,-6.90171959036131,50.35282258064516,0.15,True,"HD, DE, LOW",
2026-09-28,WBD,30.850000381469727,30.899999618530277,30.84000015258789,30.899999618530277,43547900.0,0.1296144114958153,1345630093.3877945,657421988.1697273,1.0727936030334302,0.4692862374441964,6.994458512916468,13.896054620458065,2.5152166972296746,0.5652206048154175,1.162251675350958,-2.979538362695303,-1.1440799304884732,1.7547214233276165,0.9249976157929872,0.319783440152972,100.0,0.6486387024773888,73.1610337972167,93.63817097415506,84.49304174950298,74.95029821073558,88.60834990059641,33.49900596421471,99.44333996023856,81.47117296222663,74.55268389662028,81.89662027833002,34.98210735586481,True,-0.5190242909815734,False,False,True,True,False,True,STRESS,0.448,STRESS,RISK_ON,0.156,0.93,0.907,Consumer Services,73.4,76.4,76.4,76.4,76.4,88.9,REJECTED,STRESS,0.448,0.136,0.2125,0.136,0.1105,0.255,71.1,True,True,NORMAL GİRİŞ,⭐,İşlem Açma,0.0,7.0,2.0,,,,,,,50.0,0.15,True,"Consumer Services · WBD, PSKY",
2026-09-28,GWW,1240.97998046875,1257.81005859375,1236.2900390625,1255.68994140625,365500.0,1.0152280774595068,458954673.5839844,327567756.2866211,1.3732083482050608,23.7943115234375,-4.94974252836694,-7.21205791764884,1.2402305312802906,0.4307238854007972,1.2451128662090465,-0.1675964513483482,-0.3390581976622193,1.4102755924996269,0.7492262836657364,-0.0291232152110905,90.1481632745672,1.5342523684410805,90.05964214711729,55.069582504970185,38.36978131212724,92.84294234592446,45.88469184890657,66.33200795228628,80.83499005964214,92.5248508946322,47.713717693836976,77.25338491592589,26.26838966202784,True,-0.5190242909815734,False,False,True,True,False,True,STRESS,0.448,STRESS,RISK_ON,0.156,0.93,0.907,Distribution Services,72.9,75.9,75.9,75.9,75.9,88.9,REJECTED,STRESS,0.448,0.136,0.2125,0.136,0.1105,0.255,72.2,True,True,🎯 UYGUN GİRİŞ BÖLGESİ,⭐,İşlem Açma,0.0,5.0,58.0,-0.1344888979117103,0.0517241379310344,2.951486161549844,0.7464781743023456,-2.977789286446275,-0.0088415475340997,60.917338709677416,0.15,True,"HD, DE, LOW",
2026-09-28,IQV,266.5199890136719,272.75,265.9700012207031,270.9700012207031,1595000.0,0.221920373692197,432197151.9470215,349306201.0984497,0.9774152728030372,6.587854657854352,3.2738780473752227,40.195571823625365,1.590726292306264,0.7270564536920461,0.528718236540315,0.2542201001747515,-1.1821033753204435,0.8651429042243354,0.5565644312611684,0.0560722116840335,73.74632596200156,0.7409446646737705,74.95029821073558,88.27037773359841,97.21669980119285,61.23260437375746,93.19085487077535,50.97415506958251,81.82902584493041,66.79920477137178,50.89463220675944,79.31002027015643,45.07554671968191,True,-0.5190242909815734,False,False,True,True,False,True,STRESS,0.448,STRESS,RISK_ON,0.156,0.93,0.907,Health Technology,72.9,75.9,75.9,75.9,75.9,88.9,REJECTED,STRESS,0.448,0.136,0.2125,0.136,0.1105,0.255,63.4,True,True,NORMAL GİRİŞ,⭐,İşlem Açma,0.0,6.0,26.0,0.0437365763274205,0.1923076923076923,4.8685302116231455,8.840644935212005,-2.761395229816277,1.3035767494084638,90.96774193548389,0.15,True,"Health Technology · LLY, JNJ, TMO",
2026-09-28,HLT,312.6000061035156,321.7200012207031,311.239990234375,320.2799987792969,1913000.0,2.012997673661565,612695637.6647949,523554693.4768677,1.1242558343177185,6.060723440987723,-1.658069645266258,-3.686774890450217,1.1496391082881086,0.4893023381810718,0.1751356024407838,1.9925042049416373,1.022632515090225,1.4378710742118606,0.7286251961946251,-0.0997314796955711,86.25953309319209,2.5320219646431386,97.61431411530816,72.16699801192843,50.29821073558648,80.51689860834989,60.13916500994036,86.52087475149106,71.84890656063618,72.48508946322067,68.389662027833,81.3476232894385,24.854870775347912,True,-0.5190242909815734,False,False,True,True,False,True,STRESS,0.448,STRESS,RISK_ON,0.156,0.93,0.907,Consumer Services,72.8,75.8,75.8,75.8,75.8,88.9,REJECTED,STRESS,0.448,0.136,0.2125,0.136,0.1105,0.255,75.7,True,True,🎯 UYGUN GİRİŞ BÖLGESİ,⭐,İşlem Açma,0.0,5.0,58.0,-0.1344888979117103,0.0517241379310344,2.951486161549844,0.7464781743023456,3.0503252630164512,-6.036956096996827,50.97782258064516,0.15,True,"HD, DE, LOW",
2026-09-28,GILD,149.8000030517578,152.74000549316406,149.41000366210938,152.2100067138672,5076500.0,0.8480846088925409,772694099.0829468,774128844.8905945,0.8604908179281775,3.375713893345424,2.250441162076555,20.486033969656603,1.2748227225692357,0.6869081210309835,-0.608761986453187,-0.0544497871779953,-0.4163656496148758,0.956608795247156,0.7006014159048732,0.144532989127121,84.08412949343598,1.3671088998741143,88.86679920477137,85.48707753479125,90.85487077534792,39.56262425447317,88.43936381709742,44.930417495029815,87.95228628230618,32.6441351888668,78.72763419483101,83.62213064318057,31.43538767395626,True,-0.5190242909815734,False,False,True,True,False,True,STRESS,0.448,STRESS,RISK_ON,0.156,0.93,0.907,Health Technology,72.7,75.7,75.7,75.7,75.7,88.9,REJECTED,STRESS,0.448,0.136,0.2125,0.136,0.1105,0.255,62.1,True,True,NORMAL GİRİŞ,⭐,İşlem Açma,0.0,6.0,26.0,0.0437365763274205,0.1923076923076923,4.8685302116231455,8.840644935212005,-2.0693623664718497,0.6115438860640365,89.85887096774194,0.15,True,"Health Technology · LLY, JNJ, TMO",
2026-09-28,WAB,288.8800048828125,293.0599975585937,287.0899963378906,292.3699951171875,789500.0,1.5173594156901116,230826111.14501956,220353946.97265625,1.0041527024362944,5.978570120675223,-1.6516431925499453,8.97129896279818,1.213215856138142,0.7385587462717247,-0.1473908192920186,0.244643291212705,0.7382611904690733,1.3039273739779669,0.6859284345047924,0.2114015764903269,88.44217252396166,2.036383706671685,94.03578528827038,72.36580516898609,77.33598409542743,65.4075546719682,75.09940357852884,68.75745526838966,95.18886679920476,56.58051689860835,27.435387673956264,86.33030075140212,43.89463220675944,True,-0.5190242909815734,False,False,True,True,False,True,STRESS,0.448,STRESS,RISK_ON,0.156,0.93,0.907,Producer Manufacturing,72.6,75.6,75.6,75.6,75.6,88.9,REJECTED,STRESS,0.448,0.136,0.2125,0.136,0.1105,0.255,66.0,False,False,🎯 UYGUN GİRİŞ BÖLGESİ,⭐,İşlem Açma,0.0,3.0,98.0,0.0280415811195512,0.0510204081632653,1.926375573838679,8.561067407099477,2.949292724533581,-2.52152427403447,68.55846774193549,0.15,True,"Electronic Technology · MU, NVDA, SNDK",
2026-09-28,JNJ,270.1700134277344,273.7799987792969,269.2699890136719,271.95001220703125,7185600.0,0.2691582416645133,1954124007.714844,1636005034.880249,1.13316002242476,4.802143641880581,2.325323477830943,5.199029904851371,0.946259479521356,0.7122169735352502,0.2345782296215562,-0.1114871164929385,-1.0371784481009905,0.4920306100872919,0.2812675932441942,-0.0699125255406841,59.42388891896281,0.7881825326460867,76.34194831013916,85.6858846918489,69.58250497017893,81.70974155069582,76.82902584493041,48.44930417495029,64.13518886679921,74.31411530815109,90.65606361829026,73.00103700322829,30.46322067594433,True,-0.5190242909815734,False,False,True,True,False,True,STRESS,0.448,STRESS,RISK_ON,0.156,0.93,0.907,Health Technology,72.5,75.5,75.5,75.5,75.5,88.9,REJECTED,STRESS,0.448,0.136,0.2125,0.136,0.1105,0.255,66.8,True,True,NORMAL GİRİŞ,⭐,İşlem Açma,0.0,6.0,26.0,0.0437365763274205,0.1923076923076923,4.8685302116231455,8.840644935212005,-2.2449479175067237,0.7871294370989101,90.14112903225806,0.15,True,"Health Technology · LLY, JNJ, TMO",
2026-09-28,BIIB,225.8699951171875,230.4900054931641,225.50999450683597,228.69000244140625,1316600.0,0.4789087472145681,301093257.21435547,192525434.34677124,1.405632780304486,5.4585723876953125,3.2460507636145497,5.567097097080853,1.6317465492243233,0.7832673806377555,0.7243290662127091,-0.1474284583566648,-1.0639266384906447,0.7149855995882521,0.4072292183717867,0.0752709215743942,63.855440144621134,0.9979330381961417,81.51093439363817,88.07157057654076,70.17892644135189,93.43936381709742,78.23061630218689,53.06163021868787,80.95427435387674,89.22465208747515,20.87475149105368,78.85472890511818,55.80715705765408,True,-0.5190242909815734,False,False,True,True,False,True,STRESS,0.448,STRESS,RISK_ON,0.156,0.93,0.907,Health Technology,71.4,74.4,74.4,74.4,74.4,88.9,REJECTED,STRESS,0.448,0.136,0.2125,0.136,0.1105,0.255,62.2,False,False,NORMAL GİRİŞ,⭐,İşlem Açma,0.0,6.0,26.0,0.0437365763274205,0.1923076923076923,4.8685302116231455,8.840644935212005,1.2260110064878371,-2.6838294868956503,83.00403225806453,0.15,True,"Health Technology · LLY, JNJ, TMO",
2026-09-28,WST,366.5499877929688,378.4700012207031,366.5499877929688,375.6499938964844,562300.0,1.406433274144625,211227991.5679932,203110033.0,0.9220073294909528,9.363571166992188,8.54112915613985,5.912369994497668,1.3102652669623789,0.568795933316259,-0.1216604850494813,0.7691017130361075,0.4675010799341835,1.202721964794336,0.6333048298109296,0.0477950397600035,76.3422470845761,1.9254575651261985,93.43936381709742,95.2286282306163,72.16699801192843,51.88866799204771,82.54473161033798,71.95825049701789,84.81113320079524,49.50298210735586,23.061630218687878,82.43144140825882,40.28429423459245,True,-0.5190242909815734,False,False,True,True,False,True,STRESS,0.448,STRESS,RISK_ON,0.156,0.93,0.907,Health Technology,70.7,73.7,73.7,73.7,73.7,88.9,REJECTED,STRESS,0.448,0.136,0.2125,0.136,0.1105,0.255,61.5,False,False,🎯 UYGUN GİRİŞ BÖLGESİ,⭐,İşlem Açma,0.0,6.0,26.0,0.0437365763274205,0.1923076923076923,4.8685302116231455,8.840644935212005,0.668543249924014,-2.126361730331827,84.21370967741936,0.15,True,"Health Technology · LLY, JNJ, TMO",
2026-09-28,DDOG,257.0,272.7900085449219,255.5,268.70001220703125,3464800.0,0.2125861760484015,930991802.294922,831565305.4146118,0.9418134965723076,12.250215802873884,10.60799909728367,8.098327315054622,3.446206207185749,1.6068920711753474,-0.4066574246634787,1.0235887200475935,-1.2084442637151491,1.0906632963269762,0.5943035941534774,0.0695132696586665,76.34474079486867,0.731610467029975,74.75149105367794,96.22266401590456,75.3479125248509,55.46719681908549,84.74155069582505,49.34393638170974,85.60636182902584,45.92445328031809,81.51093439363817,75.15634286676323,58.6441351888668,True,-0.5190242909815734,False,False,True,True,False,True,STRESS,0.448,STRESS,RISK_ON,0.156,0.93,0.907,Technology Services,69.1,72.1,72.1,72.1,72.1,88.9,REJECTED,STRESS,0.448,0.136,0.2125,0.136,0.1105,0.255,66.0,True,True,NORMAL GİRİŞ,⭐,İşlem Açma,0.0,3.0,98.0,0.0280415811195512,0.0510204081632653,1.926375573838679,8.561067407099477,9.427972794713092,-9.00020434421398,65.43346774193549,0.15,True,"Electronic Technology · MU, NVDA, SNDK",
2026-09-28,STX,912.0999755859376,932.8699951171876,870.3800048828125,921.510009765625,3402300.0,0.5104536924561254,3135253506.225586,3056191238.1896973,0.9063374090945416,46.4114249093192,8.771247611617671,-4.854778915921553,3.4193322489264126,2.029281196118492,-0.7360019696214035,1.0565612139625224,-1.2621878840975014,0.8506070959588086,0.4177953305021508,0.1651116333703835,81.82111197496475,1.0294779834376988,81.90854870775348,95.6262425447316,46.52087475149106,49.10536779324055,68.6182902584493,45.41749502982108,87.55467196819086,36.85884691848906,96.22266401590456,72.54692233069726,55.958250497017886,True,-0.5190242909815734,False,False,True,True,False,True,STRESS,0.448,STRESS,RISK_ON,0.156,0.93,0.907,Electronic Technology,68.9,71.9,71.9,71.9,71.9,88.9,REJECTED,STRESS,0.448,0.136,0.2125,0.136,0.1105,0.255,66.5,True,True,NORMAL GİRİŞ,⭐,İşlem Açma,0.0,3.0,98.0,0.0280415811195512,0.0510204081632653,1.926375573838679,8.561067407099477,4.812610050380483,-4.384841599881373,66.5625,0.15,True,"Electronic Technology · MU, NVDA, SNDK",
2026-09-28,KR,59.02000045776367,60.27000045776367,58.5,59.68999862670898,12036000.0,1.6172913195377836,718428823.4710693,450913457.4523087,1.57021240788733,1.6692859104701452,4.8480566076040565,6.760863220727931,1.731575885449832,0.5470926709441654,1.9547334469193012,0.3433377758348016,-0.4550500332952868,0.6693675318788671,0.3598854513518464,-0.1193509252728871,67.23154344335607,2.136315610519357,94.63220675944332,91.05367793240556,74.35387673956262,97.21669980119285,81.86878727634195,74.75149105367792,59.80119284294234,97.53479125248508,62.82306163021869,84.34939688906724,39.620278330019886,True,-0.5190242909815734,False,False,True,True,False,True,STRESS,0.448,STRESS,RISK_ON,0.156,0.93,0.907,Retail Trade,68.6,71.6,71.6,71.6,71.6,88.9,REJECTED,STRESS,0.448,0.136,0.2125,0.136,0.1105,0.255,72.4,True,True,🎯 UYGUN GİRİŞ BÖLGESİ,⭐,İşlem Açma,0.0,16.0,118.0,-0.2104737256454074,0.0084745762711864,-0.3645033970273883,-1.031861359948116,2.0677565357299867,1.2006709663198831,26.532258064516128,0.15,True,"WMT, BRK-B, COST",
2026-09-28,KLAC,186.7100067138672,190.6999969482422,182.6999969482422,189.1699981689453,8704400.0,0.6651766774051548,1646611332.0617676,1663791436.365509,0.901495155877237,7.554289681570871,2.938454681909608,-32.04856562055198,3.006645276204761,1.8760104827408783,-0.559618404796393,0.7709647271755765,-0.9592360401465596,1.0480955832465846,0.4779996871948243,0.3032529772929328,80.87501525878906,1.1842009683867285,86.28230616302187,86.67992047713717,1.3916500994035783,46.52087475149106,39.7713717693837,48.47912524850894,93.12127236580515,37.29622266401591,90.85487077534792,65.06463870281728,55.25248508946322,True,-0.5190242909815734,False,False,True,True,False,True,STRESS,0.448,STRESS,RISK_ON,0.156,0.93,0.907,Electronic Technology,68.4,71.4,71.4,71.4,71.4,88.9,REJECTED,STRESS,0.448,0.136,0.2125,0.136,0.1105,0.255,68.1,True,False,NORMAL GİRİŞ,⭐,İşlem Açma,0.0,3.0,98.0,0.0280415811195512,0.0510204081632653,1.926375573838679,8.561067407099477,2.6034236939819544,-2.175655243482844,68.98185483870968,0.15,True,"Electronic Technology · MU, NVDA, SNDK",
2026-09-28,AME,249.00999450683597,252.69000244140625,248.8699951171875,251.6699981689453,1408400.0,0.3708992005292844,354452025.4211426,343080231.1645508,0.9453966954076032,5.257145472935268,3.283128070318586,5.868247589157538,1.4214416421885223,0.704693674118227,0.4614921352001391,-0.659637504468725,-1.0484998580000675,1.1346732757046667,0.5696326713215205,0.1975920076357863,73.29836867081023,0.8899234915108578,78.52882703777337,88.46918489065607,71.96819085487077,55.8648111332008,79.39363817097416,37.584493041749504,92.16699801192844,62.86282306163022,49.70178926441352,76.20558239392,40.11530815109344,True,-0.5190242909815734,False,False,True,True,False,True,STRESS,0.448,STRESS,RISK_ON,0.156,0.93,0.907,Producer Manufacturing,68.2,71.2,71.2,71.2,71.2,88.9,REJECTED,STRESS,0.448,0.136,0.2125,0.136,0.1105,0.255,61.4,True,True,NORMAL GİRİŞ,⭐,İşlem Açma,0.0,3.0,98.0,0.0280415811195512,0.0510204081632653,1.926375573838679,8.561067407099477,4.10469857647554,-3.6769301259764298,67.0866935483871,0.15,True,"Electronic Technology · MU, NVDA, SNDK",
2026-09-28,AMAT,482.2000122070313,487.4500122070313,471.3800048828125,486.760009765625,5955300.0,0.3628886114690699,2898801886.1572266,2738220083.1868286,0.9346316551877292,18.07785470145089,0.9121837975008208,-29.926291350105807,3.0874090819428006,1.899845567048032,-0.5309375067860546,0.1993938573710479,-1.212290100790085,1.230337274928299,0.6304602132241512,0.2662382614141034,95.70627176773988,0.8819129024506434,78.33001988071571,82.50497017892644,2.584493041749503,54.27435387673957,38.54870775347913,38.45924453280318,94.95029821073558,42.42544731610338,95.6262425447316,63.98414606345391,54.00198807157058,True,-0.5190242909815734,False,False,True,True,False,True,STRESS,0.448,STRESS,RISK_ON,0.156,0.93,0.907,Producer Manufacturing,68.1,71.1,71.1,71.1,71.1,88.9,REJECTED,STRESS,0.448,0.136,0.2125,0.136,0.1105,0.255,67.6,True,False,NORMAL GİRİŞ,⭐,İşlem Açma,0.0,3.0,98.0,0.0280415811195512,0.0510204081632653,1.926375573838679,8.561067407099477,4.627821043447177,-4.200052592948067,66.78427419354838,0.15,True,"Electronic Technology · MU, NVDA, SNDK",
2026-09-28,FTNT,170.6999969482422,176.91000366210938,169.55999755859375,176.3300018310547,2830800.0,1.654557250145694,499154969.1833496,639888803.7025452,0.6276669693250717,6.830001831054688,2.054637012996108,13.453868119324852,3.04058122440754,1.066589196996435,-1.4048752894958256,0.3654890995108864,0.1649101012043395,1.4277825296969042,0.8078909672195811,0.174387123311748,92.10882517801906,2.1735815411272674,95.2286282306163,84.69184890656064,84.09542743538768,5.964214711729622,84.3638170974155,49.50298210735586,95.14910536779324,4.3737574552683895,74.15506958250498,83.22579305458122,53.8131212723658,True,-0.5190242909815734,False,False,True,True,False,True,STRESS,0.448,STRESS,RISK_ON,0.156,0.93,0.907,Technology Services,68.0,71.0,71.0,71.0,71.0,88.9,REJECTED,STRESS,0.448,0.136,0.2125,0.136,0.1105,0.255,59.1,True,True,🎯 UYGUN GİRİŞ BÖLGESİ,⭐,İşlem Açma,0.0,3.0,98.0,0.0280415811195512,0.0510204081632653,1.926375573838679,8.561067407099477,0.4046274537733541,0.0231409967257567,73.69959677419354,0.15,True,"Electronic Technology · MU, NVDA, SNDK",
2026-09-28,NDSN,324.45001220703125,332.8999938964844,322.9200134277344,331.32000732421875,351500.0,1.703661631739184,116458982.57446288,99843480.44787598,0.9718670076726342,6.016427176339286,0.145087451402115,9.65051870671787,1.2442913721699402,0.579553079343989,0.0768765762039497,1.777748567813055,0.675201455255133,1.4149035347745185,0.685622767747933,0.073302957923874,84.16844023680218,2.2226859227207574,95.82504970178928,80.11928429423459,78.72763419483101,60.63618290258449,79.35387673956262,81.13320079522862,89.58250497017892,58.64811133200796,3.5785288270377733,86.30451797994263,44.359840954274354,True,-0.5190242909815734,False,False,True,True,False,True,STRESS,0.448,STRESS,RISK_ON,0.156,0.93,0.907,Industrials,68.0,71.0,71.0,71.0,71.0,88.9,REJECTED,STRESS,0.448,0.136,0.2125,0.136,0.1105,0.255,63.7,False,False,🎯 UYGUN GİRİŞ BÖLGESİ,⭐,İşlem Açma,0.0,5.0,58.0,-0.1344888979117103,0.0517241379310344,2.951486161549844,0.7464781743023456,4.150208488591733,-7.136839322572108,50.19153225806452,0.15,True,"HD, DE, LOW",
2026-09-28,ADI,395.4500122070313,396.0700073242188,388.1300048828125,395.4299926757813,3064400.0,0.464935605662653,1211755669.555664,1151180297.3815918,0.907761921336582,11.504287719726562,5.5831444717989065,0.93164344167167,2.0647777973555064,1.0464429155265886,-0.482098381534031,-0.8833885576506766,-0.8144477814981561,0.903274120743568,0.4601984026320442,0.2975313966614255,91.9393645888584,0.9839598966442265,80.9145129224652,92.04771371769384,61.82902584493042,49.30417495029821,75.42743538767397,27.98210735586481,90.97415506958252,40.55666003976143,86.08349900596421,76.45039769149022,47.620278330019886,True,-0.5190242909815734,False,False,True,True,False,True,STRESS,0.448,STRESS,RISK_ON,0.156,0.93,0.907,Electronic Technology,67.9,70.9,70.9,70.9,70.9,88.9,REJECTED,STRESS,0.448,0.136,0.2125,0.136,0.1105,0.255,61.0,True,True,NORMAL GİRİŞ,⭐,İşlem Açma,0.0,3.0,98.0,0.0280415811195512,0.0510204081632653,1.926375573838679,8.561067407099477,3.022306461934743,-2.594538011435632,68.47782258064517,0.15,True,"Electronic Technology · MU, NVDA, SNDK",
2026-09-28,EMR,156.63999938964844,160.1300048828125,156.57000732421875,159.38999938964844,2121300.0,0.7331123639204407,338114005.70526123,315210930.2839966,0.9472711196849128,3.603571210588728,1.0652459512069168,11.602016096939115,1.5669375478770955,0.910480640135764,-0.4233301852202651,0.218731702616954,-0.7082397236060581,1.1348953864155058,0.6689590584120562,0.0930402048466437,79.21331458844104,1.252136654902014,87.8727634194831,82.7037773359841,81.70974155069582,56.2624254473161,82.15705765407554,49.30417495029821,87.71371769383697,45.92445328031808,46.3220675944334,82.33385630973874,50.17097415506957,True,-0.5190242909815734,False,False,True,True,False,True,STRESS,0.448,STRESS,RISK_ON,0.156,0.93,0.907,Electronic Technology,67.7,70.7,70.7,70.7,70.7,88.9,REJECTED,STRESS,0.448,0.136,0.2125,0.136,0.1105,0.255,59.6,True,True,NORMAL GİRİŞ,⭐,İşlem Açma,0.0,3.0,98.0,0.0280415811195512,0.0510204081632653,1.926375573838679,8.561067407099477,4.832241463647414,-4.404473013148302,66.50201612903226,0.15,True,"Electronic Technology · MU, NVDA, SNDK",
2026-09-28,LIN,467.3800048828125,474.0499877929688,465.010009765625,472.0400085449219,1868800.0,0.457552582404408,882148367.96875,901884367.71698,0.9493981167493478,6.884998866489956,-2.7423491202386185,-7.6351096652209405,0.8402940179698593,0.2573905622686151,-0.193221750463495,1.0394604653477284,-0.576742647673195,1.1401890738717726,0.5373920573083701,0.0583536775764424,77.76566223980663,0.9765768733859814,80.71570576540755,66.99801192842942,37.17693836978131,56.66003976143141,50.59642147117296,62.48508946322068,85.44731610337972,50.29821073558648,82.90258449304176,68.94555230747966,8.536779324055665,True,-0.5190242909815734,False,False,True,True,False,True,STRESS,0.448,STRESS,RISK_ON,0.156,0.93,0.907,Process Industries,67.7,70.7,70.7,70.7,70.7,88.9,REJECTED,STRESS,0.448,0.136,0.2125,0.136,0.1105,0.255,71.0,True,False,NORMAL GİRİŞ,⭐,İşlem Açma,0.0,15.0,30.0,-0.1308529576753245,0.0333333333333333,-0.698864283433287,0.0804663215365764,5.580261366381112,-1.852471546486112,49.96975806451613,0.15,True,"Energy Minerals · XOM, CVX, VLO",
2026-09-28,DGX,234.2700042724609,238.1000061035156,233.80999755859372,237.6199951171875,1030800.0,0.5500963746946974,244938690.96679688,239628284.8587036,0.9353477609908808,5.968571254185268,-2.8576120693399765,11.747552256013694,1.6657826769094368,0.9554061796251186,0.2846608524310445,-0.5349382506893097,-0.5089203582270825,1.520601390771069,0.7783174462030944,0.146721833925704,88.81095500622443,1.0691206656762708,83.49900596421472,66.00397614314116,82.10735586481114,54.67196819085487,74.86083499005966,46.25248508946322,94.63220675944332,58.64811133200796,30.019880715705767,81.18825255827652,55.37773359840954,True,-0.5190242909815734,False,False,True,True,False,True,STRESS,0.448,STRESS,RISK_ON,0.156,0.93,0.907,Health Services,67.3,70.3,70.3,70.3,70.3,88.9,REJECTED,STRESS,0.448,0.136,0.2125,0.136,0.1105,0.255,60.0,False,False,NORMAL GİRİŞ,⭐,İşlem Açma,0.0,9.0,21.0,-0.0766607292329303,0.0,-0.006045672065269,-0.1080115499304419,-1.2554225306496525,3.8567601766400506,59.55645161290322,0.15,True,"Health Technology · BSX, MDT, ISRG",
2026-09-28,FDX,285.8500061035156,289.79998779296875,283.20001220703125,289.6499938964844,1890100.0,1.3293642511214898,547467453.4637451,501592105.0582886,1.128805410812667,7.043570382254464,-12.60070791572845,-10.98648005639693,1.7423335795132162,0.4864779004046782,0.8325955536558997,0.0608714284988444,0.0137067192694851,1.6806510911998076,0.7840919599755859,-0.1456620734182593,97.72735679804688,1.8483885421030632,92.84294234592446,11.928429423459244,27.435387673956264,81.31212723658051,20.457256461232603,71.08349900596421,66.60039761431412,83.22067594433399,66.99801192842942,72.50434601777685,33.538767395626245,True,-0.5190242909815734,False,False,True,True,False,True,STRESS,0.448,STRESS,RISK_ON,0.156,0.93,0.907,Transportation,67.0,70.0,70.0,70.0,70.0,88.9,REJECTED,STRESS,0.448,0.136,0.2125,0.136,0.1105,0.255,71.3,True,True,🎯 UYGUN GİRİŞ BÖLGESİ,⭐,İşlem Açma,0.0,4.0,10.0,-0.1381315028332713,0.0,1.8642427892004376,-4.648592127244914,-2.236791560995771,3.733629726302745,39.87399193548387,0.15,True,"Transportation · UNP, FDX, CSX",
2026-09-28,BSX,43.90999984741211,44.150001525878906,43.16999816894531,44.11000061035156,21764200.0,0.4326103126766512,960018875.2838136,925464679.6715928,1.0340400047796117,1.2907145363943917,-5.485321169163148,1.4489434460707606,2.4659056043240533,0.8033723062732427,0.4381503518431078,-0.7034652065724696,-1.0012513806054597,1.1100011185077974,0.596937937423609,-0.0758226366831423,95.91828790745107,0.9516346036582246,79.52286282306163,51.689860834990064,63.02186878727635,68.78727634194831,57.922465208747525,39.39363817097416,71.37176938369782,70.29821073558648,83.30019880715706,74.63854847265367,48.330019880715696,True,-0.5190242909815734,False,False,True,True,False,True,STRESS,0.448,STRESS,RISK_ON,0.156,0.93,0.907,Health Technology,66.0,69.0,69.0,69.0,69.0,88.9,REJECTED,STRESS,0.448,0.136,0.2125,0.136,0.1105,0.255,63.9,True,True,NORMAL GİRİŞ,⭐,İşlem Açma,0.0,9.0,21.0,-0.0766607292329303,0.0,-0.006045672065269,-0.1080115499304419,2.601337645990398,0.0,51.27016129032258,0.15,True,"Health Technology · BSX, MDT, ISRG",
2026-09-28,SHW,325.7300109863281,333.3099975585937,323.3800048828125,332.7900085449219,1456500.0,1.1212404658071051,484708647.4456787,525889049.9846192,0.8470263936099375,7.677143641880581,-3.597807553395937,-3.343012330838846,1.4522592487470958,0.8747683876041208,-0.6574506554462102,0.8837627492128582,-0.0075710983643996,1.7421838746710592,0.8123376543551353,0.0222263635546642,94.7634501791718,1.6402647567886786,91.05367793240556,63.22067594433399,51.689860834990064,37.97216699801193,56.87872763419483,61.52087475149104,87.19681908548708,31.21272365805169,68.78727634194831,76.40875058451756,42.29224652087475,True,-0.5190242909815734,False,False,True,True,False,True,STRESS,0.448,STRESS,RISK_ON,0.156,0.93,0.907,Process Industries,66.0,69.0,69.0,69.0,69.0,88.9,REJECTED,STRESS,0.448,0.136,0.2125,0.136,0.1105,0.255,64.6,True,True,🎯 UYGUN GİRİŞ BÖLGESİ,⭐,İşlem Açma,0.0,5.0,58.0,-0.1344888979117103,0.0517241379310344,2.951486161549844,0.7464781743023456,2.3246439724397217,-5.311274806420096,51.5625,0.15,True,"HD, DE, LOW",
2026-09-28,AMP,491.5899963378906,497.760009765625,489.3900146484375,496.1600036621094,724900.0,0.6409743736530249,359666386.6546631,332639532.9345703,1.133887581045041,15.962855747767858,-10.725659236355078,11.049934793103988,1.7966294288011702,0.5849381277027438,0.9282270465494552,-1.3996534400756395,-0.8327977328414956,1.0902745004725645,0.5854237461169367,-0.1228502514005991,80.88402584333572,1.1599986646345983,85.88469184890656,19.681908548707757,80.51689860834989,81.90854870775348,53.141153081510936,40.98409542743539,65.00994035785288,84.37375745526839,49.10536779324055,78.82001292230574,45.12922465208747,True,-0.5190242909815734,False,False,True,True,False,True,STRESS,0.448,STRESS,RISK_ON,0.156,0.93,0.907,Finance,65.9,68.9,68.9,68.9,68.9,88.9,REJECTED,STRESS,0.448,0.136,0.2125,0.136,0.1105,0.255,58.5,True,True,NORMAL GİRİŞ,⭐,İşlem Açma,0.0,2.0,35.0,-0.113706142892541,0.0571428571428571,-2.0972182618281487,-1.937988913512056,-3.583977416841832,2.9957396275022585,63.31653225806451,0.15,True,"Finance · JPM, BAC, GS",
2026-09-28,INCY,123.31999969482422,126.13999938964844,122.52999877929688,124.81999969482422,1429400.0,0.7506661633364109,178417707.56378174,176342313.4918213,0.9457362802407016,3.242857251848493,-2.285893459508204,8.860980023394571,1.5968257831876898,0.7537702272766716,-0.0798002491488242,0.4691157398583443,-0.6681607846209836,0.5929570540199582,0.3347646723165036,-0.0196763188139117,63.43491768286239,1.2696904543179843,88.27037773359841,68.78727634194831,76.73956262425448,56.06361829025845,73.1610337972167,57.27634194831013,72.2465208747515,52.88270377733599,17.09741550695825,77.72321343826636,56.53479125248509,True,-0.5190242909815734,False,False,True,True,False,True,STRESS,0.448,STRESS,RISK_ON,0.156,0.93,0.907,Health Technology,65.8,68.8,68.8,68.8,68.8,88.9,REJECTED,STRESS,0.448,0.136,0.2125,0.136,0.1105,0.255,52.9,False,False,NORMAL GİRİŞ,⭐,İşlem Açma,0.0,6.0,26.0,0.0437365763274205,0.1923076923076923,4.8685302116231455,8.840644935212005,-3.028896674312997,1.5710781939051843,91.47177419354838,0.15,True,"Health Technology · LLY, JNJ, TMO",
2026-09-28,EME,761.260009765625,774.5399780273438,752.25,765.52001953125,381100.0,0.4342631903510252,291739679.4433594,253150417.60021973,1.0635002581311306,23.997846330915177,-1.2283211793907345,-6.003116424006327,1.899844234454465,1.0045359047454023,0.0184285180169503,0.143801843435241,-0.8766008211989418,0.5185610139327774,0.190872236780495,0.1444635276642265,59.53356936902894,0.9532874813325988,79.72166998011929,74.75149105367794,43.141153081510936,73.1610337972167,57.365805168986086,51.86878727634195,82.10735586481113,65.04970178926442,33.59840954274354,69.5627008732846,60.407554671968185,True,-0.5190242909815734,False,False,True,True,False,True,STRESS,0.448,STRESS,RISK_ON,0.156,0.93,0.907,Industrial Services,65.7,68.7,68.7,68.7,68.7,88.9,REJECTED,STRESS,0.448,0.136,0.2125,0.136,0.1105,0.255,59.9,False,False,NORMAL GİRİŞ,⭐,İşlem Açma,0.0,3.0,98.0,0.0280415811195512,0.0510204081632653,1.926375573838679,8.561067407099477,0.807614566106285,-0.3798461156071742,72.53024193548387,0.15,True,"Electronic Technology · MU, NVDA, SNDK",
2026-09-28,CRL,289.1300048828125,296.8800048828125,289.1300048828125,294.5899963378906,900000.0,0.5975959643097273,265130996.7041016,255309382.81707764,0.9335179624414608,9.94856916155134,-0.6140156074725511,30.598038896081327,2.295560314003774,0.8003803642818952,0.037830309189231,-0.5077477717771008,-0.813151479511739,1.0806524588848436,0.541998291015625,-0.0395995422744341,70.45150264616935,1.1166202552913007,84.49304174950298,77.9324055666004,94.831013916501,53.87673956262425,87.22664015904573,40.01988071570576,75.86481113320079,53.79721669980119,33.79721669980119,80.98849022485551,59.1013916500994,True,-0.5190242909815734,False,False,True,True,False,True,STRESS,0.448,STRESS,RISK_ON,0.156,0.93,0.907,Commercial Services,65.4,68.4,68.4,68.4,68.4,88.9,REJECTED,STRESS,0.448,0.136,0.2125,0.136,0.1105,0.255,52.3,False,False,NORMAL GİRİŞ,⭐,İşlem Açma,0.0,6.0,26.0,0.0437365763274205,0.1923076923076923,4.8685302116231455,8.840644935212005,2.418747165261148,-3.876565645668961,80.80645161290323,0.15,True,"Health Technology · LLY, JNJ, TMO",
2026-09-28,MLM,481.0400085449219,493.7099914550781,476.8200073242188,490.7699890136719,803800.0,1.335949077799481,394480917.1691895,429009242.237854,0.9120255067596316,13.201431274414062,-7.154885825749291,-15.56354816274592,1.5822572814633906,0.8451430016720318,0.6405305775596829,1.0492837296035933,-0.3541563571680619,1.409753711636065,0.6177613736356065,-0.1395889653059679,82.59321963461986,1.8549733687810543,93.04174950298211,38.9662027833002,15.109343936381707,50.29821073558648,25.84493041749503,73.32007952286283,65.84493041749504,62.38568588469184,59.04572564612326,66.59331798731884,50.21073558648112,True,-0.5190242909815734,False,False,True,True,False,True,STRESS,0.448,STRESS,RISK_ON,0.156,0.93,0.907,Non-Energy Minerals,65.2,68.2,68.2,68.2,68.2,88.9,REJECTED,STRESS,0.448,0.136,0.2125,0.136,0.1105,0.255,66.0,True,False,🎯 UYGUN GİRİŞ BÖLGESİ,⭐,İşlem Açma,0.0,5.0,58.0,-0.1344888979117103,0.0517241379310344,2.951486161549844,0.7464781743023456,-3.029413436898587,0.0427826029182121,61.34072580645161,0.15,True,"HD, DE, LOW",
2026-09-28,VLO,389.1099853515625,395.8500061035156,385.0,389.5700073242188,3560400.0,0.6172877456606773,1387025054.0771484,1366720232.0465088,0.9013910496354968,17.443577357700892,12.400821525208116,46.27891533651951,2.1492662063281065,1.0319433330408012,0.6574235850065935,-1.5811351491746526,-1.0221382208598613,-0.367829091503872,-0.0676023041461692,0.1009078056017576,42.11985947858568,1.1363120366422508,84.89065606361828,96.81908548707754,98.2107355864811,46.12326043737575,97.58449304174952,30.41749502982108,68.58846918489066,60.039761431411534,89.46322067594433,78.37401378086055,51.441351888668,True,-0.5190242909815734,False,False,True,True,False,True,STRESS,0.448,STRESS,RISK_ON,0.156,0.93,0.907,Energy Minerals,65.2,68.2,68.2,68.2,68.2,88.9,REJECTED,STRESS,0.448,0.136,0.2125,0.136,0.1105,0.255,59.6,True,True,NORMAL GİRİŞ,⭐,İşlem Açma,0.0,15.0,30.0,-0.1308529576753245,0.0333333333333333,-0.698864283433287,0.0804663215365764,1.4612925962363188,2.266497223658681,56.13911290322581,0.15,True,"Energy Minerals · XOM, CVX, VLO",
2026-09-28,ZBRA,370.30999755859375,374.7200012207031,363.9400024414063,371.8699951171875,638500.0,0.4945374905436672,237438991.88232425,192785838.8092041,1.1159465883668904,10.453565325055804,2.979700123836926,45.36960834884778,1.8760021836333285,0.6937616104514006,-0.0114686046615016,0.2498244882298521,-0.9764776316861468,0.6148304479049069,0.3243035168823375,0.085964236873326,73.56209252092776,1.013561781525241,81.70974155069582,86.87872763419483,97.8131212723658,79.72166998011929,92.89264413518887,52.693836978131216,80.79522862823062,68.42942345924453,21.07355864811133,84.13851541511464,54.62624254473161,True,-0.5190242909815734,False,False,True,True,False,True,STRESS,0.448,STRESS,RISK_ON,0.156,0.93,0.907,Electronic Technology,64.9,67.9,67.9,67.9,67.9,88.9,REJECTED,STRESS,0.448,0.136,0.2125,0.136,0.1105,0.255,57.9,False,False,NORMAL GİRİŞ,⭐,İşlem Açma,0.0,5.0,58.0,-0.1344888979117103,0.0517241379310344,2.951486161549844,0.7464781743023456,4.745952075434157,-7.732582909414532,49.98991935483871,0.15,True,"HD, DE, LOW",
2026-09-28,HST,22.420000076293945,22.899999618530277,22.36000061035156,22.65999984741211,9418300.0,1.0704717676247144,213418676.56288147,157015553.62529755,1.1768697112525053,0.4192859104701451,1.4324075533218794,-9.069021479084638,1.06270560208302,0.3374396867884521,0.3127361987648129,1.0267178172706048,0.0175305710138003,0.6038956873304995,0.2611108560125744,-0.0235498453662667,55.55551630962683,1.5894960586062878,90.4572564612326,83.30019880715706,33.00198807157058,85.08946322067594,55.636182902584494,79.29423459244532,71.65009940357854,77.6938369781312,13.717693836978132,72.44918980193684,31.51491053677932,True,-0.5190242909815734,False,False,True,True,False,True,STRESS,0.448,STRESS,RISK_ON,0.156,0.93,0.907,Finance,64.8,67.8,67.8,67.8,67.8,88.9,REJECTED,STRESS,0.448,0.136,0.2125,0.136,0.1105,0.255,63.6,False,False,🎯 UYGUN GİRİŞ BÖLGESİ,⭐,İşlem Açma,0.0,5.0,58.0,-0.1344888979117103,0.0517241379310344,2.951486161549844,0.7464781743023456,0.3205719518190486,-3.3072027857994235,55.01008064516129,0.15,True,"HD, DE, LOW",
2026-09-28,XOM,162.8000030517578,163.5399932861328,161.0500030517578,162.52000427246094,12809500.0,1.2018232633304704,2081799994.7280884,2121467349.1149905,0.8822738344628509,3.912140982491629,3.8864767786122014,19.44730580072096,1.7313097823302883,0.9807924025332426,-0.4453950612487337,-0.7992054369103443,0.0210216536011121,-0.0398120515673638,0.0487982890479458,0.1152566593709483,59.03642513971958,1.7208475543120438,91.84890656063618,89.66202783300199,89.46322067594433,42.94234592445328,89.55268389662028,39.85089463220676,73.04174950298211,37.69383697813121,93.43936381709742,81.20881150005545,45.00397614314115,True,-0.5190242909815734,False,False,True,True,False,True,STRESS,0.448,STRESS,RISK_ON,0.156,0.93,0.907,Energy Minerals,64.7,67.7,67.7,67.7,67.7,88.9,REJECTED,STRESS,0.448,0.136,0.2125,0.136,0.1105,0.255,60.1,True,True,🎯 UYGUN GİRİŞ BÖLGESİ,⭐,İşlem Açma,0.0,15.0,30.0,-0.1308529576753245,0.0333333333333333,-0.698864283433287,0.0804663215365764,5.067942525956848,-1.340152706061848,50.51411290322581,0.15,True,"Energy Minerals · XOM, CVX, VLO",
2026-09-28,TER,394.7000122070313,401.9700012207031,383.5,401.2999877929688,2011900.0,0.7329642236977296,807375445.4406738,867215246.7445679,0.8034022501971668,19.442855834960938,7.858944200658158,-13.365430842821011,4.319942550257628,2.228271884871206,-0.8568276745546337,0.2611190551389429,-1.2383438741231787,1.1702568792274308,0.6708973522243794,0.2199896070009268,96.3724234788715,1.251988514679303,87.67395626242545,94.831013916501,21.669980119284293,30.218687872763415,54.592445328031815,33.3300198807157,93.63817097415506,23.856858846918485,82.10735586481114,70.18595010136627,59.57256461232605,True,-0.5190242909815734,False,False,True,True,False,True,STRESS,0.448,STRESS,RISK_ON,0.156,0.93,0.907,Electronic Technology,64.6,67.6,67.6,67.6,67.6,88.9,REJECTED,STRESS,0.448,0.136,0.2125,0.136,0.1105,0.255,59.3,True,True,NORMAL GİRİŞ,⭐,İşlem Açma,0.0,3.0,98.0,0.0280415811195512,0.0510204081632653,1.926375573838679,8.561067407099477,4.955883384831649,-4.528114934332539,66.36088709677419,0.15,True,"Electronic Technology · MU, NVDA, SNDK",
2026-09-28,ILMN,265.95001220703125,275.69000244140625,262.8900146484375,271.8999938964844,2979300.0,0.7037014431423572,810071651.8157959,542573872.4327087,0.7517770583470644,12.469286237444196,19.416748164822508,50.1380419086054,3.443562859037248,0.791247048701688,0.7136198003783178,0.084373167956523,-1.2080303469927949,0.4704000621461366,0.433475073313783,-0.1001645494073443,70.3905300050068,1.2227257341239306,87.07753479125249,98.60834990059642,98.80715705765408,21.07355864811133,98.71769383697811,43.42942345924453,59.32405566600398,45.64612326043738,70.37773359840955,78.95654803032174,55.99801192842942,True,-0.5190242909815734,False,False,True,True,False,True,STRESS,0.448,STRESS,RISK_ON,0.156,0.93,0.907,Health Technology,64.3,67.3,67.3,67.3,67.3,88.9,REJECTED,STRESS,0.448,0.136,0.2125,0.136,0.1105,0.255,54.0,True,True,NORMAL GİRİŞ,⭐,İşlem Açma,0.0,6.0,26.0,0.0437365763274205,0.1923076923076923,4.8685302116231455,8.840644935212005,10.686153107866902,-12.143971588274717,78.10483870967742,0.15,True,"Health Technology · LLY, JNJ, TMO",
2026-09-28,CSCO,106.5199966430664,107.68000030517578,105.9800033569336,106.73999786376952,19356400.0,0.0374891440219515,2066102094.6502688,1696719707.504654,1.0671244688193953,2.844998495919364,-4.823898471895205,-9.311811500620626,1.7953965096600202,0.6336940451568174,0.1010060595251867,-0.7446546831506785,-1.226168864879195,0.1042352682726085,-2.2439435962348653e-06,-0.0435579587339067,44.705639479046056,0.556513435003525,69.98011928429423,55.8648111332008,32.20675944333996,74.15506958250498,42.85288270377734,32.08747514910537,61.98807157057655,67.15705765407554,91.25248508946322,58.69223392802389,37.97017892644135,True,-0.5190242909815734,False,False,True,True,False,True,STRESS,0.448,STRESS,RISK_ON,0.156,0.93,0.907,Electronic Technology,64.1,67.1,67.1,67.1,67.1,88.9,REJECTED,STRESS,0.448,0.136,0.2125,0.136,0.1105,0.255,59.9,True,False,NORMAL GİRİŞ,⭐,İşlem Açma,0.0,3.0,98.0,0.0280415811195512,0.0510204081632653,1.926375573838679,8.561067407099477,-4.457826597591675,4.885595048090785,82.42943548387098,0.15,True,"Electronic Technology · MU, NVDA, SNDK",
2026-09-28,PFE,28.6200008392334,28.8700008392334,28.38999938964844,28.71999931335449,24853100.0,0.1743956642047184,713781014.9347305,800007829.8532486,0.7395974532452673,0.4392858232770647,2.4982131097590843,17.849812529152608,0.9509390513802372,0.4561452340297051,-1.3940062498409789,0.3922837451947135,-1.1660198792678222,0.4305941643862009,0.2999958276874659,0.1872240466173335,68.74977648325711,0.6934199551862918,73.95626242544732,86.08349900596421,87.67395626242545,19.681908548707757,86.9582504970179,32.97216699801193,82.26640159045725,12.76341948310139,80.31809145129225,72.19704524275912,16.170974155069587,True,-0.5190242909815734,False,False,True,True,False,True,STRESS,0.448,STRESS,RISK_ON,0.156,0.93,0.907,Health Technology,63.7,66.7,66.7,66.7,66.7,88.9,REJECTED,STRESS,0.448,0.136,0.2125,0.136,0.1105,0.255,53.2,True,True,NORMAL GİRİŞ,⭐,İşlem Açma,0.0,6.0,26.0,0.0437365763274205,0.1923076923076923,4.8685302116231455,8.840644935212005,0.3675259203104297,-1.8253444007182429,84.97983870967741,0.15,True,"Health Technology · LLY, JNJ, TMO",
2026-09-28,MA,566.280029296875,569.5700073242188,563.5,568.260009765625,3188600.0,0.1074579979437384,1811953867.138672,1350672173.968506,1.239598256025285,8.395717075892858,-3.966334347485345,11.502238789267928,0.9187956215486358,0.42165803296493,0.5511592470390554,-0.8707363224714686,-1.1564054903435506,0.7451021171368415,0.4593895486219344,-0.0874469558484139,78.41851766196419,0.6264822889253119,72.16699801192843,60.43737574552684,81.51093439363817,88.27037773359841,72.02783300198807,37.514910536779325,65.20874751491054,83.65805168986084,89.26441351888667,75.09433685565965,15.50695825049702,True,-0.5190242909815734,False,False,True,True,False,True,STRESS,0.448,STRESS,RISK_ON,0.156,0.93,0.907,Finance,63.3,66.3,66.3,66.3,66.3,88.9,REJECTED,STRESS,0.448,0.136,0.2125,0.136,0.1105,0.255,65.4,True,True,NORMAL GİRİŞ,⭐,İşlem Açma,0.0,16.0,118.0,-0.2104737256454074,0.0084745762711864,-0.3645033970273883,-1.031861359948116,2.175214533673725,1.093212968376145,26.08870967741936,0.15,True,"WMT, BRK-B, COST",
2026-09-28,CVX,207.0,208.25,205.3800048828125,206.3699951171875,9501800.0,0.9391040340447576,1960886419.604492,1758297775.515747,0.9400109614193654,4.718571254185268,3.303796925057556,22.496584031096045,1.5372290400959756,0.9692366409274982,0.5647560819846079,-0.5599142204505794,-0.5277257639520813,-0.6125090703962451,-0.2693420101229212,-0.0865461616659663,34.494491939943,1.458128325026331,89.46322067594433,88.86679920477137,92.04771371769384,55.26838966202783,90.61630218687873,48.32007952286283,47.833001988071565,64.2544731610338,92.04771371769384,76.88682493952113,47.471172962226646,True,-0.5190242909815734,False,False,True,True,False,True,STRESS,0.448,STRESS,RISK_ON,0.156,0.93,0.907,Energy Minerals,63.1,66.1,66.1,66.1,66.1,88.9,REJECTED,STRESS,0.448,0.136,0.2125,0.136,0.1105,0.255,60.1,True,True,NORMAL GİRİŞ,⭐,İşlem Açma,0.0,15.0,30.0,-0.1308529576753245,0.0333333333333333,-0.698864283433287,0.0804663215365764,3.727789819895,0.0,52.16733870967742,0.15,True,"Energy Minerals · XOM, CVX, VLO",
2026-09-28,HAS,87.55999755859375,90.5999984741211,87.33999633789062,89.44999694824219,1821800.0,1.543876338846628,162960004.44030762,128253684.89074709,1.1585484122265075,2.187142508370536,-5.022300968101312,5.933203396781361,1.085838700315762,0.5826706979605034,0.138069288947818,1.2343445322765578,0.1945360838377634,0.8762478905493084,0.4228522449361682,-0.141725858931377,64.72390269017892,2.062900629828201,94.43339960238568,54.67196819085487,72.36580516898609,83.89662027833002,64.40357852882704,80.37773359840953,59.24453280318092,73.32007952286281,7.75347912524851,80.57676402647317,47.77335984095428,True,-0.5190242909815734,False,False,True,True,False,True,STRESS,0.448,STRESS,RISK_ON,0.156,0.93,0.907,Consumer Durables,63.0,66.0,66.0,66.0,66.0,88.9,REJECTED,STRESS,0.448,0.136,0.2125,0.136,0.1105,0.255,58.1,False,False,🎯 UYGUN GİRİŞ BÖLGESİ,⭐,İşlem Açma,0.0,5.0,58.0,-0.1344888979117103,0.0517241379310344,2.951486161549844,0.7464781743023456,0.7239463016678105,-3.710577135648186,54.1633064516129,0.15,True,"HD, DE, LOW",
2026-09-28,ODFL,173.3000030517578,177.9600067138672,172.75,176.85000610351562,1904900.0,2.048472584675931,336881576.6265869,310960510.27145386,1.0050041811423884,4.849286760602679,-11.601516493294197,-19.50020205584432,1.95868695240438,0.6014104653423641,0.5665288086715685,0.5668197736770667,0.5620602448814619,1.4879498657974874,0.6222649168382424,-0.110365029010336,78.69483339825388,2.5674968756575045,98.01192842942343,16.302186878727635,8.747514910536779,65.60636182902584,12.147117296222666,78.9562624254473,70.97415506958251,70.53677932405566,45.32803180914513,68.15974178912955,47.08747514910537,True,-0.5190242909815734,False,False,True,True,False,True,STRESS,0.448,STRESS,RISK_ON,0.156,0.93,0.907,Transportation,62.9,65.9,65.9,65.9,65.9,88.9,REJECTED,STRESS,0.448,0.136,0.2125,0.136,0.1105,0.255,68.2,True,False,🎯 UYGUN GİRİŞ BÖLGESİ,⭐,İşlem Açma,0.0,4.0,10.0,-0.1381315028332713,0.0,1.8642427892004376,-4.648592127244914,0.6886941359859622,0.8081440293210118,33.94657258064516,0.15,True,"Transportation · UNP, FDX, CSX",
2026-09-28,PM,190.55999755859372,194.0200042724609,189.69000244140625,193.75999450683597,3910500.0,1.7219649584560903,757698458.5189819,754750964.259491,0.8855519498900561,4.472145080566406,1.721962676835331,5.955047031681482,1.2672937616065996,0.7578990885718169,-0.5092797829160048,-0.0243591457364832,0.6643862837161895,1.6712480744299638,0.8165097913458388,-0.0552865688941135,93.99515806759676,2.240989249437664,96.22266401590456,84.29423459244532,72.56461232604374,43.538767395626245,77.84294234592446,57.67395626242545,79.32405566600397,36.779324055666,77.73359840954275,83.65498300357875,35.9741550695825,True,-0.5190242909815734,False,False,True,True,False,True,STRESS,0.448,STRESS,RISK_ON,0.156,0.93,0.907,Consumer Non-Durables,62.9,65.9,65.9,65.9,65.9,88.9,REJECTED,STRESS,0.448,0.136,0.2125,0.136,0.1105,0.255,64.0,True,True,🎯 UYGUN GİRİŞ BÖLGESİ,⭐,İşlem Açma,0.0,16.0,118.0,-0.2104737256454074,0.0084745762711864,-0.3645033970273883,-1.031861359948116,5.417446594622172,-2.149019092572302,21.532258064516128,0.15,True,"WMT, BRK-B, COST",
2026-09-28,IR,75.58999633789062,77.54000091552734,75.54000091552734,76.37999725341797,5599500.0,0.3943157401986585,427689794.6205139,305613129.92126465,1.2359590242997998,1.9933580671037947,-3.2797299564163995,-5.680418308942992,1.6318136789268738,0.8976616129282029,1.0000522732055896,0.2900849589911953,-1.0977809129237894,0.3720432097407579,0.0897481918334961,-0.0726360687571947,41.99981689453125,0.913340031180232,78.92644135188867,64.21471172962227,44.53280318091451,88.07157057654076,53.389662027833005,60.01988071570576,61.98807157057654,88.78727634194831,43.538767395626245,66.74173119243524,57.035785288270375,True,-0.5190242909815734,False,False,True,True,False,True,STRESS,0.448,STRESS,RISK_ON,0.156,0.93,0.907,Producer Manufacturing,62.8,65.8,65.8,65.8,65.8,88.9,REJECTED,STRESS,0.448,0.136,0.2125,0.136,0.1105,0.255,63.1,True,False,NORMAL GİRİŞ,⭐,İşlem Açma,0.0,5.0,58.0,-0.1344888979117103,0.0517241379310344,2.951486161549844,0.7464781743023456,4.380310515031094,-7.366941349011469,50.13104838709677,0.15,True,"HD, DE, LOW",
2026-09-28,COST,924.3900146484376,931.0900268554688,913.0,922.9199829101562,2420300.0,0.0162514359734355,2233743234.637451,1995050215.6604004,1.0418944631464755,14.322147914341516,-1.256073555072834,-2.5098256105382744,1.038706465671974,0.3268897720317576,0.6182372837071043,0.8734235960613607,-1.3342779315933302,0.0320026304397267,0.0166363571951536,0.0235711852753022,54.83675059972266,0.535275726955009,68.389662027833,74.55268389662028,54.87077534791253,69.98011928429423,63.72763419483102,58.111332007952285,67.71371769383698,73.7972166998012,93.04174950298211,64.63178639198021,12.023856858846916,True,-0.5190242909815734,False,False,True,True,False,True,STRESS,0.448,STRESS,RISK_ON,0.156,0.93,0.907,Retail Trade,62.5,65.5,65.5,65.5,65.5,88.9,REJECTED,STRESS,0.448,0.136,0.2125,0.136,0.1105,0.255,71.1,True,False,NORMAL GİRİŞ,⭐,İşlem Açma,0.0,16.0,118.0,-0.2104737256454074,0.0084745762711864,-0.3645033970273883,-1.031861359948116,4.787906452554575,-1.5194789505047046,22.580645161290324,0.15,True,"WMT, BRK-B, COST",
2026-09-28,AZO,2878.510009765625,2931.4599609375,2866.35009765625,2913.280029296875,432900.0,1.4316792395205002,1261158924.6826172,1156713315.484375,1.0857243178170144,85.27788434709821,-0.6496564183931741,-7.621085073091871,1.630971672356341,0.5908340057065159,1.30367631917516,-0.4534798646748342,-0.5023938119516371,1.0721211163025133,0.4831680977914432,-0.1827246151008891,72.07806816903522,1.9507035305020737,93.63817097415506,77.73359840954275,37.37574552683897,76.34194831013916,55.53677932405567,56.40159045725645,56.30218687872764,82.86282306163022,86.48111332007953,73.7694370355914,36.15506958250496,True,-0.5190242909815734,False,False,True,True,False,True,STRESS,0.448,STRESS,RISK_ON,0.156,0.93,0.907,Retail Trade,62.4,65.4,65.4,65.4,65.4,88.9,REJECTED,STRESS,0.448,0.136,0.2125,0.136,0.1105,0.255,67.7,True,True,🎯 UYGUN GİRİŞ BÖLGESİ,⭐,İşlem Açma,0.0,16.0,118.0,-0.2104737256454074,0.0084745762711864,-0.3645033970273883,-1.031861359948116,5.992844533478142,-2.7244170314282723,20.98790322580645,0.15,True,"WMT, BRK-B, COST",
2026-09-28,TXN,277.6000061035156,279.3299865722656,273.8999938964844,278.3099975585937,4911900.0,0.0863056885150426,1367030877.0080566,1410004253.5827637,0.8079666608272121,8.167853219168526,4.415846611613161,-2.5115603339660453,1.692103657409806,1.1010031429441665,-0.7383901685447404,-0.8691091943005826,-1.4492422436559986,0.8120788114083975,0.4022112628561794,0.303789776372564,81.21564660259652,0.605329979496616,71.76938369781311,90.4572564612326,54.67196819085487,30.81510934393638,70.77534791252485,13.876739562624255,90.37773359840956,25.805168986083498,90.05964214711729,67.81540163839087,44.77733598409543,True,-0.5190242909815734,False,False,True,True,False,True,STRESS,0.448,STRESS,RISK_ON,0.156,0.93,0.907,Electronic Technology,62.2,65.2,65.2,65.2,65.2,88.9,REJECTED,STRESS,0.448,0.136,0.2125,0.136,0.1105,0.255,54.4,True,False,NORMAL GİRİŞ,⭐,İşlem Açma,0.0,3.0,98.0,0.0280415811195512,0.0510204081632653,1.926375573838679,8.561067407099477,2.523583577166033,-2.0958151266669223,69.1633064516129,0.15,True,"Electronic Technology · MU, NVDA, SNDK",
2026-09-28,COO,55.08000183105469,56.869998931884766,54.630001068115234,56.56999969482422,4708700.0,2.148787655755613,266371157.5630188,240956539.3894196,0.950132520554054,2.818571090698242,-20.279030869751654,-20.75921040086256,3.865800020148418,1.537005376760408,1.171715751507865,-0.2176748234792074,-0.1438494419426766,1.387441339409148,0.7020090190428507,-0.0323665095614693,86.6071641445363,2.6678119467371864,98.40954274353876,3.37972166998012,7.3558648111332,56.85884691848907,5.566600397614314,62.11729622266402,80.43737574552682,70.6958250497018,30.61630218687873,68.33467267687908,72.35188866799206,True,-0.5190242909815734,False,False,True,True,False,True,STRESS,0.448,STRESS,RISK_ON,0.156,0.93,0.907,Health Technology,63.0,64.7,64.7,64.7,64.7,88.9,REJECTED,STRESS,0.448,0.136,0.2125,0.136,0.1105,0.255,63.0,False,False,🎯 UYGUN GİRİŞ BÖLGESİ,⭐,İşlem Açma,0.0,9.0,21.0,-0.0766607292329303,0.0,-0.006045672065269,-0.1080115499304419,6.236277397783385,-3.634939751792987,46.854838709677416,0.15,True,"Health Technology · BSX, MDT, ISRG",
2026-09-28,IEX,229.05999755859372,232.44000244140625,228.9499969482422,231.1499938964844,651700.0,0.4650521805086516,150640451.02233887,124160230.66940308,1.1625874125874125,4.366427830287388,-1.2095076944677374,2.296864000922461,1.060773418105858,0.5255136446477265,0.3018919991153422,-0.3487979796165243,-0.7244340664711958,1.0100123612525942,0.4128910331801628,-0.0190009520425879,63.03706262214664,0.984076471490225,81.11332007952286,74.95029821073558,65.60636182902584,84.29423459244532,69.81113320079523,50.88469184890656,77.77335984095427,76.8986083499006,6.759443339960239,75.83352733577331,40.30019880715706,True,-0.5190242909815734,False,False,True,True,False,True,STRESS,0.448,STRESS,RISK_ON,0.156,0.93,0.907,Producer Manufacturing,61.7,64.7,64.7,64.7,64.7,88.9,REJECTED,STRESS,0.448,0.136,0.2125,0.136,0.1105,0.255,55.3,False,False,NORMAL GİRİŞ,⭐,İşlem Açma,0.0,5.0,58.0,-0.1344888979117103,0.0517241379310344,2.951486161549844,0.7464781743023456,2.625399819678731,-5.612030653659106,51.28024193548387,0.15,True,"HD, DE, LOW",
2026-09-28,NWSA,28.34000015258789,29.1299991607666,27.979999542236328,29.100000381469727,5059500.0,2.141104300639385,147231451.93004608,113735158.41705322,1.112742268041237,0.7221429007393974,-6.700864439019794,15.201901747702795,1.591807107189516,0.5412868936137938,0.933304615452768,1.3918429751107335,0.212528350610715,1.450451350738983,0.818696998495682,-0.198618285704882,97.39140963062108,2.6601285916209583,98.2107355864811,42.74353876739563,86.08349900596421,79.12524850894633,66.58051689860835,86.46123260437376,58.40954274353877,82.86282306163022,4.970178926441352,87.25802764298258,52.165009940357855,True,-0.5190242909815734,False,False,True,True,False,True,STRESS,0.448,STRESS,RISK_ON,0.156,0.93,0.907,Consumer Services,61.7,64.7,64.7,64.7,64.7,88.9,REJECTED,STRESS,0.448,0.136,0.2125,0.136,0.1105,0.255,61.0,False,False,🎯 UYGUN GİRİŞ BÖLGESİ,⭐,İşlem Açma,0.0,11.0,61.0,-0.1802464195556996,0.0,-1.0560686257066632,-4.935067061756293,0.7391185116927712,-2.5047793583807603,23.2258064516129,0.15,True,"CRM, NFLX, NOW",
2026-09-28,P,124.5999984741211,130.8800048828125,124.5999984741211,129.39999389648438,4596100.0,2.698407854352669,594735311.9476318,302663673.4587097,0.6256295634845012,7.1171449933733255,30.390965232249467,78.92698271084677,4.227196500828664,1.4703489234401874,0.6702883248625922,-0.2040890772011825,-0.7975616727899292,0.985251473653868,0.6347110369770135,-0.0545257370568119,76.43297012754925,3.2174321453342425,99.40357852882704,99.80119284294234,99.80119284294234,5.36779324055666,99.80119284294236,43.618290258449306,73.20079522862824,35.82504970178927,42.54473161033797,85.18206440838117,70.85685884691848,True,-0.5190242909815734,False,False,True,True,False,True,STRESS,0.448,STRESS,RISK_ON,0.156,0.93,0.907,Electronic Technology,62.6,64.5,64.5,64.5,64.5,88.9,REJECTED,STRESS,0.448,0.136,0.2125,0.136,0.1105,0.255,50.7,True,True,🎯 UYGUN GİRİŞ BÖLGESİ,⭐,İşlem Açma,0.0,3.0,98.0,0.0280415811195512,0.0510204081632653,1.926375573838679,8.561067407099477,13.6251880762441,-13.197419625744988,65.25201612903227,0.15,True,"Electronic Technology · MU, NVDA, SNDK",
2026-09-28,ROST,236.1199951171875,239.72999572753903,233.3300018310547,237.08999633789065,1964500.0,0.4108085891759039,465763297.8057861,438113886.2953186,0.9703079350888936,5.040002005440848,3.1409041362033374,13.53253667475487,1.1171614134038994,0.4522238752970814,-0.3834238680726866,0.9637986980205258,-0.7406018869333681,0.2359015401448705,0.164452948048542,0.0320845581364852,58.74997019764919,0.9298328801574772,79.12524850894633,87.27634194831015,84.29423459244532,60.23856858846919,85.6361829025845,58.389662027833,70.93439363817097,48.94632206759443,59.84095427435388,75.80640855058004,24.91848906560636,True,-0.5190242909815734,False,False,True,True,False,True,STRESS,0.448,STRESS,RISK_ON,0.156,0.93,0.907,Retail Trade,60.9,63.9,63.9,63.9,63.9,88.9,REJECTED,STRESS,0.448,0.136,0.2125,0.136,0.1105,0.255,60.6,True,True,NORMAL GİRİŞ,⭐,İşlem Açma,0.0,13.0,12.0,-0.1408382936484901,0.0,1.6271149203392343,-0.1347939260309285,2.601542040153904,-2.135524884763762,35.18649193548387,0.15,True,"Retail Trade · NKE, TJX, SBUX",
2026-09-28,FAST,50.16999816894531,50.810001373291016,50.040000915527344,50.4900016784668,6644700.0,0.1189795219669331,335490914.1529083,331401073.35134125,0.9838468594323636,0.9414291381835938,-1.2710174453132606,6.518990882841358,1.0831578054851148,0.4434384362083893,-0.265866849776012,-0.2227732421718692,-1.2019131363645812,0.4862358843839409,0.2798727774447488,0.0963298584472012,58.44162278116036,0.6380038129485066,72.76341948310139,74.35387673956262,73.75745526838966,62.22664015904572,74.02584493041749,35.24850894632206,79.76143141153082,52.52485089463221,48.70775347912525,71.25271098586951,24.96222664015904,True,-0.5190242909815734,False,False,True,True,False,True,STRESS,0.448,STRESS,RISK_ON,0.156,0.93,0.907,Distribution Services,60.7,63.7,63.7,63.7,63.7,88.9,REJECTED,STRESS,0.448,0.136,0.2125,0.136,0.1105,0.255,54.7,True,True,NORMAL GİRİŞ,⭐,İşlem Açma,0.0,5.0,58.0,-0.1344888979117103,0.0517241379310344,2.951486161549844,0.7464781743023456,0.4436101327870201,-3.430240966767395,54.747983870967744,0.15,True,"HD, DE, LOW",
2026-09-28,EW,86.0,87.33000183105469,85.55999755859375,86.83000183105469,3228100.0,0.6257977862996755,280295928.91082764,310693934.8350525,0.977963185128634,2.073572431291853,-3.468591627510076,-4.770781058286156,1.6206764474750284,0.5690637915845586,-0.3445125224003398,-0.2892975480809212,-0.3971165816259097,0.8991925363918293,0.4502831920964836,-0.0748996920452262,71.7514806162122,1.144822077281249,85.2882703777336,63.81709741550696,46.71968190854871,61.43141153081511,54.41351888667992,47.09741550695825,68.94632206759444,50.4572564612326,45.12922465208747,71.0419472663926,42.41351888667992,True,-0.5190242909815734,False,False,True,True,False,True,STRESS,0.448,STRESS,RISK_ON,0.156,0.93,0.907,Health Technology,59.6,62.6,62.6,62.6,62.6,88.9,REJECTED,STRESS,0.448,0.136,0.2125,0.136,0.1105,0.255,53.9,True,True,NORMAL GİRİŞ,⭐,İşlem Açma,0.0,9.0,21.0,-0.0766607292329303,0.0,-0.006045672065269,-0.1080115499304419,0.0,2.601337645990398,56.905241935483865,0.15,True,"Health Technology · BSX, MDT, ISRG",
2026-09-28,LLY,1180.300048828125,1194.0899658203125,1172.56005859375,1184.780029296875,1971200.0,0.111543136476655,2335438393.75,2514831220.9819336,0.8410740419939667,28.205714634486608,0.7380349712503342,-3.670946072717873,1.1578166410905324,0.8441955862076862,-0.7887876652475337,-0.5842505472187746,-1.1761309226242085,0.4739909121871374,0.1679761074540887,-0.0866102352797554,56.75812057401076,0.6305674274582285,72.36580516898609,81.51093439363817,50.49701789264414,36.779324055666,64.45328031809146,21.75944333996024,61.78926441351888,28.34990059642147,94.831013916501,62.11716394606907,36.75745526838966,True,-0.5190242909815734,False,False,True,True,False,True,STRESS,0.448,STRESS,RISK_ON,0.156,0.93,0.907,Health Technology,59.6,62.6,62.6,62.6,62.6,88.9,REJECTED,STRESS,0.448,0.136,0.2125,0.136,0.1105,0.255,49.7,True,False,NORMAL GİRİŞ,⭐,İşlem Açma,0.0,6.0,26.0,0.0437365763274205,0.1923076923076923,4.8685302116231455,8.840644935212005,-1.4578184804078131,0.0,88.75,0.15,True,"Health Technology · LLY, JNJ, TMO",
2026-09-28,VRTX,524.27001953125,529.8900146484375,521.1599731445312,527.6699829101562,823500.0,0.2812635097366289,434536230.9265137,457117701.6220093,0.7931692094313454,10.964279174804688,-3.630721776978119,5.607922127520526,1.2275743832156365,0.8073118729900669,-1.07445779805949,-0.6383915910966884,-0.9427593391611012,0.9339590084197832,0.4455272559479281,-0.0200158293054577,74.57020407877903,0.8002878007182024,76.73956262425448,62.22664015904572,70.37773359840955,28.82703777335984,66.70974155069582,22.07753479125248,76.58051689860835,20.07952286282306,63.41948310139165,69.75821325082026,41.22465208747515,True,-0.5190242909815734,False,False,True,True,False,True,STRESS,0.448,STRESS,RISK_ON,0.156,0.93,0.907,Health Technology,59.6,62.6,62.6,62.6,62.6,88.9,REJECTED,STRESS,0.448,0.136,0.2125,0.136,0.1105,0.255,46.3,True,False,NORMAL GİRİŞ,⭐,İşlem Açma,0.0,6.0,26.0,0.0437365763274205,0.1923076923076923,4.8685302116231455,8.840644935212005,0.1535633188675,-1.6113817992753132,85.48387096774194,0.15,True,"Health Technology · LLY, JNJ, TMO",
2026-09-28,IDXX,516.530029296875,530.1500244140625,515.1199951171875,529.0599975585938,392000.0,1.8872987729966264,207391519.04296875,240687129.52575684,0.7704856811525836,11.679997035435267,-2.939018573678409,-1.2818842836576083,1.355614736213704,0.5940360619373618,-0.9816485815408874,1.0335148503460665,1.3903357955400086,1.7868711411809537,0.8453724233711808,-0.0407893838376896,92.74767311534524,2.4063230639782,97.0178926441352,65.20874751491054,56.66003976143141,23.45924453280318,60.50695825049702,66.8986083499006,81.39165009940359,18.290258449304176,30.218687872763415,77.96761025388045,41.44532803180915,True,-0.5190242909815734,False,False,True,True,False,True,STRESS,0.448,STRESS,RISK_ON,0.156,0.93,0.907,Health Technology,59.4,62.4,62.4,62.4,62.4,88.9,REJECTED,STRESS,0.448,0.136,0.2125,0.136,0.1105,0.255,54.2,False,False,🎯 UYGUN GİRİŞ BÖLGESİ,⭐,İşlem Açma,0.0,9.0,21.0,-0.0766607292329303,0.0,-0.006045672065269,-0.1080115499304419,4.379589921109073,-1.778252275118675,48.93145161290322,0.15,True,"Health Technology · BSX, MDT, ISRG",
2026-09-28,RJF,159.58999633789062,161.3000030517578,158.6300048828125,161.16000366210938,1235900.0,0.8069109803726882,199177648.52600095,200026884.2630005,0.8754847964297732,3.883568899972098,-8.489010469530767,8.103034385638153,1.4878880926508635,0.5488986060552875,0.2310488965661086,-0.7172455712715275,-0.3753349025408098,1.5600022462378724,0.7569304667363885,-0.092380142960791,94.75657357084484,1.3259352713542616,88.66799204771371,30.61630218687873,75.54671968190854,41.74950298210736,55.32803180914513,43.32007952286283,73.59840954274355,50.17892644135189,22.664015904572565,77.77585616424153,44.05765407554672,True,-0.5190242909815734,False,False,True,True,False,True,STRESS,0.448,STRESS,RISK_ON,0.156,0.93,0.907,Finance,58.7,61.7,61.7,61.7,61.7,88.9,REJECTED,STRESS,0.448,0.136,0.2125,0.136,0.1105,0.255,49.6,False,False,NORMAL GİRİŞ,⭐,İşlem Açma,0.0,2.0,35.0,-0.113706142892541,0.0571428571428571,-2.0972182618281487,-1.937988913512056,1.3608571867551045,-1.949094976094678,53.61895161290322,0.15,True,"Finance · JPM, BAC, GS",
2026-09-28,TGT,156.60000610351562,160.8000030517578,156.2100067138672,158.42999267578125,3394300.0,0.622417114343432,537758924.1394043,485493983.1444092,1.0379963609119127,3.8150013514927457,-4.519982718145455,18.30196585706487,1.5465215366459784,0.3853838662826631,-0.291749271426076,0.7138080350688852,-0.6671798494907996,0.2963855323804175,0.1614337954190352,-0.1662611302829001,48.36574581962036,1.1414414053250057,85.08946322067594,58.05168986083499,88.46918489065607,69.18489065606362,74.78131212723659,59.30417495029821,48.54870775347912,55.7455268389662,66.40159045725646,75.64870181854255,30.51888667992048,True,-0.5190242909815734,False,False,True,True,False,True,STRESS,0.448,STRESS,RISK_ON,0.156,0.93,0.907,Retail Trade,58.5,61.5,61.5,61.5,61.5,88.9,REJECTED,STRESS,0.448,0.136,0.2125,0.136,0.1105,0.255,56.8,True,True,NORMAL GİRİŞ,⭐,İşlem Açma,0.0,13.0,12.0,-0.1408382936484901,0.0,1.6271149203392343,-0.1347939260309285,0.5326634426760624,-0.0666462872859208,39.33971774193549,0.15,True,"Retail Trade · NKE, TJX, SBUX",
2026-09-28,IFF,84.5199966430664,86.37000274658203,84.0,85.72000122070312,1844700.0,0.0350084939224837,158127686.25183105,133164426.2084961,1.1034247620073034,1.631429944719587,-1.3010924344235677,12.052289177389696,1.1065880323138104,0.8162081747768763,0.4448652369188448,1.3485885597935916,-1.12320110312528,0.9258468800059558,0.4761605840825905,-0.1696169846855975,72.5738070634591,0.5540327849040572,69.78131212723659,73.75745526838966,82.90258449304176,78.52882703777337,78.78727634194831,64.21471172962227,56.10337972166998,76.30218687872764,8.548707753479125,72.43630714769782,58.01391650099404,True,-0.5190242909815734,False,False,True,True,False,True,STRESS,0.448,STRESS,RISK_ON,0.156,0.93,0.907,Consumer Non-Durables,58.4,61.4,61.4,61.4,61.4,88.9,REJECTED,STRESS,0.448,0.136,0.2125,0.136,0.1105,0.255,53.1,False,False,NORMAL GİRİŞ,⭐,İşlem Açma,0.0,5.0,58.0,-0.1344888979117103,0.0517241379310344,2.951486161549844,0.7464781743023456,1.2876554762874637,-4.274286310267838,53.09475806451613,0.15,True,"HD, DE, LOW",
2026-09-28,SBUX,94.26000213623048,96.1999969482422,93.77999877929688,95.2699966430664,7418900.0,0.4322117120776125,706798578.0952454,666872568.2407379,1.09656201962871,2.1599998474121094,-11.1784480299586,-8.447053004933302,1.0242227954843162,0.478403066331775,0.4088343990262578,0.4667488547856791,-0.853271013260289,0.9261126498491232,0.3150813067081975,-0.2394999714013115,61.57020624601979,0.951236003059186,79.32405566600397,17.693836978131213,33.99602385685885,77.73359840954275,26.660039761431413,61.3717693836978,46.16302186878728,74.87077534791253,74.95029821073558,62.00791525680874,26.662027833001996,True,-0.5190242909815734,False,False,True,True,False,True,STRESS,0.448,STRESS,RISK_ON,0.156,0.93,0.907,Consumer Services,58.4,61.4,61.4,61.4,61.4,88.9,REJECTED,STRESS,0.448,0.136,0.2125,0.136,0.1105,0.255,62.2,True,False,NORMAL GİRİŞ,⭐,İşlem Açma,0.0,13.0,12.0,-0.1408382936484901,0.0,1.6271149203392343,-0.1347939260309285,0.4660171553901415,0.0,39.54133064516129,0.15,True,"Retail Trade · NKE, TJX, SBUX",
2026-09-28,WMT,107.9000015258789,109.41999816894533,107.2699966430664,108.7300033569336,16908100.0,0.6945730474936518,1838417769.759369,2269425401.0,0.744663726287051,1.8664294651576447,5.943684455747444,-5.1221611196041845,1.2754631457820924,0.3465809653011825,-0.9298250604378756,0.7002120591249412,-0.2239431219549315,0.563931292286846,0.3707008392328028,0.0548687498882606,67.9072408225546,1.2135973384752252,86.87872763419483,92.84294234592446,45.72564612326044,20.47713717693837,66.92842942345925,53.26043737574553,77.53479125248509,17.296222664015904,93.83697813121272,69.23903422142048,13.15109343936382,True,-0.5190242909815734,False,False,True,True,False,True,STRESS,0.448,STRESS,RISK_ON,0.156,0.93,0.907,Retail Trade,57.8,60.8,60.8,60.8,60.8,88.9,REJECTED,STRESS,0.448,0.136,0.2125,0.136,0.1105,0.255,61.5,True,False,NORMAL GİRİŞ,⭐,İşlem Açma,0.0,16.0,118.0,-0.2104737256454074,0.0084745762711864,-0.3645033970273883,-1.031861359948116,3.26842750204987,0.0,24.354838709677416,0.15,True,"WMT, BRK-B, COST",
2026-09-28,BDX,183.07000732421875,184.33999633789065,181.9499969482422,183.8300018310547,1878500.0,0.0054371158947352,345324658.43963623,279115217.33428955,1.0187507626394785,3.998573303222656,-2.285652564155272,18.45479852506906,1.5171719824766436,0.6706721235851915,0.3185727218260168,-1.3562211983809918,-1.2706329342893004,0.6197989604952443,0.4583696713932746,-0.0562543026667407,78.66131225619449,0.5244614068763087,67.9920477137177,68.98608349900597,88.66799204771371,66.99801192842942,79.81113320079524,26.968190854870777,68.23061630218687,67.07753479125248,37.77335984095427,73.26672764709062,48.42147117296223,True,-0.5190242909815734,False,False,True,True,False,True,STRESS,0.448,STRESS,RISK_ON,0.156,0.93,0.907,Health Technology,57.6,60.6,60.6,60.6,60.6,88.9,REJECTED,STRESS,0.448,0.136,0.2125,0.136,0.1105,0.255,49.5,True,False,NORMAL GİRİŞ,⭐,İşlem Açma,0.0,9.0,21.0,-0.0766607292329303,0.0,-0.006045672065269,-0.1080115499304419,3.441454281533596,-0.8401166355431977,50.0,0.15,True,"Health Technology · BSX, MDT, ISRG",
2026-09-28,WRB,66.70999908447266,67.70999908447266,66.26000213623047,67.66000366210938,2447200.0,1.2571145931181693,165577560.96191406,193925640.4430389,0.6543228031710806,1.3171430315290178,-0.9950195169602384,-4.717640244881894,1.0213054359737168,0.5422127214315386,0.3412755592689756,0.2986090593115719,0.0593085734201502,1.609336370389352,0.8069019857514181,0.0501140053839088,96.55203258021405,1.7761388840997427,92.04771371769384,76.34194831013916,47.514910536779325,9.145129224652088,60.48707753479125,60.66600397614313,88.78727634194831,32.68389662027833,21.272365805168985,74.0458593216397,35.34393638170974,True,-0.5190242909815734,False,False,True,True,False,True,STRESS,0.448,STRESS,RISK_ON,0.156,0.93,0.907,Finance,57.3,60.3,60.3,60.3,60.3,88.9,REJECTED,STRESS,0.448,0.136,0.2125,0.136,0.1105,0.255,55.6,False,False,🎯 UYGUN GİRİŞ BÖLGESİ,⭐,İşlem Açma,0.0,16.0,118.0,-0.2104737256454074,0.0084745762711864,-0.3645033970273883,-1.031861359948116,0.4250799281143194,2.8433475739355507,29.858870967741936,0.15,True,"WMT, BRK-B, COST",
2026-09-28,VMC,242.9600067138672,248.3999938964844,241.0200042724609,246.1499938964844,1224900.0,0.4693852638711693,301509127.5238037,285318964.7751465,1.0320422624213266,6.2142824445452005,-10.11502870312786,-18.981635871080115,1.5978809621011345,0.931666579235564,0.6594466162275996,0.8670507942277983,-1.0437441720192522,0.988567587839583,0.4091453618798524,-0.2334543831174769,69.51215225729084,0.9884095548527428,81.31212723658051,21.868787276341948,9.74155069582505,68.389662027833,15.198807157057654,63.23061630218688,48.111332007952285,73.55864811133199,39.165009940357855,58.17288520584837,61.0337972166998,True,-0.5190242909815734,False,False,True,True,False,True,STRESS,0.448,STRESS,RISK_ON,0.156,0.93,0.907,Non-Energy Minerals,56.8,59.8,59.8,59.8,59.8,88.9,REJECTED,STRESS,0.448,0.136,0.2125,0.136,0.1105,0.255,55.9,True,False,NORMAL GİRİŞ,⭐,İşlem Açma,0.0,5.0,58.0,-0.1344888979117103,0.0517241379310344,2.951486161549844,0.7464781743023456,-1.2685429547634186,-1.7180878792169565,58.45766129032258,0.15,True,"HD, DE, LOW",
2026-09-28,HPQ,31.290000915527344,31.799999237060547,30.739999771118164,31.31999969482422,13271100.0,0.0638992276395633,415650847.9499817,484753629.4037628,0.7972459747521654,1.6771432331630165,5.703677674060814,38.33922126689142,3.5406025731925146,0.7832502577465645,-0.3354544497302537,-1.340071258033115,-1.49155588902671,-0.012276476915961,0.0646223537773619,-0.0431723696787695,54.71700150248765,0.5829235186211368,71.37176938369781,92.2465208747515,96.42147117296224,29.62226640159046,94.5427435387674,13.419483101391652,60.5168986083499,31.451292246520875,66.2027833001988,70.52040790372789,56.6441351888668,True,-0.5190242909815734,False,False,True,True,False,True,STRESS,0.448,STRESS,RISK_ON,0.156,0.93,0.907,Technology Services,56.7,59.7,59.7,59.7,59.7,88.9,REJECTED,STRESS,0.448,0.136,0.2125,0.136,0.1105,0.255,41.7,True,True,NORMAL GİRİŞ,⭐,İşlem Açma,0.0,3.0,98.0,0.0280415811195512,0.0510204081632653,1.926375573838679,8.561067407099477,-5.170014788317999,5.597783238817111,83.25604838709678,0.15,True,"Electronic Technology · MU, NVDA, SNDK",
2026-09-28,TMUS,165.6300048828125,167.5,164.52000427246094,166.4499969482422,4792300.0,0.6165775963370868,797678320.375061,801373262.5083923,0.931870020825758,5.244284493582589,-6.357245036150672,-4.322586107810434,2.076814399547636,0.4925648118087178,0.1630693632561612,-1.0492452944046056,-0.7133314921034309,0.5990437101536956,0.2862389079197325,-0.0598799078243382,64.76494774625314,1.1356018873186602,84.69184890656064,44.93041749502982,48.31013916500994,53.47912524850894,46.78926441351889,34.89065606361829,66.56063618290258,55.62624254473161,80.51689860834989,68.51725024182214,33.26838966202783,True,-0.5190242909815734,False,False,True,True,False,True,STRESS,0.448,STRESS,RISK_ON,0.156,0.93,0.907,Communications,56.6,59.6,59.6,59.6,59.6,88.9,REJECTED,STRESS,0.448,0.136,0.2125,0.136,0.1105,0.255,57.7,True,False,NORMAL GİRİŞ,⭐,İşlem Açma,0.0,16.0,118.0,-0.2104737256454074,0.0084745762711864,-0.3645033970273883,-1.031861359948116,2.781735264644353,0.4866922374055171,25.141129032258064,0.15,True,"WMT, BRK-B, COST",
2026-09-28,UNH,376.3599853515625,380.9800109863281,374.55999755859375,377.8299865722656,4614700.0,0.3292679695247269,1743572039.0350342,1743871797.227478,0.9016828273453338,9.488571166992188,-4.358945305084017,-10.001908777031677,1.1524293374976062,0.474260636226535,-0.0668985270661869,-0.7452840796483641,-1.2554742679474005,0.5107369657438385,0.1133145728261024,-0.0436157385543109,50.93430178113904,0.8482922605063004,77.73359840954275,58.64811133200796,30.218687872763415,46.91848906560636,43.01192842942346,25.95427435387674,68.07157057654075,47.71371769383698,91.65009940357854,60.40655145047971,19.20874751491053,True,-0.5190242909815734,False,False,True,True,False,True,STRESS,0.448,STRESS,RISK_ON,0.156,0.93,0.907,Health Services,56.4,59.4,59.4,59.4,59.4,88.9,REJECTED,STRESS,0.448,0.136,0.2125,0.136,0.1105,0.255,56.1,True,False,NORMAL GİRİŞ,⭐,İşlem Açma,0.0,14.0,9.0,-0.1590686644642772,0.0,0.7983562510587072,2.2917656692236337,0.97640579097521,0.0,42.82258064516128,0.15,True,"Health Services · UNH, CVS, ELV",
2026-09-28,CDNS,319.0,329.3500061035156,317.8900146484375,326.70001220703125,1983200.0,0.1747791726258274,647911464.2089844,714444002.8552856,0.7415093034516151,9.394284929547991,-5.999133302537407,-12.347066911614291,2.892803449507936,0.8770450592963819,-0.3654372919424206,0.7346081645440354,-1.1053125598416056,1.3061030243234926,0.5979941201690452,-0.1302894831252554,76.87612676787717,0.6938034636074009,74.15506958250498,48.9065606361829,24.652087475149106,20.27833001988072,35.56660039761432,43.48906560636183,66.40159045725646,25.52683896620278,76.54075546719682,56.97985919766247,54.40357852882703,True,-0.5190242909815734,False,False,True,True,False,True,STRESS,0.448,STRESS,RISK_ON,0.156,0.93,0.907,Technology Services,56.3,59.3,59.3,59.3,59.3,88.9,REJECTED,STRESS,0.448,0.136,0.2125,0.136,0.1105,0.255,53.4,True,False,NORMAL GİRİŞ,⭐,İşlem Açma,0.0,3.0,98.0,0.0280415811195512,0.0510204081632653,1.926375573838679,8.561067407099477,10.560200375548446,-10.132431925049335,65.35282258064515,0.15,True,"Electronic Technology · MU, NVDA, SNDK",
2026-09-28,EQIX,1008.8599853515624,1031.3900146484375,1005.9400024414062,1011.0700073242188,467200.0,0.2966024704077252,472371907.421875,529077832.4418945,0.8769262533551063,25.667864118303573,-6.073667395214022,-6.828422521428101,1.6857652287882714,0.6467871840033323,-0.465387040243883,0.1706011694358096,-0.9902159211590152,-0.3927792595883292,-0.2891940245531486,-0.0677170428960097,20.157180440939825,0.8156267613892987,77.13717693836978,48.111332007952285,39.96023856858847,41.94831013916501,43.62823061630219,40.93439363817097,52.564612326043736,36.69980119284294,69.18489065606362,56.53559875979973,44.67594433399603,True,-0.5190242909815734,False,False,True,True,False,True,STRESS,0.448,STRESS,RISK_ON,0.156,0.93,0.907,Finance,56.2,59.2,59.2,59.2,59.2,88.9,REJECTED,STRESS,0.448,0.136,0.2125,0.136,0.1105,0.255,49.2,True,False,NORMAL GİRİŞ,⭐,İşlem Açma,0.0,3.0,98.0,0.0280415811195512,0.0510204081632653,1.926375573838679,8.561067407099477,-4.591962835298924,5.019731285798035,82.59072580645162,0.15,True,"Electronic Technology · MU, NVDA, SNDK",
2026-09-28,ULTA,538.3499755859375,552.719970703125,534.0499877929688,549.1300048828125,416200.0,0.7208350307756239,228547908.03222656,288410276.2470703,0.6567413824390321,14.859989711216516,1.6719135128332674,19.604897386916814,1.8074819703818337,0.7795289202953726,-0.9985869140839928,0.787550666612095,-0.6601886998149112,1.0235048482906868,0.5983155654502124,-0.002981384719971,80.77145631258398,1.2398593217571974,87.27634194831015,84.09542743538768,89.66202783300199,9.343936381709742,87.15705765407554,46.0337972166998,79.32405566600397,9.343936381709742,39.56262425447317,78.3833086531272,53.05168986083499,True,-0.5190242909815734,False,False,True,True,False,True,STRESS,0.448,STRESS,RISK_ON,0.156,0.93,0.907,Retail Trade,55.3,58.3,58.3,58.3,58.3,88.9,REJECTED,STRESS,0.448,0.136,0.2125,0.136,0.1105,0.255,47.4,True,True,NORMAL GİRİŞ,⭐,İşlem Açma,0.0,13.0,12.0,-0.1408382936484901,0.0,1.6271149203392343,-0.1347939260309285,-1.4887670800957764,1.954784235485918,43.996975806451616,0.15,True,"Retail Trade · NKE, TJX, SBUX",
2026-09-28,V,366.7000122070313,370.5,366.05999755859375,367.739990234375,6381000.0,0.0979871922200281,2346548877.685547,1868182755.6030276,1.0567316338849668,5.447856358119419,-3.1396538391258,7.636467213339682,1.0644796637975489,0.3854772572198157,-0.0464584563485387,-0.370628040507887,-1.1438449929832808,-0.2379533835935382,-0.0283827067152381,-0.1173814108916267,37.83765207230738,0.6170114832016016,71.96819085487077,64.41351888667992,74.95029821073558,72.16699801192843,70.20874751491054,38.161033797216696,47.87276341948311,63.260437375745525,92.44532803180915,66.43684671816513,18.43737574552684,True,-0.5190242909815734,False,False,True,True,False,True,STRESS,0.448,STRESS,RISK_ON,0.156,0.93,0.907,Finance,55.3,58.3,58.3,58.3,58.3,88.9,REJECTED,STRESS,0.448,0.136,0.2125,0.136,0.1105,0.255,57.0,True,False,NORMAL GİRİŞ,⭐,İşlem Açma,0.0,16.0,118.0,-0.2104737256454074,0.0084745762711864,-0.3645033970273883,-1.031861359948116,1.470372592025865,1.798054910024005,27.600806451612904,0.15,True,"WMT, BRK-B, COST",
2026-09-28,CASY,601.22998046875,615.9500122070312,596.52001953125,606.239990234375,807100.0,1.2999979908556505,489296296.11816406,385750461.7919922,1.065513713323872,27.97499738420759,-20.58476902271804,-22.300831765306185,3.6769109526024657,1.0989472160200215,1.3461123131752042,-0.4765479903517837,-0.6742293477771311,0.3463683518680508,0.1163137955839807,-0.0985260902419242,50.02560147766075,1.819022281837224,92.44532803180915,3.180914512922465,6.560636182902585,73.95626242544732,5.039761431411532,53.56858846918489,58.36978131212724,81.82902584493041,53.87673956262425,61.323633706414185,67.80914512922465,True,-0.5190242909815734,False,False,True,True,False,True,STRESS,0.448,STRESS,RISK_ON,0.156,0.93,0.907,Retail Trade,55.6,58.1,58.1,58.1,58.1,88.9,REJECTED,STRESS,0.448,0.136,0.2125,0.136,0.1105,0.255,60.7,True,False,🎯 UYGUN GİRİŞ BÖLGESİ,⭐,İşlem Açma,0.0,16.0,118.0,-0.2104737256454074,0.0084745762711864,-0.3645033970273883,-1.031861359948116,5.63832448256662,-2.3698969805167502,21.3508064516129,0.15,True,"WMT, BRK-B, COST",
2026-09-28,DXCM,86.87000274658203,87.33999633789062,85.2699966430664,86.68000030517578,3340600.0,0.0692652466997456,289563209.0194702,281339733.5097351,0.8333541218673758,2.21500015258789,-2.9230593513542624,23.86396156784192,1.470151054206837,0.4602478506991397,-0.5211715344572939,-0.0406975827444677,-1.2814067509738924,0.162004497833536,0.1579725341756382,0.055959339612178,68.11612898470067,0.5882895376813191,71.57057654075547,65.4075546719682,93.04174950298211,33.99602385685885,80.60636182902586,30.69582504970179,71.68986083499007,30.65606361829026,38.17097415506958,71.60385941934481,35.25447316103379,True,-0.5190242909815734,False,False,True,True,False,True,STRESS,0.448,STRESS,RISK_ON,0.156,0.93,0.907,Health Technology,54.9,57.9,57.9,57.9,57.9,88.9,REJECTED,STRESS,0.448,0.136,0.2125,0.136,0.1105,0.255,44.5,True,True,NORMAL GİRİŞ,⭐,İşlem Açma,0.0,9.0,21.0,-0.0766607292329303,0.0,-0.006045672065269,-0.1080115499304419,-1.083117825881463,3.684455471871861,59.13306451612903,0.15,True,"Health Technology · BSX, MDT, ISRG",
2026-09-28,OTIS,65.80000305175781,66.93000030517578,65.12999725341797,66.33000183105469,4864700.0,0.5914458222760821,322675559.90753174,293294026.38931274,1.063443276612861,1.6212850298200334,-7.204809973342641,-9.037298640901415,1.4564108827249171,0.5228077109931045,0.9083039892917348,0.4984109339001123,-0.8083703679575495,0.6449300893386648,0.3158343576484551,-0.211839191413994,66.66680795151105,1.1104701132576555,83.89662027833002,38.56858846918489,33.20079522862823,72.96222664015905,35.61630218687873,65.73558648111332,46.44135188866799,78.8469184890656,40.95427435387674,64.90226727626442,42.63021868787277,True,-0.5190242909815734,False,False,True,True,False,True,STRESS,0.448,STRESS,RISK_ON,0.156,0.93,0.907,Industrial Services,54.7,57.7,57.7,57.7,57.7,88.9,REJECTED,STRESS,0.448,0.136,0.2125,0.136,0.1105,0.255,57.6,True,False,NORMAL GİRİŞ,⭐,İşlem Açma,0.0,16.0,118.0,-0.2104737256454074,0.0084745762711864,-0.3645033970273883,-1.031861359948116,1.6025741206144477,1.6658533814354226,27.33870967741936,0.15,True,"WMT, BRK-B, COST",
2026-09-28,GEHC,66.29000091552734,67.0999984741211,65.95999908447266,66.77999877929688,4080800.0,0.2251261174578633,272515819.0185547,227450889.73242188,1.1591848097022928,1.4672137669154577,-7.864240094789087,2.659490821363386,1.2530721340868445,0.5892195197659078,0.2169023456061622,-0.395966261725569,-1.15100419120137,0.9821801274454812,0.4346485122672699,-0.1107949415192153,71.9298363025525,0.7441504084394368,75.54671968190854,35.188866799204774,66.79920477137176,84.09542743538768,52.57455268389663,41.72962226640159,65.12922465208747,75.26838966202783,28.82703777335984,71.38880867995702,43.61431411530815,True,-0.5190242909815734,False,False,True,True,False,True,STRESS,0.448,STRESS,RISK_ON,0.156,0.93,0.907,Health Technology,53.8,56.8,56.8,56.8,56.8,88.9,REJECTED,STRESS,0.448,0.136,0.2125,0.136,0.1105,0.255,52.9,False,False,NORMAL GİRİŞ,⭐,İşlem Açma,0.0,11.0,61.0,-0.1802464195556996,0.0,-1.0560686257066632,-4.935067061756293,5.798978136749156,-7.564638983437145,17.923387096774192,0.15,True,"CRM, NFLX, NOW",
2026-09-28,ZTS,70.5,71.68000030517578,70.08000183105469,71.43000030517578,3813600.0,0.5348307348293169,272405449.1638184,304316895.1225281,0.8142741385329357,1.6485721043178014,-4.785390155724089,-2.4846412216030345,1.2065860800466557,0.7030579197965592,-0.9780208483695662,0.0951545664328398,-0.5652463870903193,1.2232736998216969,0.6396876713635172,-0.1131578497980404,84.3749850988246,1.0538550258108903,83.30019880715706,56.46123260437376,55.069582504970185,32.20675944333996,55.6958250497018,41.96819085487077,67.91252485089463,23.697813121272365,42.74353876739563,69.76453628324231,43.77335984095428,True,-0.5190242909815734,False,False,True,True,False,True,STRESS,0.448,STRESS,RISK_ON,0.156,0.93,0.907,Health Technology,53.8,56.8,56.8,56.8,56.8,88.9,REJECTED,STRESS,0.448,0.136,0.2125,0.136,0.1105,0.255,46.3,True,False,NORMAL GİRİŞ,⭐,İşlem Açma,0.0,9.0,21.0,-0.0766607292329303,0.0,-0.006045672065269,-0.1080115499304419,1.849490134971021,0.7518475110193767,52.68145161290322,0.15,True,"Health Technology · BSX, MDT, ISRG",
2026-09-28,CTAS,199.50999450683597,201.4499969482422,198.63999938964844,200.5800018310547,1800900.0,0.3351498957889776,361224525.2975464,371504784.7206116,0.871880650775707,4.075714111328125,-1.7487132838331254,18.630235291610298,1.3240019513883874,0.505247762646508,-0.4635561164953839,-0.7612482091484999,-0.8746639329634762,0.5485642871415234,0.3807858554703621,0.0959781741358994,69.0392927735181,0.854174186770551,77.9324055666004,71.76938369781311,88.86679920477137,41.35188866799205,81.17296222664015,27.594433399602384,80.67594433399603,36.50099403578529,52.48508946322068,75.62361118590053,30.007952286282304,True,-0.5190242909815734,False,False,True,True,False,True,STRESS,0.448,STRESS,RISK_ON,0.156,0.93,0.907,Commercial Services,53.7,56.7,56.7,56.7,56.7,88.9,REJECTED,STRESS,0.448,0.136,0.2125,0.136,0.1105,0.255,50.3,True,True,NORMAL GİRİŞ,⭐,İşlem Açma,0.0,11.0,61.0,-0.1802464195556996,0.0,-1.0560686257066632,-4.935067061756293,4.638637518411059,-6.404298365099049,18.467741935483872,0.15,True,"CRM, NFLX, NOW",
2026-09-28,PPL,32.150001525878906,32.150001525878906,31.81999969482422,32.11000061035156,7435100.0,0.2497715707263648,238741065.5380249,206932355.8501244,1.1092602966988947,0.5035715103149414,-6.765387310245163,-12.60206692881992,0.903168291109942,0.3813832688244206,0.1798857686213627,-0.985804998219784,-0.9167333086982548,0.8540086587319722,0.3621179544088408,-0.058540019872981,87.87857770379618,0.7687958617079382,75.7455268389662,42.14711729622266,23.658051689860837,78.92644135188867,31.978131212723657,35.964214711729625,70.4572564612326,71.610337972167,24.2544731610338,64.55823550397803,29.2286282306163,True,-0.5190242909815734,False,False,True,True,False,True,STRESS,0.448,STRESS,RISK_ON,0.156,0.93,0.907,Utilities,53.6,56.6,56.6,56.6,56.6,88.9,REJECTED,STRESS,0.448,0.136,0.2125,0.136,0.1105,0.255,51.1,False,False,NORMAL GİRİŞ,⭐,İşlem Açma,0.0,16.0,118.0,-0.2104737256454074,0.0084745762711864,-0.3645033970273883,-1.031861359948116,-0.7764148664131052,4.044842368462975,32.66129032258065,0.15,True,"WMT, BRK-B, COST",
2026-09-28,EXPD,186.6499938964844,188.9600067138672,186.4499969482422,188.5800018310547,738800.0,0.5974581655152855,139322905.3527832,176565019.31304932,0.7398135445560418,3.9600001743861606,-1.122062798314449,16.428969457958065,1.3428714045906172,0.2606569190245789,-0.7772074644456687,-1.0487392054296538,-0.3069346175670057,1.338185519505012,0.7294806560645852,0.0954194684242707,84.86042213792433,1.116482456496859,84.29423459244532,75.94433399602386,87.07753479125249,19.880715705765407,82.06759443339962,27.415506958250496,90.7355864811133,18.52882703777336,17.296222664015904,78.74846766110853,29.000000000000007,True,-0.5190242909815734,False,False,True,True,False,True,STRESS,0.448,STRESS,RISK_ON,0.156,0.93,0.907,Industrials,53.4,56.4,56.4,56.4,56.4,88.9,REJECTED,STRESS,0.448,0.136,0.2125,0.136,0.1105,0.255,42.6,False,False,NORMAL GİRİŞ,⭐,İşlem Açma,0.0,4.0,10.0,-0.1381315028332713,0.0,1.8642427892004376,-4.648592127244914,-2.018909077418524,3.5157472427254977,39.47076612903226,0.15,True,"Transportation · UNP, FDX, CSX",
2026-09-28,HRL,19.709999084472656,19.989999771118164,19.56999969482422,19.96999931335449,5433400.0,1.319128569045258,108504994.2691803,90775410.2057457,1.081033760668031,0.4314282281058175,-6.156018264311602,-24.09730401613648,1.0895491806487256,0.411019409668123,0.7744836701513884,0.2202464430245224,0.1031895616947225,1.8999523763530584,0.7761894814283314,-0.2961739275037766,95.23798711177514,1.8381528600268315,92.6441351888668,46.91848906560636,5.168986083499006,75.7455268389662,23.956262425447317,73.34990059642148,48.15109343936382,79.32405566600397,2.3856858846918487,66.77429572907016,41.98011928429423,True,-0.5190242909815734,False,False,True,True,False,True,STRESS,0.448,STRESS,RISK_ON,0.156,0.93,0.907,Consumer Staples,53.1,56.1,56.1,56.1,56.1,88.9,REJECTED,STRESS,0.448,0.136,0.2125,0.136,0.1105,0.255,52.8,False,False,🎯 UYGUN GİRİŞ BÖLGESİ,⭐,İşlem Açma,0.0,16.0,118.0,-0.2104737256454074,0.0084745762711864,-0.3645033970273883,-1.031861359948116,-0.3271593638021484,3.5955868658520185,31.774193548387096,0.15,True,"WMT, BRK-B, COST",
2026-09-28,ECL,277.57000732421875,281.2699890136719,277.0,280.2300109863281,942400.0,0.2647754044188044,264088762.3535156,289596135.6536865,0.7900605288308379,5.0328521728515625,-1.9866353095980949,0.5850721415391558,1.017758711971645,0.6039290203775022,-0.8775241863426227,-0.3152482011584165,-0.7941681592061997,1.02989806738928,0.5624182562768458,-0.0583408644958945,75.64448002058334,0.7837996954003779,76.1431411530815,70.77534791252485,61.43141153081511,28.031809145129227,65.6361829025845,31.709741550695824,72.80318091451292,22.30616302186879,39.761431411530815,67.69069054678994,37.87475149105367,True,-0.5190242909815734,False,False,True,True,False,True,STRESS,0.448,STRESS,RISK_ON,0.156,0.93,0.907,Process Industries,52.2,55.2,55.2,55.2,55.2,88.9,REJECTED,STRESS,0.448,0.136,0.2125,0.136,0.1105,0.255,43.8,True,False,NORMAL GİRİŞ,⭐,İşlem Açma,0.0,5.0,58.0,-0.1344888979117103,0.0517241379310344,2.951486161549844,0.7464781743023456,2.54834434691924,-5.534975180899615,51.381048387096776,0.15,True,"HD, DE, LOW",
2026-09-28,UPS,93.75,94.38999938964844,92.7699966430664,94.25,4778100.0,0.3086429526958811,450335925.0,411329989.8475647,1.0288438453149074,2.291429247174944,-10.815669947009845,-12.739561151745216,1.8507052165551203,0.4859552281207696,0.1425554534535165,-0.5632318509144072,-1.1022836773827416,1.2422474484039725,0.5938275006240081,-0.2339506909598503,91.35807701907817,0.8276672436774546,77.53479125248509,19.08548707753479,23.26043737574553,67.79324055666004,21.381709741550697,36.51093439363817,51.21272365805169,63.737574552683895,56.2624254473161,61.554296767514174,40.34393638170975,True,-0.5190242909815734,False,False,True,True,False,True,STRESS,0.448,STRESS,RISK_ON,0.156,0.93,0.907,Transportation,52.0,55.0,55.0,55.0,55.0,88.9,REJECTED,STRESS,0.448,0.136,0.2125,0.136,0.1105,0.255,50.3,True,False,NORMAL GİRİŞ,⭐,İşlem Açma,0.0,4.0,10.0,-0.1381315028332713,0.0,1.8642427892004376,-4.648592127244914,-0.6886941359859622,2.185532301292936,37.11189516129032,0.15,True,"Transportation · UNP, FDX, CSX",
2026-09-28,ZBH,90.76000213623048,91.83999633789062,90.08999633789062,91.62000274658205,1628300.0,0.6370846059116975,149184850.47225952,169088053.31459045,0.7996189250839126,2.7557160513741628,-7.901082884416944,0.4164870085291872,1.8060450778716568,0.713942746884795,-0.5808502318636081,-1.4307558176595871,-0.8277635474979514,1.0791919597055497,0.6328613281250001,-0.0341427235531873,87.42893763950893,1.156108896893271,85.6858846918489,34.791252485089466,60.83499005964215,29.82107355864811,49.11530815109344,20.03976143141153,76.2624254473161,27.03777335984095,15.50695825049702,71.94667109993499,56.99403578528828,True,-0.5190242909815734,False,False,True,True,False,True,STRESS,0.448,STRESS,RISK_ON,0.156,0.93,0.907,Health Technology,51.6,54.6,54.6,54.6,54.6,88.9,REJECTED,STRESS,0.448,0.136,0.2125,0.136,0.1105,0.255,37.4,False,False,NORMAL GİRİŞ,⭐,İşlem Açma,0.0,9.0,21.0,-0.0766607292329303,0.0,-0.006045672065269,-0.1080115499304419,-1.1532933828052094,3.754631028795608,59.41532258064516,0.15,True,"Health Technology · BSX, MDT, ISRG",
2026-09-28,PCAR,110.37000274658205,112.22000122070312,110.37000274658205,111.6500015258789,2890900.0,0.3054568095791854,322768989.41116333,325377434.8105164,0.847532659427258,2.792142050606864,-11.76702898223574,-6.64715591481696,1.1263373455330437,0.546705605647575,-0.1435498041259166,-1.0120505564797246,-0.8372404940703657,1.2101221524900556,0.5224322942226878,-0.1888919374563578,69.18918027243147,0.8244811005607589,77.33598409542743,15.705765407554672,40.75546719681908,38.17097415506958,29.4831013916501,27.673956262425445,56.62027833001988,40.55666003976143,47.514910536779325,60.26086633738231,36.53876739562624,True,-0.5190242909815734,False,False,True,True,False,True,STRESS,0.448,STRESS,RISK_ON,0.156,0.93,0.907,Producer Manufacturing,51.3,54.3,54.3,54.3,54.3,88.9,REJECTED,STRESS,0.448,0.136,0.2125,0.136,0.1105,0.255,42.9,True,False,NORMAL GİRİŞ,⭐,İşlem Açma,0.0,5.0,58.0,-0.1344888979117103,0.0517241379310344,2.951486161549844,0.7464781743023456,-3.932798298656204,0.9461674646758288,62.752016129032256,0.15,True,"HD, DE, LOW",
2026-09-28,RL,354.54998779296875,358.45001220703125,351.25,357.1600036621094,564200.0,0.0168013322789928,201509674.0661621,240795997.1472168,0.7714342359834009,9.685723440987724,1.4947438653337253,-10.173284459115871,1.9262924385688172,0.9334342040260049,-0.3099703161599441,-0.6804267402824842,-1.3723871681829456,1.1124854592167626,0.5160414105878863,0.0844191126656651,82.08324503030559,0.5358256232605663,68.58846918489066,83.69781312127238,29.02584493041749,23.856858846918488,53.6282306163022,19.61232604373757,86.8389662027833,28.15109343936382,30.417495029821072,59.85941794239437,58.9244532803181,True,-0.5190242909815734,False,False,True,True,False,True,STRESS,0.448,STRESS,RISK_ON,0.156,0.93,0.907,Consumer Non-Durables,51.1,54.1,54.1,54.1,54.1,88.9,REJECTED,STRESS,0.448,0.136,0.2125,0.136,0.1105,0.255,43.6,False,False,NORMAL GİRİŞ,⭐,İşlem Açma,0.0,5.0,58.0,-0.1344888979117103,0.0517241379310344,2.951486161549844,0.7464781743023456,3.85446721968048,-6.841098053660854,50.4133064516129,0.15,True,"HD, DE, LOW",
2026-09-28,CL,85.6500015258789,86.61000061035156,85.30000305175781,86.5199966430664,4415000.0,0.5345097577529767,381985785.1791382,443171685.05859375,0.8227929487669288,1.5278576442173548,-4.881270181325403,-6.36363999668138,0.8477785232800406,0.4803216802881171,-0.0869300982676347,-0.1898588638472357,-0.7356031495432047,1.481174419138659,0.7732778502539255,-0.2030994692042353,93.12945534175093,1.05353404873455,83.1013916500994,55.46719681908549,41.74950298210736,32.80318091451292,47.92246520874752,42.09741550695825,57.77335984095428,38.76739562624255,61.23260437375746,66.82089782045739,26.24850894632207,True,-0.5190242909815734,False,False,True,True,False,True,STRESS,0.448,STRESS,RISK_ON,0.156,0.93,0.907,Consumer Non-Durables,50.9,53.9,53.9,53.9,53.9,88.9,REJECTED,STRESS,0.448,0.136,0.2125,0.136,0.1105,0.255,50.0,True,False,NORMAL GİRİŞ,⭐,İşlem Açma,0.0,16.0,118.0,-0.2104737256454074,0.0084745762711864,-0.3645033970273883,-1.031861359948116,2.369164488891545,0.8992630131583246,25.685483870967744,0.15,True,"WMT, BRK-B, COST",
2026-09-28,ALLE,153.0399932861328,155.91000366210938,152.4199981689453,155.3800048828125,1003200.0,0.5891135203716313,155877220.8984375,158891031.92636108,0.7123355759501535,3.042855398995536,-2.7172521394862925,11.263877467105264,1.327598241274656,0.6168194211195616,-0.3973749768962378,0.638314772135749,-0.5643575033816105,1.44579940730548,0.6846721551584682,-0.1876209050840638,84.81381246147053,1.1081378113532048,83.69781312127238,67.19681908548708,80.71570576540755,15.109343936381707,74.63220675944333,50.934393638170974,60.1192842942346,21.78926441351889,14.11530815109344,73.23883651453671,50.67992047713717,True,-0.5190242909815734,False,False,True,True,False,True,STRESS,0.448,STRESS,RISK_ON,0.156,0.93,0.907,Consumer Durables,50.8,53.8,53.8,53.8,53.8,88.9,REJECTED,STRESS,0.448,0.136,0.2125,0.136,0.1105,0.255,40.5,False,False,NORMAL GİRİŞ,⭐,İşlem Açma,0.0,5.0,58.0,-0.1344888979117103,0.0517241379310344,2.951486161549844,0.7464781743023456,1.4076894508911808,-4.394320284871556,52.83266129032258,0.15,True,"HD, DE, LOW",
2026-09-28,CPT,98.16000366210938,98.69000244140624,97.0,98.4000015258789,1450500.0,0.2853636072759125,142729202.21328735,105794308.5547638,1.2880681641587597,1.8271446228027344,-6.985535943020227,-15.710123757170711,0.8006905621622691,0.3007892436510372,1.3469702903824292,0.0353800681536988,-1.0221015131538582,1.1377580578308686,0.4251469446350536,-0.2552669687451798,82.84020730253891,0.8043878982574859,76.93836978131213,40.15904572564612,14.314115308151091,90.4572564612326,25.944333996023857,58.8469184890656,47.35586481113321,91.80914512922465,4.3737574552683895,61.42914995490598,36.07554671968191,True,-0.5190242909815734,False,False,True,True,False,True,STRESS,0.448,STRESS,RISK_ON,0.156,0.93,0.907,Real Estate,50.8,53.8,53.8,53.8,53.8,88.9,REJECTED,STRESS,0.448,0.136,0.2125,0.136,0.1105,0.255,51.1,False,False,NORMAL GİRİŞ,⭐,İşlem Açma,0.0,16.0,118.0,-0.2104737256454074,0.0084745762711864,-0.3645033970273883,-1.031861359948116,1.6427432082230575,1.6256842938268123,27.19758064516129,0.15,True,"WMT, BRK-B, COST",
2026-09-28,CHRW,146.22999572753906,148.97999572753906,145.02000427246094,148.24000549316406,987100.0,0.7749825576799818,146327709.42230225,194489358.4518433,0.7058604797505783,3.897855486188616,-1.918747192560488,-19.76183735146736,1.4150707091352277,0.4779611767213559,-1.0053936039089,0.3132740805194542,-0.1020672038519978,1.2361859993607949,0.5728574070791687,-0.0018438798979107,81.31333759758324,1.2940068486615552,88.46918489065607,71.17296222664015,8.34990059642147,14.512922465208748,36.62027833001988,48.459244532803176,82.38568588469185,12.20675944333996,21.47117296222664,62.54684071800882,37.13121272365805,True,-0.5190242909815734,False,False,True,True,False,True,STRESS,0.448,STRESS,RISK_ON,0.156,0.93,0.907,Industrials,50.3,53.3,53.3,53.3,53.3,88.9,REJECTED,STRESS,0.448,0.136,0.2125,0.136,0.1105,0.255,46.0,False,False,NORMAL GİRİŞ,⭐,İşlem Açma,0.0,4.0,10.0,-0.1381315028332713,0.0,1.8642427892004376,-4.648592127244914,-3.170667061479421,4.667505226786394,41.48689516129032,0.15,True,"Transportation · UNP, FDX, CSX",
2026-09-28,PTC,137.05999755859375,139.9199981689453,133.6699981689453,139.69000244140625,913200.0,1.1366980739368593,127564910.2294922,217105095.52764893,0.5327950151110281,4.519285474504743,-12.11701639420808,22.65343967109161,2.716534020797491,0.9350673741707708,-1.1382451238146882,0.8874368037047707,-0.2039653800980653,1.1910985937502814,0.698881103515625,-0.0223108843138395,96.320068359375,1.6557223649184327,91.25248508946322,14.314115308151091,92.2465208747515,1.3916500994035783,57.176938369781325,51.28230616302186,79.32405566600397,2.823061630218688,26.838966202783297,78.32186767092756,65.47713717693838,True,-0.5190242909815734,False,False,True,True,False,True,STRESS,0.448,STRESS,RISK_ON,0.156,0.93,0.907,Information Technology,49.8,52.7,52.7,52.7,52.7,88.9,REJECTED,STRESS,0.448,0.136,0.2125,0.136,0.1105,0.255,45.1,False,False,🎯 UYGUN GİRİŞ BÖLGESİ,⭐,İşlem Açma,0.0,11.0,61.0,-0.1802464195556996,0.0,-1.0560686257066632,-4.935067061756293,6.019229882315214,-7.784890729003203,17.782258064516128,0.15,True,"CRM, NFLX, NOW",
2026-09-28,DLTR,112.9000015258789,116.88999938964844,112.25,116.0199966430664,2072500.0,1.709473966388253,240451443.04275516,331396149.5513916,0.7170498717267841,3.889284406389509,-8.64567193459338,-5.382485203827758,2.468171215734534,0.5321810750176503,-0.4178504862543646,0.5423817257169323,0.5278081048654361,1.4935722228025845,0.646335094890607,-0.3037193416487137,81.24993834001454,2.2284982573698264,96.02385685884693,29.4234592445328,45.12922465208747,16.50099403578529,38.061630218687874,61.6699801192843,46.08349900596422,22.30616302186879,48.5089463220676,68.16972544433943,49.809145129224646,True,-0.5190242909815734,False,False,True,True,False,True,STRESS,0.448,STRESS,RISK_ON,0.156,0.93,0.907,Retail Trade,49.1,52.1,52.1,52.1,52.1,88.9,REJECTED,STRESS,0.448,0.136,0.2125,0.136,0.1105,0.255,46.5,True,False,🎯 UYGUN GİRİŞ BÖLGESİ,⭐,İşlem Açma,0.0,13.0,12.0,-0.1408382936484901,0.0,1.6271149203392343,-0.1347939260309285,3.3610974918097503,-2.8950803364196087,34.21875000000001,0.15,True,"Retail Trade · NKE, TJX, SBUX",
2026-09-28,STE,208.75999450683597,211.6300048828125,206.72000122070312,211.0,493600.0,0.9907659966422288,104149600.0,129334877.40325928,0.73914899033386,4.061427525111607,-9.430398763789327,-1.050459576064533,1.0946563391668582,0.6250715298278914,-1.0285854188865409,0.628728314944812,0.1664945047885533,1.0740469123754952,0.6141541478392203,-0.1485730777452394,87.16895289357392,1.5097902876238023,89.86083499005964,24.652087475149106,57.25646123260437,19.4831013916501,42.584493041749504,55.48707753479125,60.79522862823061,14.870775347912524,7.952286282306163,70.0290225259379,49.92842942345924,True,-0.5190242909815734,False,False,True,True,False,True,STRESS,0.448,STRESS,RISK_ON,0.156,0.93,0.907,Health Care,48.7,51.7,51.7,51.7,51.7,88.9,REJECTED,STRESS,0.448,0.136,0.2125,0.136,0.1105,0.255,39.4,False,False,NORMAL GİRİŞ,⭐,İşlem Açma,0.0,9.0,21.0,-0.0766607292329303,0.0,-0.006045672065269,-0.1080115499304419,3.6564403073751306,-1.0551026613847323,49.75806451612903,0.15,True,"Health Technology · BSX, MDT, ISRG",
2026-09-28,ESS,272.4200134277344,273.45001220703125,269.57000732421875,273.010009765625,462900.0,0.5154539558810178,126376333.5205078,151689773.8632202,0.7846560667186494,4.317860194614956,-2.760361246037535,-7.7450715488037725,0.7843402778364382,0.3706482559278202,-0.0055698172757631,0.0710235892224033,-0.4363702328388052,1.0674813831091736,0.4936845210004719,-0.0915594905878462,88.65974516281264,1.0344782468625913,82.30616302186878,66.79920477137176,36.58051689860835,26.64015904572565,50.17892644135189,51.16302186878728,68.50894632206759,36.81908548707754,12.72365805168986,65.92362859182798,31.20874751491054,True,-0.5190242909815734,False,False,True,True,False,True,STRESS,0.448,STRESS,RISK_ON,0.156,0.93,0.907,Real Estate,48.5,51.5,51.5,51.5,51.5,88.9,REJECTED,STRESS,0.448,0.136,0.2125,0.136,0.1105,0.255,45.8,False,False,NORMAL GİRİŞ,⭐,İşlem Açma,0.0,16.0,118.0,-0.2104737256454074,0.0084745762711864,-0.3645033970273883,-1.031861359948116,2.6646816360458683,0.6037458660040018,25.262096774193548,0.15,True,"WMT, BRK-B, COST",
2026-09-28,Q,124.68000030517578,126.5,122.22000122070312,124.91000366210938,1186100.0,0.1764385406973545,148155755.34362793,182109911.68237305,0.6916841614182412,4.940213884626116,-1.139688435212205,-21.05795129740923,2.495831425530356,1.3790286139697994,-0.888335441805329,0.049495435523398,-1.1604703507109173,0.5685662026853181,0.1655385676698967,0.0987157837319882,62.8505422575884,0.695462831678928,74.35387673956262,75.54671968190854,7.157057654075547,12.524850894632204,37.9324055666004,28.71769383697813,81.27236580516899,12.842942345924452,19.08548707753479,53.99081963331352,71.65805168986084,True,-0.5190242909815734,False,False,True,True,False,True,STRESS,0.448,STRESS,RISK_ON,0.156,0.93,0.907,Electronic Technology,49.2,51.0,51.0,51.0,51.0,88.9,REJECTED,STRESS,0.448,0.136,0.2125,0.136,0.1105,0.255,39.4,False,False,NORMAL GİRİŞ,⭐,İşlem Açma,0.0,3.0,98.0,0.0280415811195512,0.0510204081632653,1.926375573838679,8.561067407099477,2.313410133429039,-1.8856416829299285,69.52620967741935,0.15,True,"Electronic Technology · MU, NVDA, SNDK",
2026-09-28,EXPE,260.010009765625,266.6499938964844,257.2200012207031,264.2300109863281,1794800.0,0.0227117218246197,474240023.7182617,547603625.354065,0.7620034219676739,12.079289027622767,-17.148497746667466,-0.3958040612454194,2.9213802446949115,0.9708940927685455,0.2194112349135095,-0.6347500178947797,-1.217552219468333,0.8912016047663442,0.4690900058899295,-0.1883098914455772,74.33738292956032,0.5417360128061932,69.18489065606362,4.970178926441352,58.64811133200796,22.0675944333996,34.493041749502986,27.28628230616302,53.12127236580517,38.21073558648112,70.57654075546719,58.33234664285664,60.75745526838966,True,-0.5190242909815734,False,False,True,True,False,True,STRESS,0.448,STRESS,RISK_ON,0.156,0.93,0.907,Consumer Services,47.5,50.5,50.5,50.5,50.5,88.9,REJECTED,STRESS,0.448,0.136,0.2125,0.136,0.1105,0.255,45.9,True,False,NORMAL GİRİŞ,⭐,İşlem Açma,0.0,11.0,61.0,-0.1802464195556996,0.0,-1.0560686257066632,-4.935067061756293,-3.215334375274414,1.449673528586425,31.008064516129032,0.15,True,"CRM, NFLX, NOW",
2026-09-28,SYY,78.29000091552734,78.66999816894531,77.63999938964844,78.56999969482422,4086200.0,0.1401996069782418,321052732.7529907,314609944.9760437,0.9031663426758364,1.8471423557826447,-4.705882723075538,-5.791367272393034,1.47949513123869,0.5114175570306762,0.5358304570113319,-1.2400756957876902,-1.2463735350665848,1.2501136363767178,0.565535095256437,-0.2447042637686351,90.29139877336968,0.6592238979598153,73.558648111332,56.85884691848907,43.93638170974155,47.31610337972167,49.75149105367794,26.759443339960235,50.41749502982108,58.68787276341948,46.12326043737575,63.46949773021967,40.38369781312127,True,-0.5190242909815734,False,False,True,True,False,True,STRESS,0.448,STRESS,RISK_ON,0.156,0.93,0.907,Distribution Services,47.5,50.5,50.5,50.5,50.5,88.9,REJECTED,STRESS,0.448,0.136,0.2125,0.136,0.1105,0.255,44.1,True,False,NORMAL GİRİŞ,⭐,İşlem Açma,0.0,16.0,118.0,-0.2104737256454074,0.0084745762711864,-0.3645033970273883,-1.031861359948116,2.2462588806282326,1.0221686214216374,25.94758064516129,0.15,True,"WMT, BRK-B, COST",
2026-09-28,ORLY,85.8499984741211,87.0199966430664,85.5999984741211,86.51000213623047,4269500.0,0.4528557561662705,369354454.120636,500465674.41223145,0.6517449958974946,1.8107147216796875,-1.502900903756721,-4.048356104447127,1.4409964579798282,0.5268692833411104,-0.8938664561991151,-0.4527981523086967,-0.7277067946213392,0.8417022112007452,0.3640896831110777,-0.0478229813458985,64.08484757309722,0.971880047147844,80.51689860834989,72.96222664015905,49.70178926441352,8.747514910536779,60.16898608349901,26.988071570576537,72.00795228628232,10.417495029821074,66.79920477137176,64.18880284876101,31.30417495029821,True,-0.5190242909815734,False,False,True,True,False,True,STRESS,0.448,STRESS,RISK_ON,0.156,0.93,0.907,Retail Trade,47.2,50.2,50.2,50.2,50.2,88.9,REJECTED,STRESS,0.448,0.136,0.2125,0.136,0.1105,0.255,45.1,True,False,NORMAL GİRİŞ,⭐,İşlem Açma,0.0,16.0,118.0,-0.2104737256454074,0.0084745762711864,-0.3645033970273883,-1.031861359948116,6.4475888271249895,-3.1791613250751194,20.68548387096774,0.15,True,"WMT, BRK-B, COST",
2026-09-28,AMCR,42.25,43.02000045776367,42.0,42.790000915527344,2655900.0,0.6586746766637841,113645963.43154909,136905976.72901154,0.7845378776801499,0.9085717882428852,-8.018054781755502,-0.3493225069228112,1.4039450160606088,0.7276107232244133,-0.9421558281740308,0.6157198778379932,-0.6000717933830159,1.010030649956316,0.5401969804066764,-0.2171609632533155,77.451035390651,1.1776989676453575,86.08349900596421,33.99602385685885,58.8469184890656,26.44135188866799,47.664015904572565,47.84294234592445,50.29821073558649,20.795228628230618,9.542743538767397,67.75007371799154,59.20477137176938,True,-0.5190242909815734,False,False,True,True,False,True,STRESS,0.448,STRESS,RISK_ON,0.156,0.93,0.907,Materials,46.6,49.6,49.6,49.6,49.6,88.9,REJECTED,STRESS,0.448,0.136,0.2125,0.136,0.1105,0.255,35.5,False,False,NORMAL GİRİŞ,⭐,İşlem Açma,0.0,5.0,58.0,-0.1344888979117103,0.0517241379310344,2.951486161549844,0.7464781743023456,0.2701521882552793,-3.256783022235654,55.131048387096776,0.15,True,"HD, DE, LOW",
2026-09-28,TJX,129.89999389648438,132.19000244140625,129.0,130.25,5886200.0,0.1460883015322656,766677550.0,1098459844.2871094,0.6307354687171838,2.870000566755022,-2.957830427656083,-13.872908814388673,1.3889624669528224,0.3948327192095796,-0.2571385710153577,0.5217028751550722,-1.057783877671591,0.0853439247935308,-0.0695919831627284,-0.1636623114923641,39.1849229886157,0.665112592513839,73.75745526838966,65.00994035785288,20.87475149105368,6.163021868787276,40.73558648111332,41.411530815109344,45.8051689860835,19.045725646123262,85.2882703777336,49.51093762689338,24.616302186878727,True,-0.5190242909815734,False,False,True,True,False,True,STRESS,0.448,STRESS,RISK_ON,0.156,0.93,0.907,Retail Trade,46.3,49.3,49.3,49.3,49.3,88.9,REJECTED,STRESS,0.448,0.136,0.2125,0.136,0.1105,0.255,47.0,False,False,NORMAL GİRİŞ,⭐,İşlem Açma,0.0,13.0,12.0,-0.1408382936484901,0.0,1.6271149203392343,-0.1347939260309285,-0.4660171553901415,0.9320343107802832,41.88004032258065,0.15,True,"Retail Trade · NKE, TJX, SBUX",
2026-09-28,MO,69.0,69.5999984741211,68.68000030517578,69.12999725341797,5903000.0,0.4504469049235737,408074373.7869263,550846788.9930725,0.7159950851904368,1.2521427699497767,2.15752512696612,-6.644163060880526,0.9268265850505706,0.58600714599359,-1.032565046730434,-0.5011093551748673,-0.5504602140970417,0.2049515710803754,0.051626639908447,-0.0641764437013848,48.91280911548604,0.9694711959051472,80.11928429423459,85.08946322067594,40.95427435387674,15.904572564612328,60.81510934393639,29.02584493041749,60.79522862823062,12.644135188866798,70.77534791252485,60.839591050713615,30.485089463220675,True,-0.5190242909815734,False,False,True,True,False,True,STRESS,0.448,STRESS,RISK_ON,0.156,0.93,0.907,Consumer Non-Durables,45.7,48.7,48.7,48.7,48.7,88.9,REJECTED,STRESS,0.448,0.136,0.2125,0.136,0.1105,0.255,43.6,True,False,NORMAL GİRİŞ,⭐,İşlem Açma,0.0,16.0,118.0,-0.2104737256454074,0.0084745762711864,-0.3645033970273883,-1.031861359948116,2.9432832901567787,0.3251442118930914,24.93951612903226,0.15,True,"WMT, BRK-B, COST",
2026-09-28,KIM,22.450000762939453,22.6299991607666,22.350000381469727,22.489999771118164,5311000.0,0.2228129940757384,119444388.78440855,125097630.7548523,0.8962291214558366,0.3399998801095145,-5.543890083502035,-12.930701621687325,0.848217041487472,0.3854179850159628,0.5521320972346021,-0.1903065877269465,-0.9113860004872832,0.4813283025808261,0.0642844005449591,-0.1400043067853163,50.0,0.7418372850573118,75.14910536779324,51.29224652087475,22.86282306163022,44.93041749502982,35.65606361829026,46.29224652087476,53.95626242544732,57.73359840954275,6.958250497017893,55.70079522862824,36.65407554671968,True,-0.5190242909815734,False,False,True,True,False,True,STRESS,0.448,STRESS,RISK_ON,0.156,0.93,0.907,Real Estate,44.6,47.6,47.6,47.6,47.6,88.9,REJECTED,STRESS,0.448,0.136,0.2125,0.136,0.1105,0.255,43.0,False,False,NORMAL GİRİŞ,⭐,İşlem Açma,0.0,16.0,118.0,-0.2104737256454074,0.0084745762711864,-0.3645033970273883,-1.031861359948116,1.8459236059241328,1.4225038961257377,26.915322580645164,0.15,True,"WMT, BRK-B, COST",
2026-09-28,KVUE,17.729999542236328,17.899999618530273,17.649999618530273,17.8799991607666,16006900.0,0.4494377928932147,286203358.5664749,415172573.4612465,0.6017477748689132,0.3187855311802455,-6.875004371007276,-6.2401722036360745,1.2064527457638083,0.4961407607782614,-0.542395283307621,-0.4471413178884174,-0.5126222013375706,1.3381160833505257,0.731997299194336,-0.215182806693487,91.99981689453124,0.9684620838747882,79.92047713717693,41.35188866799205,41.94831013916501,4.3737574552683895,41.67992047713718,31.829025844930417,54.75149105367792,12.326043737574556,56.85884691848907,61.53695982066584,32.19085487077535,True,-0.5190242909815734,False,False,True,True,False,True,STRESS,0.448,STRESS,RISK_ON,0.156,0.93,0.907,Consumer Non-Durables,43.3,46.3,46.3,46.3,46.3,88.9,REJECTED,STRESS,0.448,0.136,0.2125,0.136,0.1105,0.255,39.8,True,False,NORMAL GİRİŞ,⭐,İşlem Açma,0.0,16.0,118.0,-0.2104737256454074,0.0084745762711864,-0.3645033970273883,-1.031861359948116,3.256206357834918,0.0122211442149522,24.516129032258068,0.15,True,"WMT, BRK-B, COST",
2026-09-28,KMB,98.0,99.01000213623048,97.33999633789062,98.7699966430664,3334800.0,0.3454194217580975,329378184.80529785,395821881.4729004,0.7044754300779406,2.065714699881417,-10.19276537273468,-10.13556851690801,1.419391701548402,0.6027919003918476,-0.2022736622531283,-0.289447038674732,-0.9479248587525136,1.1946350749956476,0.5993965032824556,-0.2792954598853405,85.6284634818243,0.8644437127396709,78.13121272365805,21.272365805168985,29.4234592445328,14.11530815109344,25.755467196819087,32.157057654075544,45.16898608349901,24.532803180914517,54.67196819085487,56.639387103649625,44.1868787276342,True,-0.5190242909815734,False,False,True,True,False,True,STRESS,0.448,STRESS,RISK_ON,0.156,0.93,0.907,Consumer Non-Durables,41.5,44.5,44.5,44.5,44.5,88.9,REJECTED,STRESS,0.448,0.136,0.2125,0.136,0.1105,0.255,39.0,True,False,NORMAL GİRİŞ,⭐,İşlem Açma,0.0,16.0,118.0,-0.2104737256454074,0.0084745762711864,-0.3645033970273883,-1.031861359948116,3.1215715570199256,0.1468559450299444,24.677419354838708,0.15,True,"WMT, BRK-B, COST",
2026-09-28,TRV,363.3800048828125,364.7999877929688,360.7300109863281,363.1600036621094,829500.0,0.0330528631454329,301241223.0377197,516815267.5140381,0.564758267121469,6.735709054129464,-1.6705917033251083,9.42509451069946,1.1157757226364495,0.5021013293197041,-2.0554863921081576,-1.1333749574913277,-1.167304980130481,0.1499758093559892,0.0824339219435384,-0.1246278914640133,59.705319986503206,0.5520771541270064,69.58250497017893,71.96819085487077,78.13121272365805,2.783300198807157,75.35785288270378,6.500994035785288,51.37176938369781,1.7495029821073558,67.59443339960238,61.953633390300425,29.84493041749504,True,-0.5190242909815734,False,False,True,True,False,True,STRESS,0.448,STRESS,RISK_ON,0.156,0.93,0.907,Finance,40.0,43.0,43.0,43.0,43.0,88.9,REJECTED,STRESS,0.448,0.136,0.2125,0.136,0.1105,0.255,31.2,True,False,NORMAL GİRİŞ,⭐,İşlem Açma,0.0,16.0,118.0,-0.2104737256454074,0.0084745762711864,-0.3645033970273883,-1.031861359948116,-0.0797392516881543,3.3481667537380244,31.25,0.15,True,"WMT, BRK-B, COST",
2026-09-28,FOX,56.25,57.02999877929688,55.560001373291016,56.54999923706055,563400.0,0.0176836246397416,31860269.570159912,58786311.614227295,0.4344272407624452,1.4300003051757812,-6.374173448575249,23.71472158621866,1.7763825385892809,0.5198457840446828,-1.754858855613424,0.387347562579135,-1.2583844718090782,0.4331244499027875,0.2826526984489466,-0.0343716032702033,67.34691229554355,0.536707915621315,68.78727634194831,44.73161033797216,92.84294234592446,0.7952286282306162,71.19284294234592,28.031809145129223,67.31610337972168,0.7157057654075546,0.5964214711729622,65.54582443034958,52.27236580516898,True,-0.5190242909815734,False,False,True,True,False,True,STRESS,0.448,STRESS,RISK_ON,0.156,0.93,0.907,Communication Services,38.6,41.6,41.6,41.6,41.6,88.9,REJECTED,STRESS,0.448,0.136,0.2125,0.136,0.1105,0.255,28.9,False,False,NORMAL GİRİŞ,⭐,İşlem Açma,0.0,11.0,61.0,-0.1802464195556996,0.0,-1.0560686257066632,-4.935067061756293,0.427711655185059,-2.193372501873048,23.83064516129032,0.15,True,"CRM, NFLX, NOW",
2026-09-28,REG,73.30000305175781,73.58000183105469,72.86000061035156,73.33000183105469,1024900.0,0.1365539663212622,75155918.87664795,102386722.15881348,0.7272120934753842,1.0157149178641185,-2.822685090041488,-9.803195779760532,0.7426428477064149,0.2926954384518515,-0.6935291173047414,-0.6868192895448453,-0.8539658593783626,0.668485094204007,0.1868054083838426,-0.0868168800248382,65.27783664646294,0.6555782573028357,73.35984095427436,66.2027833001988,31.01391650099404,17.495029821073558,46.84890656063618,23.66799204771372,64.37375745526839,18.52882703777336,3.7773359840954273,57.06356895291667,32.512922465208746,True,-0.5190242909815734,False,False,True,True,False,True,STRESS,0.448,STRESS,RISK_ON,0.156,0.93,0.907,Real Estate,38.2,41.2,41.2,41.2,41.2,88.9,REJECTED,STRESS,0.448,0.136,0.2125,0.136,0.1105,0.255,30.9,False,False,NORMAL GİRİŞ,⭐,İşlem Açma,0.0,16.0,118.0,-0.2104737256454074,0.0084745762711864,-0.3645033970273883,-1.031861359948116,2.630021582911496,0.638405919138374,25.32258064516129,0.15,True,"WMT, BRK-B, COST",
2026-09-28,SOLV,89.01000213623047,89.88500213623047,88.36000061035156,89.54000091552734,649100.0,0.0446937603657549,58120414.5942688,72419898.00958252,0.7250731663725117,1.952571323939732,-1.5286474040170028,14.442741456451104,1.191569364367979,0.6676394188670626,-1.1615956177592728,-0.3886343660297415,-1.2519570288382735,0.7927570024927711,0.4575398354053581,-0.1170284549022394,77.3769917702679,0.5637180513473283,70.37773359840955,72.76341948310139,85.2882703777336,17.09741550695825,79.6520874751491,18.71769383697813,62.0675944333996,12.087475149105366,1.1928429423459244,68.08262959452183,54.36580516898609,True,-0.5190242909815734,False,False,True,True,False,True,STRESS,0.448,STRESS,RISK_ON,0.156,0.93,0.907,Health Care,37.7,40.7,40.7,40.7,40.7,88.9,REJECTED,STRESS,0.448,0.136,0.2125,0.136,0.1105,0.255,26.9,False,False,NORMAL GİRİŞ,⭐,İşlem Açma,0.0,11.0,61.0,-0.1802464195556996,0.0,-1.0560686257066632,-4.935067061756293,3.547260312914313,-5.312921159602302,19.133064516129032,0.15,True,"CRM, NFLX, NOW",
2026-09-28,TSN,50.72999954223633,51.459999084472656,50.63999938964844,50.95000076293945,2537200.0,0.0589210429556397,129270341.93572998,176776698.14350128,0.652459581296433,1.0750007629394531,-7.949411449070542,-13.128728451936144,1.852616965688922,0.7591971467614711,-0.5403329394026897,-0.3105861159677715,-1.166624603476561,0.2897655563502544,-0.0134119223290131,-0.1466910447605329,37.80505959303678,0.5779453339372131,71.17296222664015,34.39363817097416,22.46520874751491,8.946322067594433,27.83300198807157,24.095427435387677,50.49701789264414,15.149105367793242,17.495029821073558,47.90575446825,64.06560636182903,True,-0.5190242909815734,False,False,True,True,False,True,STRESS,0.448,STRESS,RISK_ON,0.156,0.93,0.907,Consumer Staples,34.8,37.8,37.8,37.8,37.8,88.9,REJECTED,STRESS,0.448,0.136,0.2125,0.136,0.1105,0.255,28.9,False,False,NORMAL GİRİŞ,⭐,İşlem Açma,0.0,16.0,118.0,-0.2104737256454074,0.0084745762711864,-0.3645033970273883,-1.031861359948116,0.0108559486317996,3.2575715534180705,30.786290322580648,0.15,True,"WMT, BRK-B, COST",
2026-09-28,JBL,319.9700012207031,323.0,309.57000732421875,318.92999267578125,1752400.0,0.6914196214332646,558892919.1650391,299871729.1870117,1.5544763045262011,12.012139456612724,2.149123270700537,-14.62872940848513,2.219278840346439,1.3718953135655587,1.8179003776961704,0.6618789390147469,-0.9507224901828724,0.5105994980620828,0.1817934029276894,0.1198127415163287,69.69464226471003,1.210443912414838,86.67992047713717,84.89065606361828,18.09145129224652,96.81908548707754,48.15109343936382,70.06958250497019,81.47117296222663,96.8986083499006,41.74950298210736,71.33328132388651,64.57057654075547,True,-0.5190242909815734,False,False,True,True,True,False,STRESS,0.448,STRESS,RISK_ON,0.156,0.93,0.907,Producer Manufacturing,72.8,75.8,75.8,75.8,0.0,88.9,REJECTED,STRESS,0.448,0.136,0.2125,0.136,0.1105,0.255,73.2,True,True,NORMAL GİRİŞ,⭐,İşlem Açma,0.0,3.0,98.0,0.0280415811195512,0.0510204081632653,1.926375573838679,8.561067407099477,4.8020623290086935,-4.374293878509583,66.62298387096774,0.15,False,"Electronic Technology · MU, NVDA, SNDK",
2026-09-28,NKE,35.459999084472656,36.66999816894531,35.40999984741211,36.38999938964844,33863600.0,1.7902080829326872,1232296383.3312988,1142770153.4484863,1.0445488505246323,0.9399997166224888,-5.332988060227784,-12.270975434791607,1.3998522732621048,0.8433636420244517,0.8845444074922267,1.3720310105833975,-0.1517496537045551,1.4901567092748158,0.6376997042091911,-0.1779587236971936,77.7778450564788,2.3092323739142606,96.42147117296224,52.286282306163024,24.85089463220676,70.37773359840955,37.19681908548708,81.03379721669981,61.98807157057655,77.05765407554674,85.48707753479125,71.85134315375922,41.68787276341948,True,-0.5190242909815734,False,False,True,True,True,False,STRESS,0.448,STRESS,RISK_ON,0.156,0.93,0.907,Consumer Non-Durables,68.2,71.2,71.2,71.2,0.0,88.9,REJECTED,STRESS,0.448,0.136,0.2125,0.136,0.1105,0.255,75.4,True,True,🎯 UYGUN GİRİŞ BÖLGESİ,⭐,İşlem Açma,0.0,13.0,12.0,-0.1408382936484901,0.0,1.6271149203392343,-0.1347939260309285,0.8794648881282896,-0.413447732738148,38.55342741935484,0.15,False,"Retail Trade · NKE, TJX, SBUX",
2026-09-28,MMM,168.27999877929688,170.6199951171875,168.02999877929688,169.47999572753906,3783500.0,-0.0412900754695799,641227563.835144,474168868.1404114,1.3172187136620317,3.461429050990513,-5.228431623587182,4.3403285892624766,1.277528812298394,0.5672153728722235,0.8077870953038279,-0.5222657444221618,-1.338949234577445,0.7520115497891215,0.2743236635284969,0.0769241464024225,55.984517314920645,0.4777342155119934,65.00994035785288,52.88270377733598,68.58846918489066,91.45129224652088,61.52087475149106,42.56461232604374,81.47117296222665,89.06560636182903,64.61232604373758,68.58552926628333,30.117296222664013,True,-0.5190242909815734,False,False,False,True,False,False,STRESS,0.448,STRESS,RISK_ON,0.156,0.93,0.907,Producer Manufacturing,67.7,70.7,70.7,70.7,0.0,88.9,REJECTED,STRESS,0.448,0.136,0.2125,0.136,0.1105,0.255,67.9,False,False,NORMAL GİRİŞ,⭐,İşlem Açma,0.0,5.0,58.0,-0.1344888979117103,0.0517241379310344,2.951486161549844,0.7464781743023456,1.4855940205327878,-4.472224854513163,52.671370967741936,0.15,True,"HD, DE, LOW",
2026-09-28,MRK,147.64999389648438,149.19000244140625,146.27999877929688,148.69000244140625,7624100.0,-0.0604895406835725,1133627447.6135254,1254922316.003418,0.7720986802896143,3.204286847795759,-0.5684081574118927,14.925028939098972,1.1076456133629913,0.6392533190892469,-0.5441320366013592,-0.1068091234313542,-1.2602946219577549,0.965601806794441,0.5218226626815585,0.0174656891302103,82.81789103874993,0.4585347502980008,63.81709741550696,78.13121272365805,85.88469184890656,24.055666003976143,82.39562624254474,27.80318091451292,79.96023856858847,24.055666003976143,87.67395626242545,68.52333979970004,27.09940357852883,True,-0.5190242909815734,False,False,False,True,False,False,STRESS,0.448,STRESS,RISK_ON,0.156,0.93,0.907,Health Technology,65.1,68.1,68.1,68.1,0.0,88.9,REJECTED,STRESS,0.448,0.136,0.2125,0.136,0.1105,0.255,54.7,False,False,NORMAL GİRİŞ,⭐,İşlem Açma,0.0,6.0,26.0,0.0437365763274205,0.1923076923076923,4.8685302116231455,8.840644935212005,-3.707081459939776,2.249262979531963,92.66129032258064,0.15,True,"Health Technology · LLY, JNJ, TMO",
2026-09-28,LRCX,313.8800048828125,316.3099975585937,305.5,314.4700012207031,8902500.0,-0.2347610337346983,2799569185.8673096,2681580655.215454,0.9594332958109866,13.97357177734375,-1.290099434772074,-23.469859282883576,3.643441490980352,2.1260834054162294,-0.1351107860632109,-0.2162514754359028,-1.4192949565305129,0.7722885259874345,0.387326732952781,0.2077368912518789,82.97875343711006,0.284263257246875,58.8469184890656,73.95626242544732,5.7654075546719685,58.4493041749503,36.45129224652088,34.07554671968191,88.23061630218689,53.12127236580517,95.42743538767397,53.95692106935712,56.51888667992047,True,-0.5190242909815734,False,False,False,True,False,False,STRESS,0.448,STRESS,RISK_ON,0.156,0.93,0.907,Producer Manufacturing,65.0,68.0,68.0,68.0,0.0,88.9,REJECTED,STRESS,0.448,0.136,0.2125,0.136,0.1105,0.255,66.4,False,False,NORMAL GİRİŞ,⭐,İşlem Açma,0.0,3.0,98.0,0.0280415811195512,0.0510204081632653,1.926375573838679,8.561067407099477,3.8095633166944753,-3.3817948661953645,67.57056451612904,0.15,True,"Electronic Technology · MU, NVDA, SNDK",
2026-09-28,CMG,31.200000762939453,33.599998474121094,31.13999938964844,31.850000381469727,31427900.0,1.6597525024895088,1000978626.9887924,394424180.938118,2.4792752112317173,1.2471432004656111,-14.42772600357408,-3.397026443828544,2.002222579216951,0.7101271056432418,2.1731458979870824,2.0463478971536158,-0.8088262385856362,0.052895035148579,-0.1136173500559799,-0.2585626024977582,28.861839677208263,2.178776793471082,95.42743538767397,8.946322067594433,51.491053677932406,99.80119284294234,32.34592445328032,79.47316103379721,32.40556660039761,99.32405566600396,54.47316103379721,70.007456333526,57.36580516898608,True,-0.5190242909815734,False,False,True,False,False,False,STRESS,0.448,STRESS,RISK_ON,0.156,0.93,0.907,Consumer Services,62.7,65.7,65.7,65.7,0.0,88.9,REJECTED,STRESS,0.448,0.136,0.2125,0.136,0.1105,0.255,64.3,True,True,🎯 UYGUN GİRİŞ BÖLGESİ,⭐,İşlem Açma,0.0,14.0,9.0,-0.1590686644642772,0.0,0.7983562510587072,2.2917656692236337,-2.9876771375133115,3.9640829284885215,50.64516129032258,0.15,False,"Health Services · UNH, CVS, ELV",
2026-09-28,WDC,449.010009765625,459.989990234375,432.0400085449219,453.2300109863281,7268700.0,-0.7836926931106492,3294392980.8563232,2870654337.561035,1.1287519857630688,24.892859322684156,-1.8982660202752968,-30.47339832694236,3.040643726019264,1.8673545891113956,0.1503427953966482,0.805932693863593,-1.1499878691086574,0.8120008629026395,0.3518969498779842,0.0399161721600988,75.81401189039869,-0.2646684021290757,40.15904572564612,71.37176938369781,2.3856858846918487,81.11332007952286,33.42942345924453,57.813121272365805,79.80119284294234,72.04771371769384,95.82504970178928,45.445218286455365,56.72365805168987,True,-0.5190242909815734,False,False,False,True,False,False,STRESS,0.448,STRESS,RISK_ON,0.156,0.93,0.907,Electronic Technology,67.7,65.7,65.7,65.7,0.0,88.9,REJECTED,STRESS,0.448,0.136,0.2125,0.136,0.1105,0.255,74.9,False,False,NORMAL GİRİŞ,⭐,İşlem Açma,0.0,3.0,98.0,0.0280415811195512,0.0510204081632653,1.926375573838679,8.561067407099477,0.9059128432158504,-0.4781443927167395,72.38911290322581,0.15,True,"Electronic Technology · MU, NVDA, SNDK",
2026-09-28,MRNA,195.15499877929688,199.8249969482422,189.1000061035156,197.27999877929688,13312200.0,-0.8045082784759572,2626230799.749756,2552054115.0,0.836640428822056,11.942140851702009,38.18028912187215,183.0416051352896,4.692114885975804,1.5300902583578722,0.2973467720412032,0.038666793324088,-0.8501098728127596,0.6121397092323948,0.3781352392252939,0.2171547162795046,76.27039308666004,-0.2854839874943837,39.36381709741551,100.0,100.0,35.387673956262425,100.0,47.783300198807154,86.60039761431412,47.395626242544736,95.02982107355864,62.53956415956064,55.55268389662027,True,-0.5190242909815734,False,False,False,True,False,False,STRESS,0.448,STRESS,RISK_ON,0.156,0.93,0.907,Health Technology,67.6,65.6,65.6,65.6,0.0,88.9,REJECTED,STRESS,0.448,0.136,0.2125,0.136,0.1105,0.255,68.8,False,False,NORMAL GİRİŞ,⭐,İşlem Açma,0.0,3.0,98.0,0.0280415811195512,0.0510204081632653,1.926375573838679,8.561067407099477,13.851120651646143,-13.423352201147033,65.21169354838709,0.15,True,"Electronic Technology · MU, NVDA, SNDK",
2026-09-28,CAT,821.0499877929688,827.5700073242188,808.2000122070312,819.9500122070312,2174700.0,-0.1983987985231472,1783145291.5466309,1832497278.7733157,0.9016337369478288,20.687151227678573,0.3610786055117776,-20.63898299750789,1.6033486101677714,1.2212054666937635,-0.6165785521203685,0.331069086558649,-1.180188745733728,0.48052785267987,0.0917147196541445,0.1687589872567447,60.66083098582673,0.3206254924584262,59.84095427435388,80.31809145129225,7.5546719681908545,46.71968190854871,40.29821073558649,39.35387673956262,82.74353876739562,36.85884691848906,92.2465208747515,51.10385645842362,45.40954274353877,True,-0.5190242909815734,False,False,False,True,False,False,STRESS,0.448,STRESS,RISK_ON,0.156,0.93,0.907,Producer Manufacturing,62.3,65.3,65.3,65.3,0.0,88.9,REJECTED,STRESS,0.448,0.136,0.2125,0.136,0.1105,0.255,62.5,False,False,NORMAL GİRİŞ,⭐,İşlem Açma,0.0,3.0,98.0,0.0280415811195512,0.0510204081632653,1.926375573838679,8.561067407099477,0.1994142711751467,0.228354179323964,74.1633064516129,0.15,True,"Electronic Technology · MU, NVDA, SNDK",
2026-09-28,MCHP,77.6500015258789,78.25,75.93000030517578,77.97000122070312,9381300.0,-0.914984366964844,731459972.4517822,594672837.9798889,1.1017154667989797,2.7014290945870534,3.2852049552300144,-12.4522779915752,2.326430117102502,1.382645359020035,0.0611880974702856,0.45460701382815,-1.1000253853699573,0.9280529732341022,0.4793108551171211,0.3069601778222381,87.9310855117121,-0.3959600759832704,35.785288270377734,88.66799204771371,24.2544731610338,78.13121272365805,53.24055666003976,54.04572564612326,91.68986083499006,68.82703777335985,72.76341948310139,50.84082226886504,55.658051689860834,True,-0.5190242909815734,False,False,False,True,False,False,STRESS,0.448,STRESS,RISK_ON,0.156,0.93,0.907,Electronic Technology,67.3,65.3,65.3,65.3,0.0,88.9,REJECTED,STRESS,0.448,0.136,0.2125,0.136,0.1105,0.255,72.0,False,False,NORMAL GİRİŞ,⭐,İşlem Açma,0.0,3.0,98.0,0.0280415811195512,0.0510204081632653,1.926375573838679,8.561067407099477,4.042727382301214,-3.614958931802104,67.26814516129032,0.15,True,"Electronic Technology · MU, NVDA, SNDK",
2026-09-28,TT,451.9400024414063,457.1799926757813,447.55999755859375,452.05999755859375,1371400.0,-0.5237225750431951,619955080.6518555,440677263.7734375,1.3059335510841514,11.23714338030134,-0.4952570802769562,-5.889456113543512,1.41767660139565,0.8898799343139764,0.8106243497280686,-0.0039180266592732,-0.9076182788842146,0.0015249886287716,-0.0298336442194221,0.1721123140435156,46.77757052038525,-0.0046982840616216,49.90059642147117,78.52882703777337,43.33996023856859,90.65606361829026,59.17495029821074,58.28031809145129,76.10337972166998,88.66799204771371,60.63618290258449,56.22745884130293,46.65805168986083,True,-0.5190242909815734,False,False,False,True,False,False,STRESS,0.448,STRESS,RISK_ON,0.156,0.93,0.907,Producer Manufacturing,67.3,65.3,65.3,65.3,0.0,88.9,REJECTED,STRESS,0.448,0.136,0.2125,0.136,0.1105,0.255,70.2,False,False,NORMAL GİRİŞ,⭐,İşlem Açma,0.0,3.0,98.0,0.0280415811195512,0.0510204081632653,1.926375573838679,8.561067407099477,4.101623691888079,-3.673855241388968,67.12701612903226,0.15,True,"Electronic Technology · MU, NVDA, SNDK",
2026-09-28,REGN,778.0900268554688,780.9500122070312,750.0,752.25,1065300.0,-4.541644970466452,801371925.0,481091229.2114258,1.5294717270984832,19.412850516183035,-6.866325785244709,19.06269289818143,1.9604390975347885,0.7750812045247004,1.3371328032333525,1.9188503639066632,1.527759983495894,-1.548961283387453,-0.8457353303686759,-0.0097077155793631,7.269787116558368,-4.022620679484879,1.5904572564612325,41.5506958250497,89.06560636182903,96.22266401590456,67.68389662027833,96.58051689860837,46.91848906560636,94.95029821073558,65.8051689860835,35.88503040151667,53.916500994035786,True,-0.5190242909815734,False,False,False,True,False,False,STRESS,0.448,STRESS,RISK_ON,0.156,0.93,0.907,Health Technology,67.0,65.0,65.0,65.0,0.0,88.9,REJECTED,STRESS,0.448,0.136,0.2125,0.136,0.1105,0.255,75.2,False,False,NORMAL GİRİŞ,⭐,İşlem Açma,0.0,6.0,26.0,0.0437365763274205,0.1923076923076923,4.8685302116231455,8.840644935212005,-8.91843540928523,7.460616928877417,97.37903225806453,0.15,True,"Health Technology · LLY, JNJ, TMO",
2026-09-28,ETN,437.7099914550781,441.9400024414063,423.8299865722656,431.4100036621094,2367400.0,-1.9478174258432457,1021320042.6696776,787120423.2260742,1.1404265158558498,14.835719517299108,3.694357192123188,5.670407010755252,2.741836447665349,1.4538464676420304,0.5383599716272229,0.7077930095060206,-0.2285245290838429,-0.3012732398229289,-0.246133657101355,0.0499863283007456,41.85538623828629,-1.4287931348616725,15.904572564612328,89.46322067594433,70.9741550695825,82.50497017892644,79.29423459244532,75.18886679920476,65.20874751491053,79.96023856858847,79.52286282306163,44.68951476696978,61.01391650099404,True,-0.5190242909815734,False,False,False,True,False,False,STRESS,0.448,STRESS,RISK_ON,0.156,0.93,0.907,Producer Manufacturing,66.7,64.7,64.7,64.7,0.0,88.9,REJECTED,STRESS,0.448,0.136,0.2125,0.136,0.1105,0.255,74.0,False,False,NORMAL GİRİŞ,⭐,İşlem Açma,0.0,3.0,98.0,0.0280415811195512,0.0510204081632653,1.926375573838679,8.561067407099477,-1.1463452450689582,1.574113695568069,77.14717741935485,0.15,True,"Electronic Technology · MU, NVDA, SNDK",
2026-09-28,DAL,83.3499984741211,84.55999755859375,82.0,84.02999877929688,7517800.0,-1.071348759069224,631720724.822998,484406251.55029297,1.0833821502350056,2.4900000435965404,3.561743627430203,-9.810025996246786,1.857667538262213,1.3628702632843936,0.7775363016977812,0.7497638667307241,-0.8291743079428754,1.086533118152763,0.441797349974966,0.1128807027240173,79.29690293970388,-0.5523244680876505,30.417495029821072,89.06560636182903,30.81510934393638,75.94433399602386,57.02783300198807,67.41550695825049,88.54870775347912,79.52286282306163,66.00397614314116,48.39191693412943,54.31809145129225,True,-0.5190242909815734,False,False,False,True,False,False,STRESS,0.448,STRESS,RISK_ON,0.156,0.93,0.907,Transportation,66.6,64.6,64.6,64.6,0.0,88.9,REJECTED,STRESS,0.448,0.136,0.2125,0.136,0.1105,0.255,75.9,False,False,NORMAL GİRİŞ,⭐,İşlem Açma,0.0,5.0,58.0,-0.1344888979117103,0.0517241379310344,2.951486161549844,0.7464781743023456,0.6063109520580534,-3.5929417860384283,54.46572580645161,0.15,True,"HD, DE, LOW",
2026-09-28,META,750.0399780273438,750.5800170898438,713.1900024414062,715.6199951171875,27713500.0,-4.794718265570575,19832334734.680176,12969567444.781494,1.2085322679009496,31.254289899553573,25.30554983666389,27.198719359613843,3.5424869318533228,1.2299171406403056,1.1138426065185745,0.6802624277944712,0.5862001168034244,-1.503192977424231,-0.8927653208139759,-0.01409215269811,6.499041785967306,-4.275693974589002,1.3916500994035783,99.00596421471172,94.23459244532803,86.67992047713717,96.38170974155072,85.95427435387674,46.640159045725646,88.27037773359841,99.40357852882704,38.3815145165689,59.57852882703777,True,-0.5190242909815734,False,False,False,True,False,False,STRESS,0.448,STRESS,RISK_ON,0.156,0.93,0.907,Technology Services,66.6,64.6,64.6,64.6,0.0,88.9,REJECTED,STRESS,0.448,0.136,0.2125,0.136,0.1105,0.255,77.3,False,False,NORMAL GİRİŞ,⭐,İşlem Açma,0.0,3.0,98.0,0.0280415811195512,0.0510204081632653,1.926375573838679,8.561067407099477,-3.680795943778581,4.108564394277692,81.23991935483872,0.15,True,"Electronic Technology · MU, NVDA, SNDK",
2026-09-28,FCX,69.76000213623047,72.5,69.45999908447266,71.95999908447266,8876600.0,-0.4840250116693534,638760127.87323,765230211.1419678,0.7544927789993872,2.670714787074498,-8.237695633164178,16.78026466159146,2.581569564288132,2.0078142301214967,-1.2235212998431853,0.3223543568710054,-0.9986215129673168,1.317603146042637,0.6802623356480844,0.0852789699142815,82.23681733879772,0.03499927931222,51.29224652087475,32.20675944333996,87.27634194831015,21.47117296222664,62.49502982107357,35.188866799204774,89.58250497017893,14.314115308151091,78.13121272365805,61.75151473586784,58.38568588469185,True,-0.5190242909815734,False,False,False,True,False,False,STRESS,0.448,STRESS,RISK_ON,0.156,0.93,0.907,Non-Energy Minerals,61.5,64.5,64.5,64.5,0.0,88.9,REJECTED,STRESS,0.448,0.136,0.2125,0.136,0.1105,0.255,55.9,False,False,NORMAL GİRİŞ,⭐,İşlem Açma,0.0,3.0,98.0,0.0280415811195512,0.0510204081632653,1.926375573838679,8.561067407099477,-0.5002906273291474,0.9280590778282582,75.81653225806453,0.15,True,"Electronic Technology · MU, NVDA, SNDK",
2026-09-28,FIX,1655.8199462890625,1689.280029296875,1628.0,1658.300048828125,334300.0,-0.0367702490788879,554369706.3232422,477492356.6345215,1.0161403082160552,71.18783133370536,2.682389183031675,-14.901798955897249,2.5729414138569244,1.639056509284099,-0.4656402166014594,-0.0020835908471153,-1.2881633165716595,0.08138232961902,0.0121097158201296,0.2213458739195972,49.44522575427385,0.4822540419026855,65.20874751491054,86.28230616302187,16.898608349900595,66.6003976143141,48.12127236580517,36.76938369781312,79.12524850894631,51.41153081510933,65.4075546719682,56.20794205852877,62.32604373757455,True,-0.5190242909815734,False,False,False,True,False,False,STRESS,0.448,STRESS,RISK_ON,0.156,0.93,0.907,Industrial Services,61.1,64.1,64.1,64.1,0.0,88.9,REJECTED,STRESS,0.448,0.136,0.2125,0.136,0.1105,0.255,58.1,False,False,NORMAL GİRİŞ,⭐,İşlem Açma,0.0,3.0,98.0,0.0280415811195512,0.0510204081632653,1.926375573838679,8.561067407099477,1.3516810088440523,-0.9239125583449416,71.32056451612902,0.15,True,"Electronic Technology · MU, NVDA, SNDK",
2026-09-28,RVTY,148.97000122070312,151.0500030517578,148.1199951171875,151.02000427246094,1478200.0,-0.0595568377520505,223237770.31555176,284199683.0921936,0.6725357719693351,5.33714348929269,16.428960197718713,35.79714438671069,3.064793006235815,0.7192722166700177,-0.1211485996808446,-1.0265149119965662,-1.2541732936481915,1.3380466241062217,0.8535837226136724,0.198777491372312,98.9761536498612,0.4594674532295228,64.01590457256461,98.40954274353876,96.02385685884693,10.73558648111332,97.09741550695826,16.5506958250497,94.99005964214712,24.89065606361829,38.76739562624255,73.3906571144891,53.51689860834991,True,-0.5190242909815734,False,False,False,True,False,False,STRESS,0.448,STRESS,RISK_ON,0.156,0.93,0.907,Health Technology,61.1,64.1,64.1,64.1,0.0,88.9,REJECTED,STRESS,0.448,0.136,0.2125,0.136,0.1105,0.255,46.2,False,False,NORMAL GİRİŞ,⭐,İşlem Açma,0.0,6.0,26.0,0.0437365763274205,0.1923076923076923,4.8685302116231455,8.840644935212005,2.0091836305161315,-3.4670021109239446,81.63306451612904,0.15,True,"Health Technology · LLY, JNJ, TMO",
2026-09-28,AMD,624.9000244140625,629.75,596.0700073242188,607.8699951171875,21995500.0,-3.609090843981389,13370404477.600098,11278576279.54712,1.01702477886745,26.196417672293528,27.52428202261259,12.674932828632125,3.6099518083348574,1.7924023972669474,-0.1436244156672163,0.9159167523166002,0.077601332205597,-0.7773171231781967,-0.3921474303794945,0.4024954441768841,35.035600828541554,-3.090066552999815,4.174950298210735,99.40357852882704,83.30019880715706,66.79920477137176,90.54671968190856,71.96819085487077,70.01988071570577,57.65407554671968,98.80715705765408,40.61389805502115,58.40159045725647,True,-0.5190242909815734,False,False,False,True,False,False,STRESS,0.448,STRESS,RISK_ON,0.156,0.93,0.907,Electronic Technology,65.4,63.4,63.4,63.4,0.0,88.9,REJECTED,STRESS,0.448,0.136,0.2125,0.136,0.1105,0.255,73.9,False,False,NORMAL GİRİŞ,⭐,İşlem Açma,0.0,3.0,98.0,0.0280415811195512,0.0510204081632653,1.926375573838679,8.561067407099477,-1.4659779347652169,1.893746385264328,77.75201612903226,0.15,True,"Electronic Technology · MU, NVDA, SNDK",
2026-09-28,MSFT,505.4700012207031,513.3300170898438,502.2200012207031,509.2200012207031,19611600.0,-1.346452122277486,9986618975.93994,9530592574.142456,0.8990418490237184,11.260001046316964,0.8236647568018007,38.16100095523323,1.5768368714588463,0.7844227212877823,-0.7886835230865801,0.7410565102967798,0.4100026633395821,0.455002985941847,0.294958289040332,0.0477403824856606,63.0062106341659,-0.8274278312959127,24.652087475149106,82.10735586481114,96.22266401590456,45.52683896620278,89.87077534791254,64.24453280318092,74.67196819085487,33.6779324055666,98.40954274353876,52.8344182801164,36.71570576540756,True,-0.5190242909815734,False,False,False,True,False,False,STRESS,0.448,STRESS,RISK_ON,0.156,0.93,0.907,Technology Services,64.3,62.3,62.3,62.3,0.0,88.9,REJECTED,STRESS,0.448,0.136,0.2125,0.136,0.1105,0.255,68.1,False,False,NORMAL GİRİŞ,⭐,İşlem Açma,0.0,3.0,98.0,0.0280415811195512,0.0510204081632653,1.926375573838679,8.561067407099477,1.293995662863312,-0.8662272123642012,71.46169354838709,0.15,True,"Electronic Technology · MU, NVDA, SNDK",
2026-09-28,VST,138.0800018310547,139.00999450683594,135.77000427246094,138.02000427246094,4272600.0,-0.3177830565294748,589704270.2545166,628864741.2494507,0.9489869010666828,3.9632175990513394,-1.2803059348680867,-15.001844887017524,2.0385707536975084,0.93376437729428,0.047444992205356,-0.2278980716828597,-1.060365605473004,0.6125097824514065,0.2055581719538844,-0.0934383269749082,69.44465375631074,0.2012412344520986,56.66003976143141,74.15506958250498,16.50099403578529,56.46123260437376,42.445328031809154,40.24850894632206,62.46520874751491,55.58648111332008,73.95626242544732,51.05380931201279,53.81908548707753,True,-0.5190242909815734,False,False,False,True,False,False,STRESS,0.448,STRESS,RISK_ON,0.156,0.93,0.907,Utilities,59.3,62.3,62.3,62.3,0.0,88.9,REJECTED,STRESS,0.448,0.136,0.2125,0.136,0.1105,0.255,56.7,False,False,NORMAL GİRİŞ,⭐,İşlem Açma,0.0,3.0,98.0,0.0280415811195512,0.0510204081632653,1.926375573838679,8.561067407099477,-2.183624303844589,2.6113927543437,78.88104838709677,0.15,True,"Electronic Technology · MU, NVDA, SNDK",
2026-09-28,QCOM,199.16000366210935,199.16000366210935,186.7100067138672,187.47999572753903,16658100.0,-7.174335498136719,3123060516.8289185,2305668218.989563,1.1437444256697606,10.35500008719308,13.77594108965836,-0.6570603393709962,3.658568074753703,1.6425626500068424,0.9193636663292684,1.190605516990249,1.92382782346438,-1.7056310059757158,-0.9041378904627032,-0.0374431959603151,6.184652228212712,-6.655311207155146,0.5964214711729622,97.61431411530816,57.85288270377733,82.7037773359841,75.74552683896621,92.9920477137177,42.54473161033797,84.7713717693837,94.43339960238568,29.66419086894453,64.48310139165011,True,-0.5190242909815734,False,False,False,False,False,False,STRESS,0.448,STRESS,RISK_ON,0.156,0.93,0.907,Electronic Technology,63.4,61.4,61.4,61.4,0.0,88.9,REJECTED,STRESS,0.448,0.136,0.2125,0.136,0.1105,0.255,76.5,False,False,NORMAL GİRİŞ,⭐,İşlem Açma,0.0,3.0,98.0,0.0280415811195512,0.0510204081632653,1.926375573838679,8.561067407099477,-3.698383799744631,4.1261522502437415,81.36088709677419,0.15,False,"Electronic Technology · MU, NVDA, SNDK",
2026-09-28,INTC,120.68000030517578,121.70999908447266,114.70999908447266,116.02999877929688,111220000.0,-5.666667659108226,12904856464.233398,10395444429.185104,1.0520903935028074,6.801429748535156,25.996306634050235,-11.911631658596356,4.72898529489776,2.4024857204532637,0.2160665846526818,0.7444786687546073,0.6120019778151049,-1.1356013266015208,-0.6415001460484095,0.1987856617808672,18.85713849748884,-5.147643368126653,1.1928429423459244,99.20477137176938,25.64612326043737,70.9741550695825,58.74751491053678,78.74751491053678,63.936381709741546,67.31610337972167,98.60834990059642,25.63521683185624,61.94433399602385,True,-0.5190242909815734,False,False,False,True,False,False,STRESS,0.448,STRESS,RISK_ON,0.156,0.93,0.907,Electronic Technology,63.3,61.3,61.3,61.3,0.0,88.9,REJECTED,STRESS,0.448,0.136,0.2125,0.136,0.1105,0.255,76.0,False,False,NORMAL GİRİŞ,⭐,İşlem Açma,0.0,3.0,98.0,0.0280415811195512,0.0510204081632653,1.926375573838679,8.561067407099477,-4.944751649815892,5.372520100315003,82.89314516129033,0.15,True,"Electronic Technology · MU, NVDA, SNDK",
2026-09-28,HIG,124.38999938964844,126.33999633789062,123.83000183105467,126.04000091552734,2051000.0,1.4569729611882298,258508041.87774655,202181508.8550568,1.2673950119880366,2.3314268929617747,-8.534106737643443,-5.580941706848952,1.065037721720584,0.5282186564435137,0.9967060902445856,0.3726415036546814,0.105260168917065,1.4148509838743324,0.7143452688531566,-0.4185619217146898,88.0479649837381,1.9759972521698037,93.83697813121272,30.019880715705767,44.73161033797216,89.46322067594433,38.111332007952285,78.99602385685884,39.16500994035785,89.46322067594433,22.86282306163022,74.41513447054079,44.57256461232605,True,-0.5190242909815734,False,False,True,False,False,False,STRESS,0.448,STRESS,RISK_ON,0.156,0.93,0.907,Finance,57.9,60.9,60.9,60.9,0.0,88.9,REJECTED,STRESS,0.448,0.136,0.2125,0.136,0.1105,0.255,57.9,False,False,🎯 UYGUN GİRİŞ BÖLGESİ,⭐,İşlem Açma,0.0,16.0,118.0,-0.2104737256454074,0.0084745762711864,-0.3645033970273883,-1.031861359948116,-1.5197864653318125,4.788213967381683,34.17338709677419,0.15,False,"WMT, BRK-B, COST",
2026-09-28,NEM,115.5199966430664,117.29000091552734,114.62999725341795,116.0500030517578,6866300.0,-4.430533838340656,796834135.9542847,782897853.8707733,0.8983158948260128,4.277856554303851,-12.276057863967182,22.791242251357318,2.282160431431561,1.7788932829744386,-0.1624591888676896,1.5983942178733015,1.5695865804364288,0.1238867776707784,0.126882249348921,0.0683027382716069,53.38360313435747,-3.911509547359082,2.1868787276341948,13.717693836978132,92.6441351888668,45.32803180914513,57.1272365805169,78.76739562624255,71.96819085487077,44.13518886679921,78.92644135188867,37.66142194365443,59.50298210735586,True,-0.5190242909815734,False,False,False,True,False,False,STRESS,0.448,STRESS,RISK_ON,0.156,0.93,0.907,Non-Energy Minerals,62.9,60.9,60.9,60.9,0.0,88.9,REJECTED,STRESS,0.448,0.136,0.2125,0.136,0.1105,0.255,69.8,False,False,NORMAL GİRİŞ,⭐,İşlem Açma,0.0,3.0,98.0,0.0280415811195512,0.0510204081632653,1.926375573838679,8.561067407099477,-5.911866706890089,6.339635157389201,83.78024193548387,0.15,True,"Electronic Technology · MU, NVDA, SNDK",
2026-09-28,PH,973.22998046875,983.9199829101562,962.530029296875,969.5499877929688,651800.0,-0.8974506703772867,631952682.043457,560714124.3896484,1.0727010903106358,20.514269147600448,-4.118869878068754,0.5976392982878886,1.3274681121750334,0.6666384400915737,0.3668378925312097,0.386915435016371,-0.3787569777051423,-0.4200495732702995,-0.2664109024605297,-0.0167249242612,32.818951471381325,-0.3784263793957132,36.38170974155069,59.64214711729622,61.63021868787276,74.75149105367794,60.73558648111332,67.50497017892644,59.20477137176938,72.52485089463221,71.37176938369781,48.36738222467292,38.73558648111332,True,-0.5190242909815734,False,False,False,True,False,False,STRESS,0.448,STRESS,RISK_ON,0.156,0.93,0.907,Producer Manufacturing,62.7,60.7,60.7,60.7,0.0,88.9,REJECTED,STRESS,0.448,0.136,0.2125,0.136,0.1105,0.255,66.8,False,False,NORMAL GİRİŞ,⭐,İşlem Açma,0.0,3.0,98.0,0.0280415811195512,0.0510204081632653,1.926375573838679,8.561067407099477,0.9645587786136,-0.5367903281144892,72.28830645161291,0.15,True,"Electronic Technology · MU, NVDA, SNDK",
2026-09-28,JPM,341.8299865722656,342.0,336.29998779296875,336.5899963378906,9790100.0,-1.885967838496838,3295249723.147583,2305620153.125,1.2700428618871684,7.250714983258929,-4.977133889139351,2.185857596736596,1.2057690453256276,0.5143526498230611,0.8788931576125297,0.0643836273309247,0.8848982537016025,-1.721723586801216,-0.9077161121759524,0.0585886132934403,5.087858313077557,-1.3669435475152647,17.09741550695825,54.87077534791253,64.81113320079523,89.86083499005964,60.337972166998014,79.12524850894633,50.89463220675944,88.58846918489066,94.23459244532803,38.03363672593996,24.62226640159046,True,-0.5190242909815734,False,False,False,True,False,False,STRESS,0.448,STRESS,RISK_ON,0.156,0.93,0.907,Finance,62.5,60.5,60.5,60.5,0.0,88.9,REJECTED,STRESS,0.448,0.136,0.2125,0.136,0.1105,0.255,75.6,False,False,NORMAL GİRİŞ,⭐,İşlem Açma,0.0,2.0,35.0,-0.113706142892541,0.0571428571428571,-2.0972182618281487,-1.937988913512056,-0.5882377893395736,0.0,58.155241935483865,0.15,True,"Finance · JPM, BAC, GS",
2026-09-28,AMZN,246.6300048828125,247.7700042724609,244.72999572753903,246.1499938964844,31955500.0,-1.4098627381248452,7865846129.959106,8238185992.082977,0.904026454701642,5.408567156110491,-3.945214275936793,2.502704212744389,1.4685544810679478,0.9234126304997492,-0.4685199742923844,0.1847620506967365,0.3969835514992036,-0.101247236342773,-0.107240375445465,0.0650097235383939,46.71033478893741,-0.8908384471432718,22.664015904572565,60.83499005964215,66.40159045725646,47.713717693836976,63.89662027833002,60.129224652087466,68.70775347912524,40.0,98.01192842942343,42.86188834966909,40.33399602385686,True,-0.5190242909815734,False,False,False,True,False,False,STRESS,0.448,STRESS,RISK_ON,0.156,0.93,0.907,Retail Trade,62.4,60.4,60.4,60.4,0.0,88.9,REJECTED,STRESS,0.448,0.136,0.2125,0.136,0.1105,0.255,66.3,False,False,NORMAL GİRİŞ,⭐,İşlem Açma,0.0,3.0,98.0,0.0280415811195512,0.0510204081632653,1.926375573838679,8.561067407099477,-4.982270328189363,5.410038778688475,83.01411290322581,0.15,True,"Electronic Technology · MU, NVDA, SNDK",
2026-09-28,GOOGL,340.70001220703125,343.5899963378906,339.5599975585937,342.75,19299900.0,-0.3401992853144131,6615040725.0,7841954190.89209,0.717299609422764,8.889288766043526,0.6164685160722216,-3.0821433620811467,1.6772871979151938,0.8787769154572217,-0.9959258844208658,-1.2434669536884442,-1.0652945488009855,1.0107881723182288,0.5496274279656204,-0.0261969037386157,79.15641210101852,0.1788250056671603,56.2624254473161,81.11332007952286,53.08151093439364,16.69980119284294,65.6958250497018,12.067594433399602,76.50099403578528,13.83697813121272,97.8131212723658,57.08562132938614,40.25646123260437,True,-0.5190242909815734,False,False,False,True,False,False,STRESS,0.448,STRESS,RISK_ON,0.156,0.93,0.907,Technology Services,57.3,60.3,60.3,60.3,0.0,88.9,REJECTED,STRESS,0.448,0.136,0.2125,0.136,0.1105,0.255,48.9,False,False,NORMAL GİRİŞ,⭐,İşlem Açma,0.0,3.0,98.0,0.0280415811195512,0.0510204081632653,1.926375573838679,8.561067407099477,-3.665667207561885,4.093435658060995,81.19959677419354,0.15,True,"Electronic Technology · MU, NVDA, SNDK",
2026-09-28,MPWR,1353.1300048828125,1359.760009765625,1320.800048828125,1351.199951171875,659400.0,-1.186905501675728,890981247.8027344,819753752.0,0.8819221998568916,55.185006277901785,3.060068887625089,2.927394072981171,3.301222074675223,1.460248846064179,-0.2502190581758734,-0.049487018369786,-0.6921537412537969,0.6975706246873845,0.2860215879182855,0.1782746394907382,78.02857500939967,-0.6678812106941545,27.634194831013914,87.07753479125249,67.39562624254472,42.74353876739563,76.25248508946322,44.73161033797216,86.36182902584494,41.15308151093439,80.9145129224652,50.88337439954832,57.608349900596416,True,-0.5190242909815734,False,False,False,True,False,False,STRESS,0.448,STRESS,RISK_ON,0.156,0.93,0.907,Electronic Technology,61.9,59.9,59.9,59.9,0.0,88.9,REJECTED,STRESS,0.448,0.136,0.2125,0.136,0.1105,0.255,63.7,False,False,NORMAL GİRİŞ,⭐,İşlem Açma,0.0,3.0,98.0,0.0280415811195512,0.0510204081632653,1.926375573838679,8.561067407099477,5.531048747814127,-5.103280297315016,66.09879032258064,0.15,True,"Electronic Technology · MU, NVDA, SNDK",
2026-09-28,PSKY,9.899999618530272,10.399999618530272,9.789999961853027,10.279999732971191,24112400.0,3.2128483293033527,247875465.56129456,144954205.2719593,1.1045639925991042,0.5628571510314941,-4.814817287303786,4.684314999706629,2.769828051914711,0.9884417501696948,1.297131387830706,0.3404440075821122,-0.4582522648749372,1.1384878773438143,0.6139347530060301,-0.3387661732097913,80.32787654131836,3.731872620284926,99.80119284294234,56.2624254473161,68.98608349900597,78.72763419483101,63.260437375745525,70.66600397614313,39.68190854870776,84.21471172962227,11.530815109343935,81.45823497023521,78.46520874751491,True,-0.5190242909815734,False,False,True,False,False,False,STRESS,0.448,STRESS,RISK_ON,0.156,0.93,0.907,Consumer Services,59.0,59.6,59.6,59.6,0.0,88.9,REJECTED,STRESS,0.448,0.136,0.2125,0.136,0.1105,0.255,52.3,False,False,🎯 UYGUN GİRİŞ BÖLGESİ,⭐,İşlem Açma,0.0,7.0,2.0,,,,,,,50.0,0.15,False,"Consumer Services · WBD, PSKY",
2026-09-28,HPE,62.75,63.380001068115234,61.0,62.630001068115234,15021800.0,-0.4925287025065228,940815350.0450134,1456187824.5473862,0.533244256951756,3.720714841570173,15.107518963637643,41.02679817184247,5.160428922325961,2.04837319830897,-0.4975898238778125,-1.098753124944699,-1.2834347028339064,0.3945673452152932,0.180672636611781,0.1272830373869734,68.4874091004531,0.0264955884750506,50.89463220675944,98.01192842942343,97.4155069582505,1.5904572564612325,97.68389662027832,10.009940357852884,79.68190854870775,11.68986083499006,90.25844930417496,62.25927768936936,60.56461232604373,True,-0.5190242909815734,False,False,False,True,False,False,STRESS,0.448,STRESS,RISK_ON,0.156,0.93,0.907,Electronic Technology,56.5,59.5,59.5,59.5,0.0,88.9,REJECTED,STRESS,0.448,0.136,0.2125,0.136,0.1105,0.255,47.3,False,False,NORMAL GİRİŞ,⭐,İşlem Açma,0.0,3.0,98.0,0.0280415811195512,0.0510204081632653,1.926375573838679,8.561067407099477,1.2019805091800897,-0.7742120586809786,71.76411290322581,0.15,True,"Electronic Technology · MU, NVDA, SNDK",
2026-09-28,TECH,72.58000183105469,72.6500015258789,72.48999786376953,72.51000213623047,3633600.0,-0.1377199742191415,263472343.76220703,210758191.63500977,1.2456206506461898,0.1785714285714285,0.0551982009527662,2.270806962243244,0.1307841031329345,0.0566766785274365,0.4211527994746512,0.4785081013030154,-0.418921667304662,-1.1502962894565678,-0.6093434102613008,-0.2227504555761336,12.502384131222582,0.3813043167624319,61.82902584493042,79.92047713717693,65.20874751491054,88.46918489065607,71.82902584493041,70.38767395626242,22.465208747514907,81.63021868787277,25.04970178926441,57.13095411888767,34.35387673956262,True,-0.5190242909815734,False,False,False,False,False,False,STRESS,0.448,STRESS,RISK_ON,0.156,0.93,0.907,Health Technology,56.5,59.5,59.5,59.5,0.0,88.9,REJECTED,STRESS,0.448,0.136,0.2125,0.136,0.1105,0.255,49.2,False,False,NORMAL GİRİŞ,⭐,İşlem Açma,0.0,6.0,26.0,0.0437365763274205,0.1923076923076923,4.8685302116231455,8.840644935212005,-3.110080557322969,1.6522620769151564,91.65322580645162,0.15,False,"Health Technology · LLY, JNJ, TMO",
2026-09-28,CI,272.4800109863281,272.489990234375,269.04998779296875,271.8299865722656,1700600.0,-0.0661825620000167,462274075.1647949,411996777.8344727,1.1305827759975535,6.594284057617188,-2.1032208836872512,-2.479017517304438,1.6397917126263095,0.5427014763509874,0.2948215405590235,-1.5815374823888717,-1.377574117079733,0.5237601869619426,0.2539202640123489,-0.103259243776339,80.81386064832064,0.4528417289815567,63.618290258449306,69.78131212723659,55.26838966202783,81.51093439363817,61.79920477137178,26.968190854870777,60.07952286282306,74.99005964214712,56.46123260437376,65.33884133322172,40.03180914512923,True,-0.5190242909815734,False,False,False,True,False,False,STRESS,0.448,STRESS,RISK_ON,0.156,0.93,0.907,Health Services,56.3,59.3,59.3,59.3,0.0,88.9,REJECTED,STRESS,0.448,0.136,0.2125,0.136,0.1105,0.255,52.4,False,False,NORMAL GİRİŞ,⭐,İşlem Açma,0.0,14.0,9.0,-0.1590686644642772,0.0,0.7983562510587072,2.2917656692236337,-0.056962199577315,1.033367990552525,45.36290322580645,0.15,True,"Health Services · UNH, CVS, ELV",
2026-09-28,IVZ,30.559999465942383,30.600000381469727,29.61000061035156,30.43000030517578,5069600.0,-1.58473405533347,154267929.54711914,132132036.74726486,1.1957139588802328,0.9221421650477818,-8.646051320396941,15.703423213596125,1.6717968641667893,0.984576112739618,0.5608924445670672,1.2935433541152768,-0.1984388753704535,0.5646380731353521,0.3020204413875483,0.0543387024654904,82.82827115182691,-1.0657097643518965,20.27833001988072,29.22465208747515,86.28230616302187,85.88469184890656,60.60636182902585,80.86481113320079,77.49502982107356,82.38568588469184,8.151093439363818,52.74902989848289,65.0079522862823,True,-0.5190242909815734,False,False,False,True,False,False,STRESS,0.448,STRESS,RISK_ON,0.156,0.93,0.907,Finance,61.3,59.3,59.3,59.3,0.0,88.9,REJECTED,STRESS,0.448,0.136,0.2125,0.136,0.1105,0.255,65.6,False,False,NORMAL GİRİŞ,⭐,İşlem Açma,0.0,2.0,35.0,-0.113706142892541,0.0571428571428571,-2.0972182618281487,-1.937988913512056,0.7730689754262499,-1.3613067647658237,55.15120967741935,0.15,True,"Finance · JPM, BAC, GS",
2026-09-28,URI,1039.199951171875,1053.469970703125,1032.1500244140625,1043.9200439453125,451900.0,-0.2998886857220717,471747467.8588867,449562962.5427246,1.0393045238149996,28.944283621651785,0.6178296060098232,-7.014523952246654,1.8026552228232973,0.7155397080821551,0.14821086596132,-0.5524860451358903,-1.1366795866686483,0.437315646234011,0.1568996810819167,0.0524000271057282,55.20660967747476,0.2191356052595017,57.45526838966203,81.31212723658051,38.9662027833002,69.58250497017893,58.02186878727634,36.51093439363817,75.02982107355865,65.04970178926442,62.42544731610338,57.48388164369181,45.54075546719682,True,-0.5190242909815734,False,False,False,True,False,False,STRESS,0.448,STRESS,RISK_ON,0.156,0.93,0.907,Finance,56.2,59.2,59.2,59.2,0.0,88.9,REJECTED,STRESS,0.448,0.136,0.2125,0.136,0.1105,0.255,59.0,False,False,NORMAL GİRİŞ,⭐,İşlem Açma,0.0,4.0,10.0,-0.1381315028332713,0.0,1.8642427892004376,-4.648592127244914,1.1983391714144145,0.2984989938925597,32.81754032258065,0.15,True,"Transportation · UNP, FDX, CSX",
2026-09-28,JCI,149.67999267578125,151.0,146.77999877929688,148.88999938964844,3048700.0,-0.8721688316978948,453920941.1392212,430757631.585022,0.9137679628222592,3.7364283970424106,4.697278243195568,5.994162020109939,1.8960114666579384,0.8371512946464277,-0.1520819319199131,0.7725274294850075,-0.4189137400066574,-0.1606458635159234,-0.0842409658593733,0.1617577500870628,50.0,-0.3531445407163214,37.37574552683897,90.85487077534792,72.76341948310139,50.89463220675944,80.90457256461232,62.08747514910536,73.20079522862822,47.79324055666004,59.24453280318092,53.23359840954275,51.73161033797216,True,-0.5190242909815734,False,False,False,True,False,False,STRESS,0.448,STRESS,RISK_ON,0.156,0.93,0.907,Producer Manufacturing,61.0,59.0,59.0,59.0,0.0,88.9,REJECTED,STRESS,0.448,0.136,0.2125,0.136,0.1105,0.255,62.0,False,False,NORMAL GİRİŞ,⭐,İşlem Açma,0.0,3.0,98.0,0.0280415811195512,0.0510204081632653,1.926375573838679,8.561067407099477,2.332330727168752,-1.9045622766696413,69.44556451612904,0.15,True,"Electronic Technology · MU, NVDA, SNDK",
2026-09-28,LITE,947.7999877929688,950.969970703125,881.22998046875,921.3200073242188,4432800.0,-2.158978023973823,4084027328.466797,3668274296.2280273,1.010602342067736,58.471435546875,-3.641725341035962,8.212356979588776,4.790086679112856,1.5895086307574189,0.0189081362594128,0.55791221607515,-0.8777411217021533,-0.0582592868892014,-0.0885282071029738,-0.1029717593916919,57.48499063555688,-1.6399537329922498,13.320079522862825,62.02783300198808,75.94433399602386,66.00397614314116,69.68190854870775,56.62027833001988,51.45129224652087,60.83499005964215,96.42147117296224,41.84790264208451,62.77137176938369,True,-0.5190242909815734,False,False,False,True,False,False,STRESS,0.448,STRESS,RISK_ON,0.156,0.93,0.907,Producer Manufacturing,60.4,58.4,58.4,58.4,0.0,88.9,REJECTED,STRESS,0.448,0.136,0.2125,0.136,0.1105,0.255,63.9,False,False,NORMAL GİRİŞ,⭐,İşlem Açma,0.0,3.0,98.0,0.0280415811195512,0.0510204081632653,1.926375573838679,8.561067407099477,-3.698274951089797,4.126043401588908,81.32056451612904,0.15,True,"Electronic Technology · MU, NVDA, SNDK",
2026-09-28,PWR,645.2100219726562,656.510009765625,635.3900146484375,644.3599853515625,845900.0,-0.7348326984378373,545064111.6088867,518216932.131958,0.9868348139549804,21.627864292689733,3.6231743967905183,-9.810345671276863,2.014743448884844,1.016700055786531,-0.4447309134915155,0.2261618792038889,-0.8652825967821133,0.0320570764351412,-0.100925497789209,0.1919206855882709,42.47146201196428,-0.2158084074562638,42.14711729622266,89.26441351888667,30.61630218687873,62.82306163021869,57.007952286282304,47.31610337972167,77.21669980119285,49.70178926441352,67.9920477137177,47.510565684297816,53.84095427435389,True,-0.5190242909815734,False,False,False,True,False,False,STRESS,0.448,STRESS,RISK_ON,0.156,0.93,0.907,Industrial Services,60.4,58.4,58.4,58.4,0.0,88.9,REJECTED,STRESS,0.448,0.136,0.2125,0.136,0.1105,0.255,60.9,False,False,NORMAL GİRİŞ,⭐,İşlem Açma,0.0,3.0,98.0,0.0280415811195512,0.0510204081632653,1.926375573838679,8.561067407099477,0.0492044878641295,0.3785639626349812,74.56653225806453,0.15,True,"Electronic Technology · MU, NVDA, SNDK",
2026-09-28,LEN,81.80999755859375,84.08000183105469,81.76000213623047,82.02999877929688,6782000.0,-0.1460775950737236,556327451.7211914,368894890.2683258,1.464878659361713,2.802856990269252,-3.6188476333017583,-9.708311745407949,2.489089212666926,1.2067282964425925,2.0511791315920465,-0.3876690763206109,-1.414496309091284,-0.5311016584904396,-0.3793116772502606,-0.1009546731176005,11.637787869918808,0.3729466959078498,61.43141153081511,62.42544731610338,31.411530815109344,94.63220675944332,45.367793240556665,47.57455268389661,46.56063618290258,96.1431411530815,52.087475149105366,52.17570721641535,69.01789264413519,True,-0.5190242909815734,False,False,False,True,False,False,STRESS,0.448,STRESS,RISK_ON,0.156,0.93,0.907,Consumer Durables,56.1,58.3,58.3,58.3,0.0,88.9,REJECTED,STRESS,0.448,0.136,0.2125,0.136,0.1105,0.255,57.9,False,False,NORMAL GİRİŞ,⭐,İşlem Açma,0.0,5.0,58.0,-0.1344888979117103,0.0517241379310344,2.951486161549844,0.7464781743023456,3.810676884441144,-6.79730771842152,50.47379032258064,0.15,True,"HD, DE, LOW",
2026-09-28,LH,306.8500061035156,312.57000732421875,306.8500061035156,309.57000732421875,774500.0,-0.0226092626620766,239761970.67260745,241128417.62695312,0.9394141548911396,8.485000610351562,-8.013904045813657,10.726807112174974,1.6818383280858673,0.8392999451701938,0.342827735049288,-0.7183812311485496,-1.2220326290475088,0.1864519442313222,0.1870631105515037,-0.0254149415602997,47.55245874525831,0.4964150283194968,65.8051689860835,34.1948310139165,80.11928429423459,55.069582504970185,59.45328031809145,32.007952286282304,65.2882703777336,60.31809145129225,30.81510934393638,64.36657788247813,58.57256461232605,True,-0.5190242909815734,False,False,False,True,False,False,STRESS,0.448,STRESS,RISK_ON,0.156,0.93,0.907,Health Services,55.3,58.3,58.3,58.3,0.0,88.9,REJECTED,STRESS,0.448,0.136,0.2125,0.136,0.1105,0.255,47.4,False,False,NORMAL GİRİŞ,⭐,İşlem Açma,0.0,9.0,21.0,-0.0766607292329303,0.0,-0.006045672065269,-0.1080115499304419,-1.8484392052424805,4.449776851232878,60.58467741935484,0.15,True,"Health Technology · BSX, MDT, ISRG",
2026-09-28,LYV,170.88999938964844,174.0,170.7100067138672,171.88999938964844,2205800.0,0.596947563415906,379154960.6536865,320259627.63967896,1.1269116704174191,3.8321424211774553,-4.843888734694168,-5.84465414677452,1.0622383488494416,0.5530976052439817,0.5868623133890444,-0.1355513498060205,-0.8213423622470637,0.1312539195396384,-0.0186943737158705,-0.230457060851812,35.866111969129875,1.1159718543974797,84.09542743538768,55.666003976143145,43.538767395626245,80.71570576540755,48.996023856858855,54.7713717693837,36.81908548707753,79.84095427435388,46.71968190854871,64.61345016311579,40.41948310139165,True,-0.5190242909815734,False,False,True,False,False,False,STRESS,0.448,STRESS,RISK_ON,0.156,0.93,0.907,Consumer Services,55.3,58.3,58.3,58.3,0.0,88.9,REJECTED,STRESS,0.448,0.136,0.2125,0.136,0.1105,0.255,52.8,True,False,NORMAL GİRİŞ,⭐,İşlem Açma,0.0,12.0,2.0,,,,,,,50.0,0.15,False,"Consumer Services · LYV, TKO",
2026-09-28,DE,687.1300048828125,690.9400024414062,681.8599853515625,689.5900268554688,798800.0,-0.126002243359713,550844513.4521484,830867632.4432373,0.582423751923063,15.364994594029016,10.749048735340129,10.047400675912233,1.781197486711394,0.517526059051745,-1.026050181997224,-0.9479276015673768,-1.233362232180213,1.0274768132952363,0.5083741690025342,0.0911653227096643,85.13245545046952,0.3930220476218604,62.22664015904572,96.42147117296224,79.32405566600397,3.7773359840954273,87.0178926441352,9.125248508946322,86.2027833001988,5.526838966202783,81.31212723658051,66.11364315936108,28.256461232604376,True,-0.5190242909815734,False,False,False,True,False,False,STRESS,0.448,STRESS,RISK_ON,0.156,0.93,0.907,Producer Manufacturing,54.7,57.7,57.7,57.7,0.0,88.9,REJECTED,STRESS,0.448,0.136,0.2125,0.136,0.1105,0.255,46.0,False,False,NORMAL GİRİŞ,⭐,İşlem Açma,0.0,5.0,58.0,-0.1344888979117103,0.0517241379310344,2.951486161549844,0.7464781743023456,-0.5384574141625409,-2.448173419817834,56.88508064516129,0.15,True,"HD, DE, LOW",
2026-09-28,CCL,21.850000381469727,22.65999984741211,21.850000381469727,22.13999938964844,31165600.0,-0.494384765625,690006364.9780273,479698148.5,1.3663474638225208,0.7357142312186105,-11.262527496399043,-24.152108976881003,1.6504583917767106,1.3858999652425652,1.913172722474709,0.6994762590588487,-1.1900241516940904,0.4874237989815569,0.0049367395619688,-0.383735952214321,35.802370294320575,0.0246395253565734,50.6958250497018,17.296222664015904,4.970178926441352,92.6441351888668,10.5168986083499,65.18886679920477,29.0258449304175,94.55268389662028,65.60636182902584,40.35757301352748,64.88071570576541,True,-0.5190242909815734,False,False,False,False,True,False,STRESS,0.448,STRESS,RISK_ON,0.156,0.93,0.907,Consumer Services,54.4,57.4,57.4,57.4,0.0,88.9,REJECTED,STRESS,0.448,0.136,0.2125,0.136,0.1105,0.255,60.3,False,False,NORMAL GİRİŞ,⭐,İşlem Açma,0.0,5.0,58.0,-0.1344888979117103,0.0517241379310344,2.951486161549844,0.7464781743023456,-2.010223522010912,-0.9764073119694628,59.46572580645161,0.15,False,"HD, DE, LOW",
2026-09-28,SLB,52.290000915527344,52.290000915527344,50.880001068115234,51.4900016784668,13933300.0,-0.0970105474823235,717425640.3865814,708614475.1186371,0.9591084950484758,1.737142562866211,-6.398833523965097,11.017683653442845,2.248848257703435,0.7574401301785272,0.5189428713254651,-0.3410803546551852,-1.1139017231299462,-0.4512177789014139,-0.3294318805918463,-0.1840645303428777,43.26245931665508,0.4220137434992499,63.41948310139165,44.333996023856855,80.31809145129225,58.25049701789264,64.12524850894633,41.779324055666,36.341948310139166,64.77137176938369,76.34194831013916,60.78449642868341,54.59045725646124,True,-0.5190242909815734,False,False,False,False,False,False,STRESS,0.448,STRESS,RISK_ON,0.156,0.93,0.907,Industrial Services,54.4,57.4,57.4,57.4,0.0,88.9,REJECTED,STRESS,0.448,0.136,0.2125,0.136,0.1105,0.255,51.7,False,False,NORMAL GİRİŞ,⭐,İşlem Açma,0.0,15.0,30.0,-0.1308529576753245,0.0333333333333333,-0.698864283433287,0.0804663215365764,1.880485560038081,1.847304259856919,55.25201612903226,0.15,False,"Energy Minerals · XOM, CVX, VLO",
2026-09-28,UAL,111.98999786376952,113.25,108.5999984741211,111.51000213623048,3998700.0,-2.175625733849851,445895045.5421448,421602684.621048,1.0380544688495397,4.237856728690011,-0.782985909573386,-17.516086887912962,2.455644718759165,1.5343160800853206,0.317201721712795,1.0589532542203928,0.0214996312099988,0.5243512035224245,0.09193655299146,-0.0012058479193306,62.580703380723065,-1.6566014428682774,12.72365805168986,77.13717693836978,11.72962226640159,69.38369781312127,41.16302186878728,77.57455268389661,73.28031809145129,68.34990059642146,57.65407554671968,32.125863578628966,64.05168986083498,True,-0.5190242909815734,False,False,False,True,False,False,STRESS,0.448,STRESS,RISK_ON,0.156,0.93,0.907,Transportation,59.3,57.3,57.3,57.3,0.0,88.9,REJECTED,STRESS,0.448,0.136,0.2125,0.136,0.1105,0.255,70.5,False,False,NORMAL GİRİŞ,⭐,İşlem Açma,0.0,5.0,58.0,-0.1344888979117103,0.0517241379310344,2.951486161549844,0.7464781743023456,-3.765933231593455,0.7793023976130797,62.42943548387096,0.15,True,"HD, DE, LOW",
2026-09-28,LUV,41.540000915527344,42.959999084472656,41.29999923706055,42.27999877929688,5953100.0,-0.9372106912342248,251697060.73303223,224324540.588974,0.9991465521799004,1.321428298950195,6.338025098835209,-18.062017869579705,1.8150534085869452,1.4562838081697715,0.5108145603623593,1.0915105009914798,-0.7032589996079552,0.9343031041153156,0.2999991956962857,0.0930374163217993,59.03612242881338,-0.4181864002526514,34.59244532803181,93.43936381709742,11.133200795228628,64.41351888667992,48.17097415506959,69.24453280318092,85.12922465208749,68.389662027833,27.83300198807157,42.91156452916365,65.17097415506957,True,-0.5190242909815734,False,False,False,True,False,False,STRESS,0.448,STRESS,RISK_ON,0.156,0.93,0.907,Transportation,59.2,57.2,57.2,57.2,0.0,88.9,REJECTED,STRESS,0.448,0.136,0.2125,0.136,0.1105,0.255,65.6,False,False,NORMAL GİRİŞ,⭐,İşlem Açma,0.0,5.0,58.0,-0.1344888979117103,0.0517241379310344,2.951486161549844,0.7464781743023456,-0.0272650651166772,-2.9593657688636976,55.85685483870967,0.15,True,"HD, DE, LOW",
2026-09-28,NXPI,238.69000244140625,239.38999938964844,233.2400054931641,236.32000732421875,3597200.0,-0.7392449988659067,850090330.3466797,735629905.2314758,0.99093961857695,8.03642817905971,4.631190704072763,-15.105791815131386,2.498360305231881,1.122817670716114,0.0157429435083215,-0.4320524340854856,-1.0523354189298846,-0.208454201406005,-0.1725192657910015,0.1472209714132561,50.08138028909851,-0.2202207078843332,41.74950298210736,90.65606361829026,16.10337972166998,63.618290258449306,49.65208747514911,38.061630218687874,72.2465208747515,59.24453280318091,76.93836978131213,44.76261118994365,57.33996023856859,True,-0.5190242909815734,False,False,False,True,False,False,STRESS,0.448,STRESS,RISK_ON,0.156,0.93,0.907,Electronic Technology,59.2,57.2,57.2,57.2,0.0,88.9,REJECTED,STRESS,0.448,0.136,0.2125,0.136,0.1105,0.255,60.3,False,False,NORMAL GİRİŞ,⭐,İşlem Açma,0.0,3.0,98.0,0.0280415811195512,0.0510204081632653,1.926375573838679,8.561067407099477,1.4592507848196212,-1.0314823343205104,71.17943548387098,0.15,True,"Electronic Technology · MU, NVDA, SNDK",
2026-09-28,CF,117.3000030517578,117.69000244140624,114.68000030517578,115.51000213623048,2854000.0,0.7325403162975253,329665546.09680176,342328290.5484009,1.0344758842793376,5.034998757498605,-8.113911274973773,9.592032387315433,2.6564184596818112,1.3490499021853473,0.570454762436627,-1.5151105533022693,-0.9715855191789368,-0.8731144280805605,-0.5142852073495604,-0.1424563407459118,27.57479209280987,1.251564607279099,87.47514910536779,33.00198807157058,78.52882703777337,68.98608349900597,58.041749502982114,34.20477137176939,36.54075546719682,72.64413518886681,49.50298210735586,70.25747920928099,73.1093439363817,True,-0.5190242909815734,False,False,True,False,False,False,STRESS,0.448,STRESS,RISK_ON,0.156,0.93,0.907,Process Industries,55.5,57.0,57.0,57.0,0.0,88.9,REJECTED,STRESS,0.448,0.136,0.2125,0.136,0.1105,0.255,45.7,True,True,NORMAL GİRİŞ,⭐,İşlem Açma,0.0,15.0,30.0,-0.1308529576753245,0.0333333333333333,-0.698864283433287,0.0804663215365764,-3.893002816493907,7.620792636388907,65.33266129032259,0.15,False,"Energy Minerals · XOM, CVX, VLO",
2026-09-28,CAH,219.3699951171875,221.97000122070312,218.8999938964844,220.2899932861328,2174300.0,0.031782792226731,478976532.4020386,383337568.3851929,1.1955439964369567,4.802141462053571,-6.311405058421804,-6.74371632963644,1.3344095042316055,0.5242508204422414,0.4200530809351591,-1.0888340730199595,-1.2152410890916945,0.3185181407184119,0.0828970257858009,-0.2134151743402492,45.27674506451421,0.5508070832083045,69.38369781312127,45.32803180914513,40.55666003976143,85.6858846918489,42.7037773359841,32.57455268389662,41.86878727634195,79.72166998011929,53.677932405566594,58.859682458737694,38.71371769383698,True,-0.5190242909815734,False,False,True,False,False,False,STRESS,0.448,STRESS,RISK_ON,0.156,0.93,0.907,Distribution Services,53.9,56.9,56.9,56.9,0.0,88.9,REJECTED,STRESS,0.448,0.136,0.2125,0.136,0.1105,0.255,49.0,True,False,NORMAL GİRİŞ,⭐,İşlem Açma,0.0,9.0,21.0,-0.0766607292329303,0.0,-0.006045672065269,-0.1080115499304419,-0.7093088144224713,3.3106464604128694,58.32661290322581,0.15,False,"Health Technology · BSX, MDT, ISRG",
2026-09-28,GOOG,337.6000061035156,340.1099853515625,336.6000061035156,339.1600036621094,13820900.0,-0.5629128021996888,4687496494.613647,5359674407.015991,0.786859056929417,8.599572317940849,0.4293635551536612,-3.450238082979562,1.6089924941799942,0.8307221009049763,-0.7676379904198266,-1.0917517839112956,-0.6854707355153171,0.8110449123170006,0.4522840499065339,-0.010658201204054,72.93483458679303,-0.0438885112181153,48.111332007952285,80.71570576540755,51.29224652087475,27.435387673956264,64.53280318091451,22.693836978131213,75.78528827037773,23.30019880715706,97.61431411530816,53.41276775291389,38.30218687872764,True,-0.5190242909815734,False,False,False,True,False,False,STRESS,0.448,STRESS,RISK_ON,0.156,0.93,0.907,Technology Services,58.9,56.9,56.9,56.9,0.0,88.9,REJECTED,STRESS,0.448,0.136,0.2125,0.136,0.1105,0.255,53.7,False,False,NORMAL GİRİŞ,⭐,İşlem Açma,0.0,3.0,98.0,0.0280415811195512,0.0510204081632653,1.926375573838679,8.561067407099477,-3.560538463305462,3.9883069138045735,81.05846774193549,0.15,True,"Electronic Technology · MU, NVDA, SNDK",
2026-09-28,DIS,105.12000274658205,106.58000183105467,104.76000213623048,105.58999633789062,12078000.0,-0.5275602260370715,1275315975.769043,791905553.2073975,1.4971542541158416,2.198570251464844,-1.1514731905161613,7.056672754629045,1.36937504362414,0.537693823536865,0.9529749881958882,-0.2753974435398388,-1.0144809305183364,0.1110774890742237,0.0678521574003043,-0.103877231957962,45.60408466114164,-0.0085359350554981,49.70178926441352,75.3479125248509,74.75149105367794,95.2286282306163,75.01988071570577,53.40954274353876,53.6779324055666,92.68389662027832,79.72166998011929,60.5315814283408,31.232604373757454,True,-0.5190242909815734,False,False,False,True,False,False,STRESS,0.448,STRESS,RISK_ON,0.156,0.93,0.907,Consumer Services,58.3,56.3,56.3,56.3,0.0,88.9,REJECTED,STRESS,0.448,0.136,0.2125,0.136,0.1105,0.255,66.6,False,False,NORMAL GİRİŞ,⭐,İşlem Açma,0.0,11.0,61.0,-0.1802464195556996,0.0,-1.0560686257066632,-4.935067061756293,4.064121665738785,-5.829782512426774,18.77016129032258,0.15,True,"CRM, NFLX, NOW",
2026-09-28,BE,282.510009765625,286.260009765625,259.4599914550781,262.8699951171875,15522000.0,-8.947009351465018,4080268064.208984,3721485142.5,0.929655637512162,18.852218627929688,20.67667222934741,-4.414386706960649,5.3869490604629,2.524088797029496,0.2376798399760595,1.4560604715457532,0.7299264168845365,-1.2382749077053472,-0.7398133988018443,-0.0339060383759443,12.72388556826994,-8.427985060483445,0.198807157057654,98.80715705765408,47.91252485089464,52.683896620278325,70.81510934393637,81.42147117296221,46.7196819085487,57.05765407554672,96.62027833001989,25.570599292413476,66.31212723658052,True,-0.5190242909815734,False,False,False,True,False,False,STRESS,0.448,STRESS,RISK_ON,0.156,0.93,0.907,Electronic Technology,58.2,56.0,56.0,56.0,0.0,88.9,REJECTED,STRESS,0.448,0.136,0.2125,0.136,0.1105,0.255,69.2,False,False,NORMAL GİRİŞ,⭐,İşlem Açma,0.0,3.0,98.0,0.0280415811195512,0.0510204081632653,1.926375573838679,8.561067407099477,-3.894938549096394,4.322706999595505,81.74395161290323,0.15,True,"Electronic Technology · MU, NVDA, SNDK",
2026-09-28,LHX,237.0,240.1000061035156,234.58999633789065,237.6999969482422,1985300.0,0.0042048494818036,471905803.9413452,374502902.06411743,1.1910168306941948,5.429287501743862,-9.267884209389198,-17.85887174364428,1.0765815715228044,0.4450480147974306,0.8816579492801059,0.4073410203631369,-1.3041856241938303,0.6801676356014672,0.1280385982985511,-0.251347863888653,56.44274225707829,0.5232291404633771,67.79324055666004,26.44135188866799,11.530815109343935,85.48707753479125,18.240556660039765,57.48508946322068,42.34592445328032,86.04373757455268,52.88270377733598,52.48821060741758,31.570576540755468,True,-0.5190242909815734,False,False,True,False,False,False,STRESS,0.448,STRESS,RISK_ON,0.156,0.93,0.907,Electronic Technology,53.0,56.0,56.0,56.0,0.0,88.9,REJECTED,STRESS,0.448,0.136,0.2125,0.136,0.1105,0.255,57.7,False,False,NORMAL GİRİŞ,⭐,İşlem Açma,0.0,1.0,13.0,-0.1712524359611602,0.0,-1.734018036381213,-3.837534486151572,-0.3006286351097786,3.4965219512932637,35.29233870967742,0.15,False,"Electronic Technology · GE, BA, HWM",
2026-09-28,CNC,62.4900016784668,63.400001525878906,61.720001220703125,62.52999877929688,5152000.0,1.1484941571944018,322154553.7109375,285669847.5357056,1.0624169986719787,2.4328577859061107,-4.285934824281535,-3.114349582744236,2.204660956344774,0.7471514429804454,0.5343894401136824,-0.7047522880328383,-0.6774831783917944,0.1139903474690404,-0.0089310448181434,-0.2747445461503001,48.21413163427959,1.6675184481759753,91.45129224652088,59.443339960238575,52.88270377733598,72.56461232604374,55.83499005964215,46.212723658051694,31.570576540755468,73.75745526838966,39.36381709741551,69.90391813360688,64.10337972166998,True,-0.5190242909815734,False,False,True,False,False,False,STRESS,0.448,STRESS,RISK_ON,0.156,0.93,0.907,Health Services,52.8,55.8,55.8,55.8,0.0,88.9,REJECTED,STRESS,0.448,0.136,0.2125,0.136,0.1105,0.255,46.0,True,False,🎯 UYGUN GİRİŞ BÖLGESİ,⭐,İşlem Açma,0.0,14.0,9.0,-0.1590686644642772,0.0,0.7983562510587072,2.2917656692236337,-2.880299550782295,3.856705341757505,50.38306451612903,0.15,False,"Health Services · UNH, CVS, ELV",
2026-09-28,ELV,396.989990234375,400.1700134277344,392.4400024414063,394.5899963378906,1334200.0,-0.3787018136959919,526461973.1140137,476505503.8619995,1.095343844540316,10.675715855189733,-1.1325207742500565,1.690589989921043,1.6983801786809525,0.6436548806290032,0.4349518513258964,-0.4283999550991354,-1.0684165284124498,-0.6221795894048675,-0.3837653031816405,-0.1658379188276243,27.813594318132463,0.1403224772855815,55.26838966202783,75.7455268389662,63.81709741550696,77.53479125248509,69.18489065606363,43.83697813121272,36.54075546719682,75.38767395626243,65.00994035785288,55.55074312962637,49.01391650099404,True,-0.5190242909815734,False,False,False,False,False,False,STRESS,0.448,STRESS,RISK_ON,0.156,0.93,0.907,Health Services,52.8,55.8,55.8,55.8,0.0,88.9,REJECTED,STRESS,0.448,0.136,0.2125,0.136,0.1105,0.255,52.2,False,False,NORMAL GİRİŞ,⭐,İşlem Açma,0.0,14.0,9.0,-0.1590686644642772,0.0,0.7983562510587072,2.2917656692236337,-2.691399637851044,3.667805428826254,50.060483870967744,0.15,False,"Health Services · UNH, CVS, ELV",
2026-09-28,HUBB,462.0199890136719,472.3450012207031,460.30999755859375,465.7200012207031,424400.0,-0.1928751244914761,197651568.5180664,203448604.63513184,0.8860542390878735,12.270353044782366,-0.9696348514282692,-9.517980761845878,1.5779664940467348,0.9177834529321356,-0.3785734706757921,0.3482799820890056,-1.1835687726907576,0.2402023153213109,0.0828215375174648,0.023297677460671,44.95223943422684,0.3261491664900973,60.039761431411534,76.54075546719682,31.610337972166995,43.737574552683895,51.82902584493041,41.411530815109344,70.53677932405566,39.20477137176938,23.26043737574553,52.86500525554992,59.779324055666,True,-0.5190242909815734,False,False,False,True,False,False,STRESS,0.448,STRESS,RISK_ON,0.156,0.93,0.907,Producer Manufacturing,52.6,55.6,55.6,55.6,0.0,88.9,REJECTED,STRESS,0.448,0.136,0.2125,0.136,0.1105,0.255,46.1,False,False,NORMAL GİRİŞ,⭐,İşlem Açma,0.0,3.0,98.0,0.0280415811195512,0.0510204081632653,1.926375573838679,8.561067407099477,1.5758264297586089,-1.148057979259498,70.9375,0.15,True,"Electronic Technology · MU, NVDA, SNDK",
2026-09-28,DOV,190.52999877929688,192.7100067138672,188.9499969482422,191.47999572753903,1269800.0,-0.20846838914651,243141298.5748291,255425452.18582156,0.9007590267432788,4.144286019461496,-5.123379383837545,-14.517859050205772,1.2447589502171124,0.7660496090678248,0.3174656135630747,0.0290664229564901,-1.1029667192906818,0.8346890291351201,0.3038534429582494,-0.0809765236495393,67.28702681644049,0.3105559018350634,59.64214711729622,53.87673956262425,18.886679920477132,45.72564612326044,34.632206759443335,44.96023856858847,67.63419483101391,54.23459244532803,33.99602385685885,51.19987564387069,49.32604373757456,True,-0.5190242909815734,False,False,False,True,False,False,STRESS,0.448,STRESS,RISK_ON,0.156,0.93,0.907,Producer Manufacturing,52.5,55.5,55.5,55.5,0.0,88.9,REJECTED,STRESS,0.448,0.136,0.2125,0.136,0.1105,0.255,51.4,False,False,NORMAL GİRİŞ,⭐,İşlem Açma,0.0,5.0,58.0,-0.1344888979117103,0.0517241379310344,2.951486161549844,0.7464781743023456,1.6482146614557935,-4.634845495436169,52.3891129032258,0.15,True,"HD, DE, LOW",
2026-09-28,ON,77.0,77.20999908447266,74.11000061035156,75.6500015258789,10375600.0,-2.0077661705122263,784914155.8319092,822080831.4720154,0.931746656794465,3.702142987932478,1.1363656763087038,-14.5873303309485,3.889139993754717,1.4857260275846893,0.3003276574691146,-0.0258384825294539,-0.5500563189156474,-0.2027310961495596,-0.1995154101539907,0.1338780519739858,49.67747334017518,-1.4887418795306528,15.308151093439363,82.90258449304176,18.290258449304176,53.28031809145129,47.365805168986086,54.333996023856855,71.610337972167,58.21073558648111,81.11332007952286,31.8256002167213,61.40357852882705,True,-0.5190242909815734,False,False,False,True,False,False,STRESS,0.448,STRESS,RISK_ON,0.156,0.93,0.907,Electronic Technology,57.5,55.5,55.5,55.5,0.0,88.9,REJECTED,STRESS,0.448,0.136,0.2125,0.136,0.1105,0.255,65.6,False,False,NORMAL GİRİŞ,⭐,İşlem Açma,0.0,3.0,98.0,0.0280415811195512,0.0510204081632653,1.926375573838679,8.561067407099477,5.25652095343837,-4.82875250293926,66.1592741935484,0.15,True,"Electronic Technology · MU, NVDA, SNDK",
2026-09-28,RCL,246.0,249.72999572753903,240.1999969482422,242.58999633789065,3365300.0,-0.0453236966356573,816388114.6759033,600629916.88797,1.1575842527539622,10.072142464773997,-14.82092825214515,-24.530240064120637,2.166165380691809,1.0912268212720373,1.1095936653426854,0.143332891089791,-1.2980091695304097,-0.4913032179239261,-0.4351523797629684,-0.2874921260864709,25.078695653566204,0.473700594345916,64.61232604373758,7.3558648111332,4.7713717693836974,83.49900596421472,5.934393638170974,53.707753479125245,22.90258449304175,86.28230616302187,72.96222664015905,43.53272045998883,66.04572564612326,True,-0.5190242909815734,False,False,False,False,False,False,STRESS,0.448,STRESS,RISK_ON,0.156,0.93,0.907,Consumer Services,52.6,55.4,55.4,55.4,0.0,88.9,REJECTED,STRESS,0.448,0.136,0.2125,0.136,0.1105,0.255,54.8,False,False,NORMAL GİRİŞ,⭐,İşlem Açma,0.0,5.0,58.0,-0.1344888979117103,0.0517241379310344,2.951486161549844,0.7464781743023456,-4.309173547166678,1.3225427131863032,63.29637096774193,0.15,False,"HD, DE, LOW",
2026-09-28,TXT,76.0199966430664,77.9000015258789,75.51000213623047,77.37000274658203,1956600.0,1.0184181302872242,151382147.3739624,137146057.56886292,1.025740498034076,1.7964270455496651,-6.047355498989637,-14.176369665466416,1.1612352110214612,0.6030343201398825,0.631723867018251,1.142308567215169,-0.3876490809412214,1.3776726931916097,0.5602527596708187,-0.3075880559841026,77.82431319470604,1.5374424212687976,90.25844930417496,48.5089463220676,20.27833001988072,67.39562624254472,32.98210735586481,75.67594433399601,44.57256461232604,72.56461232604373,9.74155069582505,65.935512830405,52.46719681908549,True,-0.5190242909815734,False,False,True,False,False,False,STRESS,0.448,STRESS,RISK_ON,0.156,0.93,0.907,Electronic Technology,52.4,55.4,55.4,55.4,0.0,88.9,REJECTED,STRESS,0.448,0.136,0.2125,0.136,0.1105,0.255,52.5,False,False,🎯 UYGUN GİRİŞ BÖLGESİ,⭐,İşlem Açma,0.0,1.0,13.0,-0.1712524359611602,0.0,-1.734018036381213,-3.837534486151572,0.8683241640654371,2.3275691521180475,32.671370967741936,0.15,False,"Electronic Technology · GE, BA, HWM",
2026-09-28,MU,1075.97998046875,1084.81005859375,1032.0,1053.97998046875,22137600.0,-2.6148545720196537,23332587215.625,23589888454.60205,0.8853009119707939,45.23929704938616,12.678132166128565,-7.971851384050188,3.2577448219383625,1.5914670019285533,-1.1337054469379375,0.8865521401663419,0.1331294307941943,-0.5785395100386465,-0.2796352457121723,0.2009669160872066,41.620821968471176,-2.09583028103808,9.74155069582505,97.0178926441352,35.58648111332008,43.33996023856859,63.23061630218688,60.92445328031809,70.17892644135189,28.151093439363816,100.0,31.55870247517714,56.65009940357853,True,-0.5190242909815734,False,False,False,True,True,False,STRESS,0.448,STRESS,RISK_ON,0.156,0.93,0.907,Electronic Technology,57.0,55.0,55.0,55.0,0.0,88.9,REJECTED,STRESS,0.448,0.136,0.2125,0.136,0.1105,0.255,65.0,False,False,NORMAL GİRİŞ,⭐,İşlem Açma,0.0,3.0,98.0,0.0280415811195512,0.0510204081632653,1.926375573838679,8.561067407099477,0.7366863608116003,-0.3089179103124895,72.67137096774194,0.15,False,"Electronic Technology · MU, NVDA, SNDK",
2026-09-28,CRH,83.55999755859375,85.69000244140625,82.16999816894531,83.75,7738300.0,-1.5169342681554563,648082625.0,422394281.1332703,1.5588321500191875,2.333571297781808,-12.37706633186859,-23.07339028198769,1.7461517435406824,1.0106474327625858,2.273035096268087,1.6307522401819703,-0.5410051216782221,0.1917910146731439,-0.0319599717365954,-0.2060364833796396,44.886361173364776,-0.9979099771738832,21.272365805168985,13.320079522862825,5.964214711729622,97.0178926441352,9.274353876739562,82.67395626242545,40.636182902584494,97.73359840954274,57.85288270377733,29.648675878767893,61.27634194831013,True,-0.5190242909815734,False,False,False,False,False,False,STRESS,0.448,STRESS,RISK_ON,0.156,0.93,0.907,Non-Energy Minerals,56.8,54.8,54.8,54.8,0.0,88.9,REJECTED,STRESS,0.448,0.136,0.2125,0.136,0.1105,0.255,68.1,False,False,NORMAL GİRİŞ,⭐,İşlem Açma,0.0,5.0,58.0,-0.1344888979117103,0.0517241379310344,2.951486161549844,0.7464781743023456,-5.138523834636189,2.151893000655813,64.32459677419355,0.15,False,"HD, DE, LOW",
2026-09-28,PSX,257.20001220703125,259.1099853515625,251.63999938964844,253.5500030517578,3596100.0,-0.8602138605052545,911791165.9744264,771484647.4619141,1.0549119806624403,9.254287719726562,5.729537155146902,45.67653148621533,1.734747574802946,1.1153548885968838,0.9291857649079316,-0.677569874050943,-0.7336053196644104,-1.0655351262535615,-0.4886210481806873,-0.1244521363799327,25.56903951155442,-0.341189569523681,37.57455268389662,92.44532803180915,98.01192842942343,71.76938369781311,95.50695825049702,48.111332007952285,37.01789264413519,78.36978131212723,78.52882703777337,54.59666538256697,58.86878727634195,True,-0.5190242909815734,False,False,False,False,False,False,STRESS,0.448,STRESS,RISK_ON,0.156,0.93,0.907,Energy Minerals,56.8,54.8,54.8,54.8,0.0,88.9,REJECTED,STRESS,0.448,0.136,0.2125,0.136,0.1105,0.255,56.9,False,False,NORMAL GİRİŞ,⭐,İşlem Açma,0.0,15.0,30.0,-0.1308529576753245,0.0333333333333333,-0.698864283433287,0.0804663215365764,-0.73064167938931,4.45843149928431,61.078629032258064,0.15,False,"Energy Minerals · XOM, CVX, VLO",
2026-09-28,VEEV,275.0799865722656,282.0400085449219,272.5400085449219,279.9599914550781,1371800.0,-0.256520321893694,384049116.2780762,370520567.616272,0.7924120681388888,7.302854265485491,-0.7691520025952081,58.869589975643024,1.921073308533272,0.8389124598968338,-0.4104238309944963,0.7872884362963576,-1.08991829801643,0.7823413871213254,0.5403140419407895,-0.0240116965832761,78.10508326480263,0.2625039690878794,58.4493041749503,77.33598409542743,99.40357852882704,28.628230616302183,89.47316103379723,45.57654075546719,73.91650099403579,29.741550695825048,52.286282306163024,68.22502124894547,53.59642147117296,True,-0.5190242909815734,False,False,False,True,False,False,STRESS,0.448,STRESS,RISK_ON,0.156,0.93,0.907,Technology Services,51.8,54.8,54.8,54.8,0.0,88.9,REJECTED,STRESS,0.448,0.136,0.2125,0.136,0.1105,0.255,52.3,False,False,NORMAL GİRİŞ,⭐,İşlem Açma,0.0,11.0,61.0,-0.1802464195556996,0.0,-1.0560686257066632,-4.935067061756293,9.896436329764724,-11.662097176452711,17.600806451612904,0.15,True,"CRM, NFLX, NOW",
2026-09-28,EVRG,78.04000091552734,78.31999969482422,77.36000061035156,77.91000366210938,3598300.0,-0.1665777189811645,280343566.17736816,182033150.10679623,1.6550680508345943,1.089998517717634,-4.3109756053680055,-10.458563771854534,0.7934410751583326,0.2812525744308169,2.308475231881453,-0.1958803066848149,-1.0680671333071572,0.3038241890162535,0.0192761605035405,-0.1839960307935176,57.29203919605178,0.3524465720004088,60.83499005964215,59.04572564612326,28.031809145129227,98.2107355864811,41.988071570576544,56.09343936381709,46.322067594433406,98.6083499005964,18.886679920477132,55.96180829336263,32.335984095427435,True,-0.5190242909815734,False,False,False,True,False,False,STRESS,0.448,STRESS,RISK_ON,0.156,0.93,0.907,Utilities,51.7,54.7,54.7,54.7,0.0,88.9,REJECTED,STRESS,0.448,0.136,0.2125,0.136,0.1105,0.255,54.2,False,False,NORMAL GİRİŞ,⭐,İşlem Açma,0.0,16.0,118.0,-0.2104737256454074,0.0084745762711864,-0.3645033970273883,-1.031861359948116,0.3645033970273883,2.9039241050224818,30.020161290322584,0.15,True,"WMT, BRK-B, COST",
2026-09-28,COHR,290.0799865722656,299.3699951171875,275.7900085449219,282.45001220703125,6862200.0,-4.522859403222091,1938228473.7670896,1683665819.2596436,1.0987580489046764,19.055707659040177,-4.380645178566889,-27.80276769924053,4.915224975924767,2.329624789129979,0.4661856441941301,0.7061443940468567,-0.1258652717676684,-0.500010582249653,-0.3849229100688652,-0.1393664980987258,28.24430642357853,-4.003835112240518,1.7892644135188869,58.4493041749503,3.37972166998012,77.9324055666004,28.1610337972167,75.2882703777336,41.789264413518886,76.18290258449304,91.05367793240556,18.92482825667197,68.24254473161034,True,-0.5190242909815734,False,False,False,False,False,False,STRESS,0.448,STRESS,RISK_ON,0.156,0.93,0.907,Electronic Technology,57.1,54.5,54.5,54.5,0.0,88.9,REJECTED,STRESS,0.448,0.136,0.2125,0.136,0.1105,0.255,68.6,False,False,NORMAL GİRİŞ,⭐,İşlem Açma,0.0,3.0,98.0,0.0280415811195512,0.0510204081632653,1.926375573838679,8.561067407099477,-12.3747702771554,12.802538727654513,85.05040322580645,0.15,False,"Electronic Technology · MU, NVDA, SNDK",
2026-09-28,AVGO,352.8699951171875,355.8599853515625,347.32000732421875,349.57000732421875,21413300.0,-0.9183385552550604,7485447437.835693,8439470631.495666,0.7814753557518817,9.70499529157366,-5.913224060876699,-6.143104490745399,1.9151211484064183,1.14469461728887,-0.0185993545802281,-0.1214318563132934,-0.5460189313124856,-0.7001860749476714,-0.434073999957118,0.0352214861923313,26.3466720030875,-0.399314264273487,35.58648111332008,49.30417495029821,42.34592445328032,26.043737574552683,45.47713717693837,45.58648111332008,59.005964214711724,36.06361829025845,98.2107355864811,38.05315626591511,51.389662027833,True,-0.5190242909815734,False,False,False,True,False,False,STRESS,0.448,STRESS,RISK_ON,0.156,0.93,0.907,Electronic Technology,56.4,54.4,54.4,54.4,0.0,88.9,REJECTED,STRESS,0.448,0.136,0.2125,0.136,0.1105,0.255,58.2,False,False,NORMAL GİRİŞ,⭐,İşlem Açma,0.0,3.0,98.0,0.0280415811195512,0.0510204081632653,1.926375573838679,8.561067407099477,-3.832562738921708,4.2603311894208185,81.64314516129033,0.15,True,"Electronic Technology · MU, NVDA, SNDK",
2026-09-28,MNST,42.06999969482422,42.20000076293945,41.220001220703125,41.86000061035156,14816900.0,-2.899559225939441,620235443.0435181,407695809.5392227,1.5285515697495984,0.9892856052943638,-10.36402438896882,-14.2564510234503,1.3342512390575627,0.527724983303947,1.3163888526768297,2.1104204209017388,1.1064944549326738,0.2466947598048366,0.0719388013281381,-0.1306038222568606,65.30609067306082,-2.3805349349578675,7.952286282306163,20.87475149105368,19.681908548707757,96.02385685884693,20.21868787276342,95.84493041749502,52.1272365805169,94.75149105367794,55.8648111332008,29.89840230786274,36.49304174950298,True,-0.5190242909815734,False,False,False,True,False,False,STRESS,0.448,STRESS,RISK_ON,0.156,0.93,0.907,Consumer Non-Durables,56.2,54.2,54.2,54.2,0.0,88.9,REJECTED,STRESS,0.448,0.136,0.2125,0.136,0.1105,0.255,74.5,False,False,NORMAL GİRİŞ,⭐,İşlem Açma,0.0,16.0,118.0,-0.2104737256454074,0.0084745762711864,-0.3645033970273883,-1.031861359948116,-2.7958784407437323,6.064305942793602,35.78629032258065,0.15,True,"WMT, BRK-B, COST",
2026-09-28,TDY,611.02001953125,615.4299926757812,605.1599731445312,610.8300170898438,298000.0,-0.540585718837383,182027345.09277344,164476476.38549805,1.088067766905214,10.946432931082589,-2.5011943990672414,-4.739400347798927,0.8886729430589263,0.4989572245230811,-0.0626212056781344,0.2956212235158862,-0.5647581206552983,0.2656296806126315,0.0489810654685494,-0.0830176395282365,55.20967051775781,-0.0215614278558096,49.10536779324055,68.389662027833,47.11729622266402,76.73956262425448,56.68986083499006,59.34393638170974,59.40357852882703,65.84493041749504,14.910536779324056,53.9692771909408,38.97415506958251,True,-0.5190242909815734,False,False,False,True,False,False,STRESS,0.448,STRESS,RISK_ON,0.156,0.93,0.907,Electronic Technology,56.2,54.2,54.2,54.2,0.0,88.9,REJECTED,STRESS,0.448,0.136,0.2125,0.136,0.1105,0.255,51.8,False,False,NORMAL GİRİŞ,⭐,İşlem Açma,0.0,3.0,98.0,0.0280415811195512,0.0510204081632653,1.926375573838679,8.561067407099477,0.0641961356424247,0.363572314856686,74.46572580645162,0.15,True,"Electronic Technology · MU, NVDA, SNDK",
2026-09-28,CB,333.8399963378906,334.25,329.67999267578125,331.3699951171875,2662700.0,-0.5999340160463329,882338885.9985352,517967540.0024414,1.6415748070331189,4.561425345284598,-2.0513744443890203,-3.4722843318513608,0.9082137764233698,0.4620652336635866,1.4605539835699854,0.3372368386041535,-0.6820072075922907,-0.5423405266880424,-0.3864330550918197,-0.1672024646417986,36.98030050083472,-0.0809097250647594,46.91848906560636,70.37773359840955,51.0934393638171,97.8131212723658,59.771371769383705,70.81510934393637,37.57455268389661,96.69980119284294,67.79324055666004,51.99127060674351,28.37972166998012,True,-0.5190242909815734,False,False,False,False,False,False,STRESS,0.448,STRESS,RISK_ON,0.156,0.93,0.907,Finance,56.0,54.0,54.0,54.0,0.0,88.9,REJECTED,STRESS,0.448,0.136,0.2125,0.136,0.1105,0.255,65.4,False,False,NORMAL GİRİŞ,⭐,İşlem Açma,0.0,16.0,118.0,-0.2104737256454074,0.0084745762711864,-0.3645033970273883,-1.031861359948116,0.3213251540400255,2.9471023480098446,30.060483870967744,0.15,False,"WMT, BRK-B, COST",
2026-09-28,J,137.39999389648438,138.88999938964844,136.14999389648438,138.3699951171875,968000.0,0.0,133942155.2734375,104897390.5,1.208150020281444,3.397862025669643,-8.133053301561876,11.75995082560981,1.4291479770279705,0.6165517703810619,0.5714632439685465,-0.4314287464535926,-1.3991243280913022,0.8087333835682047,0.5005460296599079,-0.1142700634986843,81.02177992860683,0.5190242909815734,67.09741550695824,32.60437375745527,82.30616302186878,86.48111332007953,59.94035785288271,41.56063618290258,62.38568588469185,83.220675944334,4.174950298210735,71.52265513003762,54.192842942345926,True,-0.5190242909815734,False,False,False,True,False,False,STRESS,0.448,STRESS,RISK_ON,0.156,0.93,0.907,Industrials,50.7,53.7,53.7,53.7,0.0,88.9,REJECTED,STRESS,0.448,0.136,0.2125,0.136,0.1105,0.255,48.7,False,False,NORMAL GİRİŞ,⭐,İşlem Açma,0.0,10.0,5.0,-0.2405176294880411,0.0,-1.9728511929877124,-8.178420387959639,-0.0731997832261188,0.388762753882621,12.127016129032258,0.15,True,"Industrials · LVS, WYNN, FTV",
2026-09-28,TEL,217.55999755859372,218.7700042724609,214.6499938964844,214.7100067138672,2316100.0,-1.7750078635921929,497289846.5499878,372508016.1682129,1.1677481483722314,5.906432015555246,5.768476213727669,8.275343779055566,2.013644383564819,1.021859545162095,0.3071272018978894,-0.780963221312602,0.0769443665532249,-1.6732538145319849,-0.8452618246058465,0.0534438413893556,1.4566181127295756,-1.2559835726106194,18.886679920477132,92.6441351888668,76.1431411530815,84.49304174950298,83.56858846918489,54.28429423459245,50.57654075546719,77.25646123260438,52.683896620278325,41.9299560458654,63.16500994035786,True,-0.5190242909815734,False,False,False,True,False,False,STRESS,0.448,STRESS,RISK_ON,0.156,0.93,0.907,Electronic Technology,55.7,53.7,53.7,53.7,0.0,88.9,REJECTED,STRESS,0.448,0.136,0.2125,0.136,0.1105,0.255,57.4,False,False,NORMAL GİRİŞ,⭐,İşlem Açma,0.0,3.0,98.0,0.0280415811195512,0.0510204081632653,1.926375573838679,8.561067407099477,2.01487210320398,-1.5871036527048688,70.33266129032258,0.15,True,"Electronic Technology · MU, NVDA, SNDK",
2026-09-28,WSM,228.38999938964844,232.8800048828125,226.22000122070312,231.02999877929688,837100.0,-0.3751596119385136,193395211.9781494,252981303.2897949,0.6878361222838033,6.504285539899554,-3.09144346506004,-3.805638181581006,1.787532110648262,0.8706699068631913,-0.5293831011187532,0.3143777448802733,-0.8271228624958368,0.8597036628975838,0.422821843425665,0.0212924719875646,72.22214585194858,0.1438646790430597,55.8648111332008,64.81113320079523,50.09940357852882,12.127236580516898,56.71968190854871,41.01391650099404,78.88667992047715,17.216699801192846,33.39960238568588,54.649649972868815,56.80715705765408,True,-0.5190242909815734,False,False,False,True,False,False,STRESS,0.448,STRESS,RISK_ON,0.156,0.93,0.907,Retail Trade,50.5,53.5,53.5,53.5,0.0,88.9,REJECTED,STRESS,0.448,0.136,0.2125,0.136,0.1105,0.255,46.1,False,False,NORMAL GİRİŞ,⭐,İşlem Açma,0.0,5.0,58.0,-0.1344888979117103,0.0517241379310344,2.951486161549844,0.7464781743023456,0.4554098081081426,-3.442040642088517,54.70766129032258,0.15,True,"HD, DE, LOW",
2026-09-28,AEE,99.29000091552734,99.80999755859376,98.61000061035156,99.38999938964844,2392200.0,0.0,237760756.539917,173888667.2859192,1.4634638737562056,1.4964299883161272,-6.894614154896073,-13.264683314732151,0.6854333957041783,0.4072655955447168,1.7198520327595177,-0.4643143470925753,-1.1844417925151605,0.5943439702604201,0.2025002225245731,-0.2114724351331765,65.00006357844946,0.5190242909815734,67.09741550695824,40.95427435387674,21.868787276341948,94.23459244532803,30.45725646123261,47.95228628230617,45.84493041749504,95.10934393638172,16.69980119284294,57.02783935983301,35.483101391650095,True,-0.5190242909815734,False,False,False,True,False,False,STRESS,0.448,STRESS,RISK_ON,0.156,0.93,0.907,Utilities,50.4,53.4,53.4,53.4,0.0,88.9,REJECTED,STRESS,0.448,0.136,0.2125,0.136,0.1105,0.255,50.5,False,False,NORMAL GİRİŞ,⭐,İşlem Açma,0.0,16.0,118.0,-0.2104737256454074,0.0084745762711864,-0.3645033970273883,-1.031861359948116,-0.3283962655381831,3.596823767588053,31.83467741935484,0.15,True,"WMT, BRK-B, COST",
2026-09-28,TSLA,368.05999755859375,369.4299926757813,356.79998779296875,357.45001220703125,39347100.0,-3.9396881894155023,14064621375.31128,12815429193.65796,0.9920245183000412,11.16499982561384,0.7440636416761848,-13.206582117562338,2.899505909160822,1.2579537348316392,0.2328093354666007,0.9931934071905414,1.283918735911377,-1.5919849070183991,-0.8714144879911081,-0.1174656333267662,5.146667955347219,-3.420663898433929,2.982107355864811,81.70974155069582,22.266401590457257,63.81709741550696,49.01590457256461,82.80318091451294,32.72365805168986,63.49900596421472,99.20477137176938,19.752241348218615,61.77534791252486,True,-0.5190242909815734,False,False,False,False,False,False,STRESS,0.448,STRESS,RISK_ON,0.156,0.93,0.907,Consumer Durables,55.3,53.3,53.3,53.3,0.0,88.9,REJECTED,STRESS,0.448,0.136,0.2125,0.136,0.1105,0.255,67.2,False,False,NORMAL GİRİŞ,⭐,İşlem Açma,0.0,3.0,98.0,0.0280415811195512,0.0510204081632653,1.926375573838679,8.561067407099477,-4.979311128588504,5.407079579087615,82.97379032258065,0.15,False,"Electronic Technology · MU, NVDA, SNDK",
2026-09-28,CVNA,63.68000030517578,64.22000122070312,59.650001525878906,60.470001220703125,15472300.0,-7.055020765650699,935609999.887085,440164570.68481445,2.342162189164682,3.0796427045549666,-18.3830459971614,-5.100437506743372,2.691022490224243,1.0774334222923465,1.6159408779036444,2.3765422023608536,0.9154695916199934,-1.1721119007221463,-0.6687089627862485,-0.2330896906274593,17.943101741405247,-6.535996474669126,0.7952286282306162,4.3737574552683895,45.92445328031809,99.40357852882704,27.22664015904573,96.56063618290258,20.71570576540756,97.97216699801191,60.43737574552684,23.77542349422005,71.47316103379721,True,-0.5190242909815734,False,False,False,False,False,False,STRESS,0.448,STRESS,RISK_ON,0.156,0.93,0.907,Retail Trade,56.3,53.2,53.2,53.2,0.0,88.9,REJECTED,STRESS,0.448,0.136,0.2125,0.136,0.1105,0.255,66.9,False,False,NORMAL GİRİŞ,⭐,İşlem Açma,0.0,3.0,98.0,0.0280415811195512,0.0510204081632653,1.926375573838679,8.561067407099477,-10.211212720922656,10.638981171421769,84.92943548387096,0.15,False,"Electronic Technology · MU, NVDA, SNDK",
2026-09-28,NDAQ,93.2300033569336,93.2300033569336,91.9499969482422,92.62000274658205,4123700.0,-0.9941210848077088,381937105.3260803,305177531.50177,1.2754000606199316,2.172143118722098,-6.774028438266699,20.520498043698154,1.6776089725265089,0.526845183175712,0.7811628876333043,-0.6791091850244442,-0.4364352406497548,-0.3110008318742127,-0.1886689157373355,-0.00391047576834,52.343940920171896,-0.4750967938261352,33.00198807157058,41.94831013916501,91.05367793240556,90.25844930417496,68.95626242544732,54.69184890656064,61.47117296222664,88.2703777335984,43.141153081510936,55.81192888326967,42.357852882703774,True,-0.5190242909815734,False,False,False,True,False,False,STRESS,0.448,STRESS,RISK_ON,0.156,0.93,0.907,Finance,55.0,53.0,53.0,53.0,0.0,88.9,REJECTED,STRESS,0.448,0.136,0.2125,0.136,0.1105,0.255,61.1,False,False,NORMAL GİRİŞ,⭐,İşlem Açma,0.0,11.0,61.0,-0.1802464195556996,0.0,-1.0560686257066632,-4.935067061756293,0.5732412475087267,-2.338902094196716,23.608870967741936,0.15,True,"CRM, NFLX, NOW",
2026-09-28,SMCI,42.75,43.060001373291016,40.959999084472656,41.77999877929688,29422700.0,-3.4211733695321045,1229280370.0836182,1376103832.7228394,0.7750415275609717,2.349999564034598,8.632342119856663,48.41917861206706,4.308002668373682,1.7309044698605114,-0.7563615692578658,0.1910344585506631,0.0429057048470121,-0.5647555300530656,-0.3283339963633259,0.1076414133654274,39.04756195697389,-2.902149078550531,5.36779324055666,95.42743538767397,98.60834990059642,25.04970178926441,97.17693836978133,51.15308151093439,66.6003976143141,22.02783300198807,89.66202783300199,39.994219416373326,61.72962226640159,True,-0.5190242909815734,False,False,False,True,False,False,STRESS,0.448,STRESS,RISK_ON,0.156,0.93,0.907,Electronic Technology,55.0,53.0,53.0,53.0,0.0,88.9,REJECTED,STRESS,0.448,0.136,0.2125,0.136,0.1105,0.255,57.7,False,False,NORMAL GİRİŞ,⭐,İşlem Açma,0.0,3.0,98.0,0.0280415811195512,0.0510204081632653,1.926375573838679,8.561067407099477,1.184639714419855,-0.7568712639207442,71.8649193548387,0.15,True,"Electronic Technology · MU, NVDA, SNDK",
2026-09-28,ADBE,229.72000122070312,231.4900054931641,224.6699981689453,231.00999450683597,5208600.0,-1.894087013524448,1203238657.3883057,1282176586.3203735,0.9322955401563132,8.790716988699776,-20.107212690010044,11.90718137229856,2.622834149568504,1.4056882948798943,0.1458579026506,0.6255225945383811,-0.2252115364451956,0.8448217730118628,0.5576957239638801,-0.1560114142558749,92.96172330162253,-1.3750627225428746,16.69980119284294,3.7773359840954273,82.50497017892644,53.677932405566594,47.07753479125249,66.45129224652086,57.05765407554672,55.42743538767395,88.46918489065607,44.96814052101712,60.01988071570576,True,-0.5190242909815734,False,False,False,True,False,False,STRESS,0.448,STRESS,RISK_ON,0.156,0.93,0.907,Technology Services,54.9,52.9,52.9,52.9,0.0,88.9,REJECTED,STRESS,0.448,0.136,0.2125,0.136,0.1105,0.255,65.8,False,False,NORMAL GİRİŞ,⭐,İşlem Açma,0.0,11.0,61.0,-0.1802464195556996,0.0,-1.0560686257066632,-4.935067061756293,-4.658925048945706,2.8932642022577166,32.903225806451616,0.15,True,"CRM, NFLX, NOW",
2026-09-28,GRMN,291.8500061035156,294.95001220703125,291.2900085449219,294.04998779296875,699200.0,-0.0306068032179696,205599751.46484372,209776342.31414795,0.8145671447044981,6.689283098493304,1.4420215244657086,25.79140477111943,1.5200796349381636,0.5964485144538717,-0.3567294950591045,-1.002135603142547,-1.1305619134355782,0.9512162431931008,0.5499904111530797,0.1615767228274147,75.40919361966463,0.4884174877636038,65.4075546719682,83.49900596421472,93.83697813121272,32.40556660039761,89.18489065606363,19.76143141153081,88.58846918489064,32.962226640159045,24.85089463220676,72.06775832816925,43.86282306163022,True,-0.5190242909815734,False,False,False,True,False,False,STRESS,0.448,STRESS,RISK_ON,0.156,0.93,0.907,Electronic Technology,49.8,52.8,52.8,52.8,0.0,88.9,REJECTED,STRESS,0.448,0.136,0.2125,0.136,0.1105,0.255,44.1,False,False,NORMAL GİRİŞ,⭐,İşlem Açma,0.0,11.0,61.0,-0.1802464195556996,0.0,-1.0560686257066632,-4.935067061756293,7.661034280568401,-9.42669512725639,17.681451612903224,0.15,True,"CRM, NFLX, NOW",
2026-09-28,PEP,127.4800033569336,128.75,126.72000122070312,128.5,7474700.0,-0.101068862534015,960498950.0,1040727173.3459471,0.8355345008556887,2.1557159423828125,-8.030346407099909,-7.340640323045866,0.9218439463935508,0.5175740467019319,-0.1664812358892789,0.1527142393127943,-1.17323403316218,1.2792891611179715,0.6406397044453465,-0.2153310743654507,87.68472165847352,0.4179554284475584,63.22067594433399,33.79721669980119,37.77335984095427,35.188866799204774,35.984095427435385,38.96620278330021,54.07554671968191,37.813121272365805,84.69184890656064,55.40863121157299,23.92644135188867,True,-0.5190242909815734,False,False,False,True,False,False,STRESS,0.448,STRESS,RISK_ON,0.156,0.93,0.907,Consumer Non-Durables,49.7,52.7,52.7,52.7,0.0,88.9,REJECTED,STRESS,0.448,0.136,0.2125,0.136,0.1105,0.255,52.4,False,False,NORMAL GİRİŞ,⭐,İşlem Açma,0.0,16.0,118.0,-0.2104737256454074,0.0084745762711864,-0.3645033970273883,-1.031861359948116,1.2266450543710508,2.04178244767882,28.245967741935484,0.15,True,"WMT, BRK-B, COST",
2026-09-28,PLTR,186.2310028076172,190.25,185.6199951171875,187.47999572753903,17407900.0,-1.154638299440247,3263633017.6254272,4278716116.782379,0.6603341291679848,5.732999529157366,0.833644773591713,62.039754302108086,3.081168788631399,1.1396841251899017,-1.5778463492181871,-0.1878793594036798,-0.248507421661239,-0.1177290971912713,0.0132925993303276,0.1075705934390149,40.17275699332964,-0.6356140084586737,28.429423459244536,82.30616302186878,99.60238568588468,9.74155069582505,91.81908548707752,36.34194831013916,71.65009940357854,6.242544731610337,96.81908548707754,49.071947667523816,54.149105367793226,True,-0.5190242909815734,False,False,False,True,False,False,STRESS,0.448,STRESS,RISK_ON,0.156,0.93,0.907,Technology Services,54.7,52.7,52.7,52.7,0.0,88.9,REJECTED,STRESS,0.448,0.136,0.2125,0.136,0.1105,0.255,53.0,False,False,NORMAL GİRİŞ,⭐,İşlem Açma,0.0,3.0,98.0,0.0280415811195512,0.0510204081632653,1.926375573838679,8.561067407099477,2.174605172846789,-1.7468367223476775,69.86895161290323,0.15,True,"Electronic Technology · MU, NVDA, SNDK",
2026-09-28,TTWO,200.72000122070312,203.5500030517578,199.4600067138672,202.3500061035156,2072900.0,0.4517492310764259,419451327.6519776,536793028.3053894,0.7282442774909668,6.538570949009487,-13.154503818233644,-18.12664126906105,2.3114343684055454,0.5613379344019476,-0.1367706312402876,-0.9646347518222024,-0.857419196730805,1.0843892686810506,0.4066026965923251,-0.2966691882300536,70.66019504406026,0.9707735220579994,80.31809145129225,11.133200795228628,10.536779324055663,18.09145129224652,10.8051689860835,24.980119284294236,42.30616302186879,28.82703777335984,69.58250497017893,51.909955886115775,46.44930417495031,True,-0.5190242909815734,False,False,True,False,False,False,STRESS,0.448,STRESS,RISK_ON,0.156,0.93,0.907,Technology Services,49.5,52.5,52.5,52.5,0.0,88.9,REJECTED,STRESS,0.448,0.136,0.2125,0.136,0.1105,0.255,39.9,False,False,NORMAL GİRİŞ,⭐,İşlem Açma,0.0,3.0,98.0,0.0280415811195512,0.0510204081632653,1.926375573838679,8.561067407099477,-3.829254357515999,4.25702280801511,81.58266129032258,0.15,False,"Electronic Technology · MU, NVDA, SNDK",
2026-09-28,MRVL,259.6499938964844,261.7799987792969,248.13999938964844,251.8999938964844,16869500.0,-3.8329420673987142,4249426947.036743,4448487742.271423,0.8395872910487986,12.978571210588727,4.328015695375598,-9.306932890554677,3.5289336150781185,2.140280261553802,-0.8685977311149264,0.6371550107660738,0.2243181955246632,-0.8513389203245907,-0.5024564525998674,0.1137796722810284,27.565943365726564,-3.313917776417141,3.180914512922465,90.25844930417496,32.40556660039761,35.785288270377734,58.439363817097416,59.87077534791252,63.69781312127237,27.037773359840955,97.21669980119285,24.841087378322165,60.80914512922465,True,-0.5190242909815734,False,False,False,True,False,False,STRESS,0.448,STRESS,RISK_ON,0.156,0.93,0.907,Electronic Technology,54.3,52.3,52.3,52.3,0.0,88.9,REJECTED,STRESS,0.448,0.136,0.2125,0.136,0.1105,0.255,61.9,False,False,NORMAL GİRİŞ,⭐,İşlem Açma,0.0,3.0,98.0,0.0280415811195512,0.0510204081632653,1.926375573838679,8.561067407099477,-2.3522742271811614,2.780042677680272,79.1633064516129,0.15,True,"Electronic Technology · MU, NVDA, SNDK",
2026-09-28,AXP,307.70001220703125,308.8800048828125,304.19000244140625,306.3299865722656,3354600.0,-0.828783047288062,1027614572.9553224,836952244.3961182,1.1032201096116565,6.217143467494419,-8.328349721012207,-10.13553550449846,1.386360117984992,0.6127705053011773,0.6884537535540343,-0.5208422027712956,-0.49928913064047,-0.1788821736116506,-0.1795372912898062,-0.1812450728519059,45.62863575434989,-0.3097587563064885,38.56858846918489,31.411530815109344,29.62226640159046,78.33001988071571,30.42743538767396,53.84691848906561,39.44333996023857,79.76143141153082,81.90854870775348,41.18214786966958,38.45328031809145,True,-0.5190242909815734,False,False,False,False,False,False,STRESS,0.448,STRESS,RISK_ON,0.156,0.93,0.907,Finance,54.1,52.1,52.1,52.1,0.0,88.9,REJECTED,STRESS,0.448,0.136,0.2125,0.136,0.1105,0.255,60.3,False,False,NORMAL GİRİŞ,⭐,İşlem Açma,0.0,2.0,35.0,-0.113706142892541,0.0571428571428571,-2.0972182618281487,-1.937988913512056,1.4853434148145217,-2.0735812041540957,53.39717741935484,0.15,False,"Finance · JPM, BAC, GS",
2026-09-28,DUK,113.5,113.8499984741211,112.79000091552734,113.41000366210938,4193500.0,0.0529379698244847,475584850.35705566,425749223.7960816,1.0867072394889223,1.510000501360212,-6.148623252143848,-11.626273153503186,0.6880227682676056,0.3423536808897953,0.2715084327386751,-0.7889151295128962,-1.300043708996782,0.2953688420931123,0.0551944780330511,-0.2062746680747339,58.49095986641332,0.5719622608060582,70.77534791252485,47.11729622266402,26.24254473161034,76.54075546719682,35.636182902584494,31.97813121272366,42.26640159045726,71.610337972167,58.8469184890656,57.07871825304292,23.65407554671968,True,-0.5190242909815734,False,False,True,False,False,False,STRESS,0.448,STRESS,RISK_ON,0.156,0.93,0.907,Utilities,49.0,52.0,52.0,52.0,0.0,88.9,REJECTED,STRESS,0.448,0.136,0.2125,0.136,0.1105,0.255,48.4,True,False,NORMAL GİRİŞ,⭐,İşlem Açma,0.0,16.0,118.0,-0.2104737256454074,0.0084745762711864,-0.3645033970273883,-1.031861359948116,-0.7847312684467087,4.053158770496578,32.70161290322581,0.15,False,"WMT, BRK-B, COST",
2026-09-28,MKC,47.83000183105469,48.65999984741211,47.619998931884766,48.459999084472656,3165700.0,1.0846901807668452,153409819.1017151,140766395.00026703,1.0099021903491925,1.1414285387311662,-11.147783123445809,-6.915099722488183,1.084568944727828,0.6146907918868988,0.302144888155015,0.0098897582433559,-0.2550495802407955,1.2583352615954304,0.6110556431794008,-0.3478465739851182,80.76917433884752,1.6037144717484186,90.85487077534792,17.892644135188867,39.56262425447317,65.8051689860835,29.811133200795236,60.9741550695825,40.59642147117297,65.88469184890657,10.536779324055663,68.51727528676746,52.71570576540756,True,-0.5190242909815734,False,False,True,False,True,False,STRESS,0.448,STRESS,RISK_ON,0.156,0.93,0.907,Consumer Non-Durables,48.8,51.8,51.8,51.8,0.0,88.9,REJECTED,STRESS,0.448,0.136,0.2125,0.136,0.1105,0.255,45.8,False,False,🎯 UYGUN GİRİŞ BÖLGESİ,⭐,İşlem Açma,0.0,16.0,118.0,-0.2104737256454074,0.0084745762711864,-0.3645033970273883,-1.031861359948116,1.1882304352104858,2.0801970668393843,28.366935483870968,0.15,False,"WMT, BRK-B, COST",
2026-09-28,TRGP,280.8999938964844,280.8999938964844,274.57000732421875,277.42999267578125,1030200.0,-0.1475682650134868,285808378.45458984,270177032.220459,0.9102274685126854,7.460710797991071,-3.986851470572328,2.24064590963009,1.2206103057158866,0.8337251154585152,-0.2339584122926766,-0.2209335257403943,-1.0699325630072458,-0.4417797766674028,-0.2996861455686743,-0.1200820748551582,45.1815389955694,0.3714560259680866,61.23260437375746,60.23856858846919,65.00994035785288,49.90059642147117,62.86282306163022,36.12326043737574,45.168986083499,45.52683896620278,36.38170974155069,57.61755747808576,54.624254473161045,True,-0.5190242909815734,False,False,False,True,False,False,STRESS,0.448,STRESS,RISK_ON,0.156,0.93,0.907,Utilities,48.8,51.8,51.8,51.8,0.0,88.9,REJECTED,STRESS,0.448,0.136,0.2125,0.136,0.1105,0.255,40.8,False,False,NORMAL GİRİŞ,⭐,İşlem Açma,0.0,15.0,30.0,-0.1308529576753245,0.0333333333333333,-0.698864283433287,0.0804663215365764,-1.7207721547649162,5.448561974659916,62.893145161290334,0.15,True,"Energy Minerals · XOM, CVX, VLO",
2026-09-28,DELL,551.739990234375,557.0,535.5,543.4299926757812,6845700.0,-3.457162405840564,3720158700.860596,5128473375.939941,0.606465170133958,32.40427507672991,15.070086959679262,31.070160554685437,5.735645402547235,1.9982611088001652,-0.0392765322412278,-0.2024184071023544,-0.335818041746931,-0.480469825166293,-0.3182096259538517,-0.0278650407496428,36.883686864098834,-2.9381381148589902,5.168986083499006,97.8131212723658,95.02982107355864,4.7713717693836974,96.28230616302189,44.27435387673956,56.85884691848906,22.98210735586481,97.4155069582505,36.0601380701077,63.260437375745525,True,-0.5190242909815734,False,False,False,True,False,False,STRESS,0.448,STRESS,RISK_ON,0.156,0.93,0.907,Electronic Technology,53.7,51.7,51.7,51.7,0.0,88.9,REJECTED,STRESS,0.448,0.136,0.2125,0.136,0.1105,0.255,54.4,False,False,NORMAL GİRİŞ,⭐,İşlem Açma,0.0,3.0,98.0,0.0280415811195512,0.0510204081632653,1.926375573838679,8.561067407099477,-5.764483617472493,6.192252067971604,83.6592741935484,0.15,True,"Electronic Technology · MU, NVDA, SNDK",
2026-09-28,SYK,273.5,276.94000244140625,271.1000061035156,275.3099975585937,2486000.0,1.083129815572348,684420653.9306641,750123701.0650635,0.8005487268827869,7.189998081752232,-14.531852241837283,-16.70398234340017,2.319877315270753,0.7240426390398718,-0.0085673644084725,-0.5948572965568965,-0.3593779057721807,0.7564753783633853,0.3824474172393071,-0.3917812180873292,72.0889399838006,1.602154106553921,90.65606361829026,8.548707753479125,12.922465208747516,30.019880715705767,10.95427435387674,41.73956262425447,32.007952286282304,38.76739562624255,77.53479125248509,57.24070314350929,54.32405566600397,True,-0.5190242909815734,False,False,True,False,False,False,STRESS,0.448,STRESS,RISK_ON,0.156,0.93,0.907,Health Technology,48.7,51.7,51.7,51.7,0.0,88.9,REJECTED,STRESS,0.448,0.136,0.2125,0.136,0.1105,0.255,45.4,True,False,🎯 UYGUN GİRİŞ BÖLGESİ,⭐,İşlem Açma,0.0,9.0,21.0,-0.0766607292329303,0.0,-0.006045672065269,-0.1080115499304419,2.117772900710979,0.4835647452794189,52.21774193548387,0.15,False,"Health Technology · BSX, MDT, ISRG",
2026-09-28,IBKR,87.80000305175781,88.5,86.80999755859375,87.08000183105469,3807500.0,-2.420434877208555,331557106.9717407,346995520.5,1.015284599672549,2.64499991280692,-9.808387539042274,-1.269839193815547,2.5045951446750108,1.0893948971665983,-0.1579982798730838,0.0449140403633576,0.5979700467449816,-1.0451129902900882,-0.5659738524323739,-0.0043091039995792,15.976561089241216,-1.9014105862269812,11.133200795228628,23.45924453280318,56.85884691848907,66.40159045725646,41.82902584493042,65.15904572564612,52.76341948310139,56.93836978131213,50.49701789264414,31.23582708307919,67.26043737574552,True,-0.5190242909815734,False,False,False,True,False,False,STRESS,0.448,STRESS,RISK_ON,0.156,0.93,0.907,Finance,54.0,51.6,51.6,51.6,0.0,88.9,REJECTED,STRESS,0.448,0.136,0.2125,0.136,0.1105,0.255,56.9,False,False,NORMAL GİRİŞ,⭐,İşlem Açma,0.0,3.0,98.0,0.0280415811195512,0.0510204081632653,1.926375573838679,8.561067407099477,-6.799667133803643,7.227435584302754,84.32459677419355,0.15,True,"Electronic Technology · MU, NVDA, SNDK",
2026-09-28,MDLZ,60.15999984741211,60.68000030517578,59.75,60.18000030517578,7262700.0,-0.1161820660982915,437069288.21640015,461010938.0,0.9040984876918394,1.1178575243268694,-3.604036032074676,0.0498758190786041,0.9395860641798612,0.4519722349206046,-0.2759783518849721,-0.2535191134226953,-1.146586217649459,-0.0253477720953384,-0.0317200177198782,-0.0645517577496602,46.23657678203729,0.4028422248832819,62.62425447316103,63.02186878727635,60.039761431411534,47.91252485089464,61.38170974155071,33.65805168986084,57.09741550695824,43.45924453280318,64.01590457256461,58.449701415778286,24.78330019880716,True,-0.5190242909815734,False,False,False,True,False,False,STRESS,0.448,STRESS,RISK_ON,0.156,0.93,0.907,Consumer Non-Durables,48.6,51.6,51.6,51.6,0.0,88.9,REJECTED,STRESS,0.448,0.136,0.2125,0.136,0.1105,0.255,48.7,False,False,NORMAL GİRİŞ,⭐,İşlem Açma,0.0,16.0,118.0,-0.2104737256454074,0.0084745762711864,-0.3645033970273883,-1.031861359948116,2.084379664423425,1.1840478376264452,26.411290322580648,0.15,True,"WMT, BRK-B, COST",
2026-09-28,MPC,396.0,398.3299865722656,387.0700073242188,389.4400024414063,2656000.0,-1.0367927135014887,1034352646.484375,1021004378.4820555,0.8526580555479757,16.32428196498326,7.124388634374812,50.23532229048924,1.987973983961253,1.1723072205578084,0.3219984384798782,-1.1107382654330336,-0.6395735879352286,-1.2101777082861502,-0.5806398675220277,-0.0002634671233634,21.0479527979467,-0.5177684225199153,31.21272365805169,93.83697813121272,99.00596421471172,38.56858846918489,96.67992047713716,34.98011928429423,51.21272365805169,50.09940357852882,84.29423459244532,49.64753881856207,57.16302186878728,True,-0.5190242909815734,False,False,False,True,False,False,STRESS,0.448,STRESS,RISK_ON,0.156,0.93,0.907,Energy Minerals,53.6,51.6,51.6,51.6,0.0,88.9,REJECTED,STRESS,0.448,0.136,0.2125,0.136,0.1105,0.255,52.7,False,False,NORMAL GİRİŞ,⭐,İşlem Açma,0.0,15.0,30.0,-0.1308529576753245,0.0333333333333333,-0.698864283433287,0.0804663215365764,-0.8137487452634762,4.541538565158476,61.30040322580646,0.15,True,"Energy Minerals · XOM, CVX, VLO",
2026-09-28,BKNG,162.6300048828125,166.19000244140625,160.75,163.8699951171875,8233800.0,-0.048796482185931,1349272765.7958984,1394275822.8979492,0.9655064048142816,6.381430489676339,-19.10051583867126,-10.163919128782684,2.491015504557015,0.8789488171468541,0.7317145009065095,-0.4241122465464089,-1.188504506286756,0.4639117394505605,0.1834537580361049,-0.3032802782031068,57.35282567963289,0.4702278087956424,64.41351888667992,4.174950298210735,29.22465208747515,59.64214711729622,17.952286282306165,41.08349900596421,33.28031809145129,69.02584493041749,89.86083499005964,50.1925390291959,56.56461232604373,True,-0.5190242909815734,False,False,False,False,False,False,STRESS,0.448,STRESS,RISK_ON,0.156,0.93,0.907,Consumer Services,48.5,51.5,51.5,51.5,0.0,88.9,REJECTED,STRESS,0.448,0.136,0.2125,0.136,0.1105,0.255,54.1,False,False,NORMAL GİRİŞ,⭐,İşlem Açma,0.0,11.0,61.0,-0.1802464195556996,0.0,-1.0560686257066632,-4.935067061756293,0.0,-1.765660846687989,25.09072580645161,0.15,False,"CRM, NFLX, NOW",
2026-09-28,KKR,95.33999633789062,95.68000030517578,92.6999969482422,93.23999786376952,6004900.0,-3.548153894842676,559896863.1721497,396586698.0897217,1.6199927429591192,3.1092867170061385,-14.709112821286553,4.834717634101127,1.972964127361408,0.9040902402680456,1.3371430143386378,0.975142364577736,0.6986174379355411,-1.1003730613084604,-0.6677845338521999,-0.2325034525529877,18.12081567864412,-3.029129603861102,4.7713717693836974,7.75347912524851,69.38369781312127,97.61431411530816,41.65009940357853,91.93836978131212,21.709741550695824,95.8648111332008,55.26838966202783,30.464169043013516,65.29025844930418,True,-0.5190242909815734,False,False,False,False,False,False,STRESS,0.448,STRESS,RISK_ON,0.156,0.93,0.907,Finance,53.6,51.5,51.5,51.5,0.0,88.9,REJECTED,STRESS,0.448,0.136,0.2125,0.136,0.1105,0.255,64.3,False,False,NORMAL GİRİŞ,⭐,İşlem Açma,0.0,2.0,35.0,-0.113706142892541,0.0571428571428571,-2.0972182618281487,-1.937988913512056,-3.7270539683595176,3.138816179019944,63.55846774193549,0.15,False,"Finance · JPM, BAC, GS",
2026-09-28,BRK-B,505.0,507.239990234375,502.5700073242188,503.0899963378906,3855100.0,-0.4728208032942604,1939462244.882202,1998198188.696777,0.8338290035190781,6.385001046316964,-0.1211045586875791,1.4294347455424683,0.7334723201035677,0.2869588322039484,-0.2897216802162871,-0.6136447092689273,-0.2378276454070506,-1.0820536344540728,-0.611566335132592,0.012119556253703,11.134709134395465,0.0462034876873129,52.087475149105366,79.52286282306163,62.62425447316103,34.1948310139165,70.2286282306163,40.04970178926441,53.51888667992047,34.83101391650099,93.24055666003976,49.74070749395645,12.13916500994036,True,-0.5190242909815734,False,False,False,True,False,False,STRESS,0.448,STRESS,RISK_ON,0.156,0.93,0.907,Finance,48.4,51.4,51.4,51.4,0.0,88.9,REJECTED,STRESS,0.448,0.136,0.2125,0.136,0.1105,0.255,53.7,False,False,NORMAL GİRİŞ,⭐,İşlem Açma,0.0,16.0,118.0,-0.2104737256454074,0.0084745762711864,-0.3645033970273883,-1.031861359948116,2.282889013420992,0.9855384886288788,25.907258064516128,0.15,True,"WMT, BRK-B, COST",
2026-09-28,MET,97.51000213623048,97.94000244140624,95.38999938964844,95.81999969482422,3241800.0,-1.9242551813117517,310629275.01068115,277229926.0,1.052826438551024,1.8207146780831476,-0.4467535638189912,11.431561454615924,1.30829454352663,0.5415321227234515,0.0256678959587519,1.1262359438999865,1.1434647595866716,-1.222161290928353,-0.662745262301262,0.0209418167485856,16.8627368849369,-1.405230890330178,16.302186878727635,78.92644135188867,81.11332007952286,71.17296222664015,80.12922465208749,82.61431411530815,52.1272365805169,64.09542743538768,37.17693836978131,41.53219814177401,41.6520874751491,True,-0.5190242909815734,False,False,False,True,False,False,STRESS,0.448,STRESS,RISK_ON,0.156,0.93,0.907,Finance,53.4,51.4,51.4,51.4,0.0,88.9,REJECTED,STRESS,0.448,0.136,0.2125,0.136,0.1105,0.255,60.7,False,False,NORMAL GİRİŞ,⭐,İşlem Açma,0.0,2.0,35.0,-0.113706142892541,0.0571428571428571,-2.0972182618281487,-1.937988913512056,2.951961777183154,-3.540199566522728,51.05846774193548,0.15,True,"Finance · JPM, BAC, GS",
2026-09-28,PPG,105.91999816894533,107.52999877929688,105.33000183105467,107.01000213623048,1512000.0,-0.4743252629824446,161799123.22998047,167921168.0,0.8896001506201313,2.306427001953125,-5.693132866633944,-11.496152397460534,1.4122348234428224,0.9827125223475076,-0.1440232653170717,0.0858607832730448,-0.929960483768552,1.2107221332958715,0.5129569840268,-0.1279807099443461,76.36375616421253,0.0446990279991288,51.88866799204771,50.29821073558648,26.64015904572565,44.73161033797216,37.286282306163024,44.24453280318091,65.2882703777336,44.333996023856855,15.308151093439363,49.71291637188845,62.02186878727635,True,-0.5190242909815734,False,False,False,True,False,False,STRESS,0.448,STRESS,RISK_ON,0.156,0.93,0.907,Process Industries,48.4,51.4,51.4,51.4,0.0,88.9,REJECTED,STRESS,0.448,0.136,0.2125,0.136,0.1105,0.255,44.8,False,False,NORMAL GİRİŞ,⭐,İşlem Açma,0.0,5.0,58.0,-0.1344888979117103,0.0517241379310344,2.951486161549844,0.7464781743023456,0.7340426132961486,-3.720673447276524,54.122983870967744,0.15,True,"HD, DE, LOW",
2026-09-28,BLK,1076.989990234375,1083.0,1063.199951171875,1071.25,517800.0,-1.3863499168226046,554693250.0,556256732.5439453,0.9104656069770714,24.74214826311384,-8.249604584701952,12.74298283465065,1.5851671388734263,0.7557247860889338,-0.5154333268299928,-0.0164759923241471,0.350830204610629,-0.3447011771945317,-0.2332301697882886,-0.0093342448327179,40.65671200108507,-0.8673256258410311,23.26043737574553,32.007952286282304,83.49900596421472,50.09940357852882,60.32803180914513,56.65009940357853,61.07355864811134,40.47713717693836,70.9741550695825,44.20781831740473,45.20079522862824,True,-0.5190242909815734,False,False,False,True,False,False,STRESS,0.448,STRESS,RISK_ON,0.156,0.93,0.907,Finance,53.2,51.2,51.2,51.2,0.0,88.9,REJECTED,STRESS,0.448,0.136,0.2125,0.136,0.1105,0.255,57.6,False,False,NORMAL GİRİŞ,⭐,İşlem Açma,0.0,2.0,35.0,-0.113706142892541,0.0571428571428571,-2.0972182618281487,-1.937988913512056,2.0559476412305044,-2.644185430570078,52.44959677419354,0.15,True,"Finance · JPM, BAC, GS",
2026-09-28,PLD,133.08999633789062,134.33999633789062,132.22000122070312,132.44000244140625,3020900.0,-0.4584747060203065,400088003.37524414,424813011.100769,0.9234258674789578,2.13571275983538,-6.633766343738978,-4.643961090498772,1.011233369022952,0.5362562753870215,-0.46280030135919,0.3076182259835657,-0.4863314851560774,-1.3117321049343724,-0.5738188806356884,0.0829627677973003,10.377439972361376,0.0605495849612669,53.28031809145129,43.141153081510936,47.713717693836976,52.087475149105366,45.65606361829026,53.02186878727635,55.54671968190855,43.02186878727634,58.4493041749503,47.49997063739517,32.09145129224652,True,-0.5190242909815734,False,False,False,True,False,False,STRESS,0.448,STRESS,RISK_ON,0.156,0.93,0.907,Finance,48.2,51.2,51.2,51.2,0.0,88.9,REJECTED,STRESS,0.448,0.136,0.2125,0.136,0.1105,0.255,52.9,False,False,NORMAL GİRİŞ,⭐,İşlem Açma,0.0,16.0,118.0,-0.2104737256454074,0.0084745762711864,-0.3645033970273883,-1.031861359948116,-0.4208347619747918,3.689262264024662,31.975806451612904,0.15,True,"WMT, BRK-B, COST",
2026-09-28,UNP,273.3999938964844,275.7699890136719,272.5,274.1000061035156,2414300.0,0.1132245695309563,661759644.7357178,581713429.1461182,0.9782494185528244,4.865709577287946,-10.911039066689764,0.5133869099800625,1.2695209553689208,0.4534850692003322,-0.1140399485958063,-0.6365517581871557,-1.0896080168309024,0.3180427478424086,0.0845624399212326,-0.2522210778153997,48.93001465221977,0.6322488605125298,72.56461232604374,18.687872763419485,61.23260437375746,61.63021868787276,42.08747514910537,32.59443339960238,37.25646123260437,55.58648111332008,72.16699801192843,60.829383174963525,30.23260437375746,True,-0.5190242909815734,False,False,True,False,False,False,STRESS,0.448,STRESS,RISK_ON,0.156,0.93,0.907,Transportation,48.2,51.2,51.2,51.2,0.0,88.9,REJECTED,STRESS,0.448,0.136,0.2125,0.136,0.1105,0.255,46.5,True,False,NORMAL GİRİŞ,⭐,İşlem Açma,0.0,4.0,10.0,-0.1381315028332713,0.0,1.8642427892004376,-4.648592127244914,1.496838165306974,0.0,31.95060483870968,0.15,False,"Transportation · UNP, FDX, CSX",
2026-09-28,BAX,23.209999084472656,23.81999969482422,23.11000061035156,23.489999771118164,6171500.0,0.5134742301049044,144968533.58745575,145340351.98049545,0.9619701097969288,0.6978569030761719,-9.409950747712436,6.67574827937405,1.4607302060851826,0.7187773567858124,0.0395096594626412,0.141449353012874,-0.8941597462205136,0.50057815663303,0.2161973060680629,-0.2300463940392041,53.52107757277484,1.032498521086478,82.10735586481114,24.85089463220676,74.15506958250498,59.04572564612326,51.968190854870784,49.512922465208746,42.50497017892644,56.97813121272365,11.72962226640159,68.77556700181029,60.72365805168987,True,-0.5190242909815734,False,False,True,False,False,False,STRESS,0.448,STRESS,RISK_ON,0.156,0.93,0.907,Health Care,48.1,51.1,51.1,51.1,0.0,88.9,REJECTED,STRESS,0.448,0.136,0.2125,0.136,0.1105,0.255,41.3,False,False,NORMAL GİRİŞ,⭐,İşlem Açma,0.0,14.0,9.0,-0.1590686644642772,0.0,0.7983562510587072,2.2917656692236337,3.3471099643527347,-2.3707041733775247,38.467741935483865,0.15,False,"Health Services · UNH, CVS, ELV",
2026-09-28,EXC,40.34000015258789,40.43000030517578,39.9900016784668,40.31999969482422,7470500.0,-0.0495797166287004,301210557.7201843,311112930.36009216,0.9688855514074812,0.6607142857142857,-8.280255471282494,-14.485684634519147,0.9664586411321794,0.3560793987761002,0.0915051956543503,-0.9757675213646858,-1.2077313344742142,0.6070154069859158,0.2545425383421621,-0.1197247312205172,74.9997832551607,0.469444574352873,64.21471172962227,31.610337972166995,19.08548707753479,60.039761431411534,24.721669980119284,27.3558648111332,58.96620278330021,58.60834990059642,45.52683896620278,53.6321850849594,26.0,True,-0.5190242909815734,False,False,False,True,False,False,STRESS,0.448,STRESS,RISK_ON,0.156,0.93,0.907,Utilities,48.1,51.1,51.1,51.1,0.0,88.9,REJECTED,STRESS,0.448,0.136,0.2125,0.136,0.1105,0.255,46.7,False,False,NORMAL GİRİŞ,⭐,İşlem Açma,0.0,16.0,118.0,-0.2104737256454074,0.0084745762711864,-0.3645033970273883,-1.031861359948116,-1.8865070791182543,5.154934581168124,34.65725806451613,0.15,True,"WMT, BRK-B, COST",
2026-09-28,HSIC,85.87999725341797,86.77999877929688,85.37000274658203,85.98999786376953,971200.0,-0.4399732207112095,83513485.92529297,90967174.45449828,0.8689000523379871,1.750713348388672,-4.751885396799372,2.0168440666384235,1.3620529196886455,0.467438344545692,-0.4943803747804456,-0.4020768373046721,-0.589822038908968,-0.0289073788500051,-0.0312078285383445,-0.1190051489197938,43.97140862827429,0.0790510702703639,53.87673956262425,56.66003976143141,64.41351888667992,40.95427435387674,60.9244532803181,37.77335984095427,49.90059642147117,35.387673956262425,2.584493041749503,53.48163390457693,47.216699801192846,True,-0.5190242909815734,False,False,False,True,False,False,STRESS,0.448,STRESS,RISK_ON,0.156,0.93,0.907,Health Care,48.0,51.0,51.0,51.0,0.0,88.9,REJECTED,STRESS,0.448,0.136,0.2125,0.136,0.1105,0.255,33.9,False,False,NORMAL GİRİŞ,⭐,İşlem Açma,0.0,6.0,26.0,0.0437365763274205,0.1923076923076923,4.8685302116231455,8.840644935212005,-2.2380459181973067,0.7802274377894935,90.10080645161293,0.15,True,"Health Technology · LLY, JNJ, TMO",
2026-09-28,NFLX,71.55000305175781,71.6500015258789,68.87999725341797,69.2300033569336,43145800.0,-2.698521613168148,2986983878.837585,2152318194.998932,1.3302452606748314,2.0485709054129466,-13.289073951736484,-6.166978372277587,2.268208734938717,0.8865932996442781,0.6096907632601345,1.0096111159854024,0.658044147996134,-1.421067588280948,-0.7879032968848982,-0.1085704988455037,12.635579915718733,-2.1794973221865743,9.145129224652088,10.934393638170974,42.14711729622266,91.84890656063618,28.101391650099405,88.09145129224652,34.99005964214712,86.75944333996024,93.63817097415506,27.194969522386984,54.30417495029822,True,-0.5190242909815734,False,False,False,False,False,False,STRESS,0.448,STRESS,RISK_ON,0.156,0.93,0.907,Technology Services,53.0,51.0,51.0,51.0,0.0,88.9,REJECTED,STRESS,0.448,0.136,0.2125,0.136,0.1105,0.255,73.0,False,False,NORMAL GİRİŞ,⭐,İşlem Açma,0.0,11.0,61.0,-0.1802464195556996,0.0,-1.0560686257066632,-4.935067061756293,-2.8704454371400785,1.1047845904520894,30.32258064516129,0.15,False,"CRM, NFLX, NOW",
2026-09-28,AMT,168.89999389648438,169.88999938964844,166.97000122070312,168.0,3221300.0,-0.6093585675532975,541178400.0,424556681.956665,1.2695303648032727,3.738571166992188,-3.5369774919614128,-0.3972253512776302,1.368392921034029,0.4709257200998135,0.7582756645902046,-0.3422893604597444,-0.6882022373665198,-0.5024877630614659,-0.3006842944112037,-0.1526312066050632,35.27395291720011,-0.0903342765717241,46.52087475149106,63.618290258449306,58.4493041749503,89.66202783300199,60.77534791252486,56.04373757455268,39.80119284294234,87.3558648111332,58.25049701789264,52.25304141498045,35.57852882703778,True,-0.5190242909815734,False,False,False,False,False,False,STRESS,0.448,STRESS,RISK_ON,0.156,0.93,0.907,Finance,52.9,50.9,50.9,50.9,0.0,88.9,REJECTED,STRESS,0.448,0.136,0.2125,0.136,0.1105,0.255,57.9,False,False,NORMAL GİRİŞ,⭐,İşlem Açma,0.0,16.0,118.0,-0.2104737256454074,0.0084745762711864,-0.3645033970273883,-1.031861359948116,-1.712315556365279,4.980743058415149,34.49596774193549,0.15,False,"WMT, BRK-B, COST",
2026-09-28,DG,122.97000122070312,125.54000091552734,122.4499969482422,124.37000274658205,2377200.0,-0.3764767743476338,295652370.5291748,292594314.6133423,0.9044509166449484,3.587855747767857,-1.2074011068535784,5.828797435825428,2.215866076784111,0.630934679051901,0.1017027417250118,-0.4393598457035692,-1.2866783403341917,0.7295785758111428,0.3373797878092802,-0.1701542580868856,62.1360302014997,0.1425475166339396,55.666003976143145,75.14910536779324,71.57057654075547,48.111332007952285,73.18091451292247,32.117296222664024,53.558648111332005,51.610337972167,40.75546719681908,59.483980753748384,54.98409542743539,True,-0.5190242909815734,False,False,False,True,False,False,STRESS,0.448,STRESS,RISK_ON,0.156,0.93,0.907,Retail Trade,47.9,50.9,50.9,50.9,0.0,88.9,REJECTED,STRESS,0.448,0.136,0.2125,0.136,0.1105,0.255,44.2,False,False,NORMAL GİRİŞ,⭐,İşlem Açma,0.0,13.0,12.0,-0.1408382936484901,0.0,1.6271149203392343,-0.1347939260309285,2.094019450891982,-1.6280022955018405,36.21471774193549,0.15,True,"Retail Trade · NKE, TJX, SBUX",
2026-09-28,PODD,134.44000244140625,135.39999389648438,130.38999938964844,133.11000061035156,1724700.0,-2.218470700166874,229574818.0526733,190257854.11102292,0.9901655155784432,4.443571908133371,-7.182204441565043,-15.614301629040472,1.9695971141997208,0.5720477789593585,0.4365433846095132,0.7971648494963478,0.2779100711268915,-0.2414276576474841,-0.0722548616504484,0.0624173993145301,54.29150105837026,-1.6994464091853012,11.928429423459244,38.76739562624255,14.910536779324056,63.22067594433399,25.646123260437378,77.88270377733598,66.99801192842942,66.87872763419483,19.880715705765407,28.62000497661237,52.514910536779325,True,-0.5190242909815734,False,False,False,True,False,False,STRESS,0.448,STRESS,RISK_ON,0.156,0.93,0.907,Health Technology,52.9,50.9,50.9,50.9,0.0,88.9,REJECTED,STRESS,0.448,0.136,0.2125,0.136,0.1105,0.255,60.8,False,False,NORMAL GİRİŞ,⭐,İşlem Açma,0.0,9.0,21.0,-0.0766607292329303,0.0,-0.006045672065269,-0.1080115499304419,-3.570711317602271,6.172048963592669,62.943548387096776,0.15,True,"Health Technology · BSX, MDT, ISRG",
2026-09-28,BALL,56.45000076293945,57.54999923706055,56.0,57.130001068115234,2014300.0,0.5278888393359438,115076961.15150452,119935220.42312622,0.99379831957649,1.23428589957101,-9.846929038795585,-7.884551647669735,1.224257589891638,0.6256453186144573,0.4022147151730475,0.8176974686695614,-0.6325827461210041,1.0318091959753704,0.4493561772284611,-0.3967093499453356,72.90333060151653,1.0469131303175172,82.7037773359841,23.061630218687878,35.785288270377734,64.01590457256461,30.0596421471173,67.21669980119285,35.54671968190856,66.56063618290258,6.163021868787276,62.8370527420602,56.80715705765408,True,-0.5190242909815734,False,False,True,False,False,False,STRESS,0.448,STRESS,RISK_ON,0.156,0.93,0.907,Materials,47.7,50.7,50.7,50.7,0.0,88.9,REJECTED,STRESS,0.448,0.136,0.2125,0.136,0.1105,0.255,45.4,False,False,NORMAL GİRİŞ,⭐,İşlem Açma,0.0,16.0,118.0,-0.2104737256454074,0.0084745762711864,-0.3645033970273883,-1.031861359948116,-2.2531244823846768,5.521551984434547,35.26209677419355,0.15,False,"WMT, BRK-B, COST",
2026-09-28,FFIV,440.9800109863281,448.3699951171875,430.9400024414063,435.55999755859375,468500.0,-1.6927729971849104,204059858.8562012,211672722.57995605,0.8603276039371236,15.08357456752232,6.177172628978034,6.089243364817265,2.308069030173173,0.4930114376667493,-0.415841491173984,0.641547310733654,-0.0660149214264031,-0.6422033340994939,-0.398365479229479,0.1162054282662938,26.50600722057057,-1.173748706203337,19.4831013916501,93.24055666003976,73.1610337972167,39.36381709741551,82.19681908548708,61.02385685884691,66.08349900596421,36.10337972166998,25.44731610337972,41.15656493676879,48.47316103379721,True,-0.5190242909815734,False,False,False,True,False,False,STRESS,0.448,STRESS,RISK_ON,0.156,0.93,0.907,Technology Services,52.7,50.7,50.7,50.7,0.0,88.9,REJECTED,STRESS,0.448,0.136,0.2125,0.136,0.1105,0.255,50.4,False,False,NORMAL GİRİŞ,⭐,İşlem Açma,0.0,3.0,98.0,0.0280415811195512,0.0510204081632653,1.926375573838679,8.561067407099477,-3.4535175357257697,3.881285986224881,80.87701612903226,0.15,True,"Electronic Technology · MU, NVDA, SNDK",
2026-09-28,KEYS,361.0899963378906,364.1900024414063,355.32501220703125,359.739990234375,862600.0,-0.6654711314997952,310311715.5761719,309261745.0378418,0.7901908604982435,11.180147443498884,10.410653193289242,5.76543975373387,2.2882087957839694,1.179721765255683,-0.8093027864519402,-0.2226664554994402,-0.6910164177113318,-0.1528807735551896,-0.0707018878576739,0.2121413580031566,49.80240147613671,-0.1464468405182217,44.1351888667992,96.02385685884693,71.37176938369781,28.23061630218688,82.46520874751492,34.89065606361829,75.42743538767395,22.98210735586481,44.73161033797216,54.15916658896556,64.02982107355865,True,-0.5190242909815734,False,False,False,True,False,False,STRESS,0.448,STRESS,RISK_ON,0.156,0.93,0.907,Electronic Technology,52.6,50.6,50.6,50.6,0.0,88.9,REJECTED,STRESS,0.448,0.136,0.2125,0.136,0.1105,0.255,46.6,False,False,NORMAL GİRİŞ,⭐,İşlem Açma,0.0,3.0,98.0,0.0280415811195512,0.0510204081632653,1.926375573838679,8.561067407099477,4.954783455658573,-4.527015005159463,66.40120967741935,0.15,True,"Electronic Technology · MU, NVDA, SNDK",
2026-09-28,EOG,142.3800048828125,142.3800048828125,140.02000427246094,140.6300048828125,2746200.0,0.1995003684505336,386198119.4091797,441861319.2451477,0.8121416087276685,3.797144208635603,-2.6781973129325287,6.594409825522996,1.935239503611964,1.2356195095268911,-0.2664521302586073,-1.0877150018222608,-1.0735404936708628,-1.1881217514284024,-0.5993641095270423,-0.0660259343216252,25.847476804706947,0.7185246594321071,74.55268389662028,67.59443339960238,73.95626242544732,31.809145129224653,71.0934393638171,20.58648111332008,43.45924453280318,34.1948310139165,60.83499005964215,61.86307770035141,64.62823061630218,True,-0.5190242909815734,False,False,True,False,False,False,STRESS,0.448,STRESS,RISK_ON,0.156,0.93,0.907,Energy Minerals,47.5,50.5,50.5,50.5,0.0,88.9,REJECTED,STRESS,0.448,0.136,0.2125,0.136,0.1105,0.255,38.2,True,False,NORMAL GİRİŞ,⭐,İşlem Açma,0.0,15.0,30.0,-0.1308529576753245,0.0333333333333333,-0.698864283433287,0.0804663215365764,1.8716322233118587,1.8561575965831407,55.29233870967742,0.15,False,"Energy Minerals · XOM, CVX, VLO",
2026-09-28,BEN,32.86000061035156,32.900001525878906,32.099998474121094,32.68000030517578,3694400.0,-1.0296794302676937,120732993.1274414,116944942.5,0.9871832384067294,0.777857916695731,-6.145892288409593,-1.4772375484601197,1.5373254529747118,0.6400367721453776,-0.0271604967501288,0.8121363544904161,-0.0294465685812397,0.4420218238757881,0.1462496900570295,-0.0581285089176717,72.49995231646608,-0.5106551392861203,31.610337972166995,47.31610337972167,56.2624254473161,63.02186878727635,52.23658051689861,70.32803180914513,64.85089463220676,58.091451292246525,5.964214711729622,47.92494552985735,55.74751491053678,True,-0.5190242909815734,False,False,False,True,False,False,STRESS,0.448,STRESS,RISK_ON,0.156,0.93,0.907,Financials,52.4,50.4,50.4,50.4,0.0,88.9,REJECTED,STRESS,0.448,0.136,0.2125,0.136,0.1105,0.255,53.4,False,False,NORMAL GİRİŞ,⭐,İşlem Açma,0.0,2.0,35.0,-0.113706142892541,0.0571428571428571,-2.0972182618281487,-1.937988913512056,0.9467285292747428,-1.5349663186143163,54.86895161290322,0.15,True,"Finance · JPM, BAC, GS",
2026-09-28,BX,117.0,117.3499984741211,113.87999725341795,114.55999755859376,8078400.0,-3.2595850954537653,925461484.2773438,453021144.9767761,2.1562553800285333,3.9285736083984375,-20.245058786832526,-0.2785536572129543,1.9954296545266668,1.0306874429068729,2.290024762972998,0.6417909812319958,0.1456470242389057,-1.1204760898520476,-0.6508647376984302,-0.2762439855773345,19.596543687612684,-2.740560804472192,6.36182902584493,3.5785288270377733,59.04572564612326,99.00596421471172,34.08548707753479,85.6858846918489,16.73956262425447,99.00596421471172,63.02186878727635,28.662437668960077,67.3976143141153,True,-0.5190242909815734,False,False,False,False,False,False,STRESS,0.448,STRESS,RISK_ON,0.156,0.93,0.907,Finance,52.9,50.4,50.4,50.4,0.0,88.9,REJECTED,STRESS,0.448,0.136,0.2125,0.136,0.1105,0.255,63.1,False,False,NORMAL GİRİŞ,⭐,İşlem Açma,0.0,2.0,35.0,-0.113706142892541,0.0571428571428571,-2.0972182618281487,-1.937988913512056,-5.573791521880344,4.985553732540771,66.13911290322581,0.15,False,"Finance · JPM, BAC, GS",
2026-09-28,OXY,57.459999084472656,57.560001373291016,56.0,56.09999847412109,11859000.0,-1.3366199930924916,665289881.904602,528915622.024292,1.3902745261706664,1.653571537562779,-5.188442666687354,14.279890963783036,2.052311735496803,1.181475111996648,1.4012934881853572,-0.0278284914231011,-0.4984309879412438,-1.6909470643865634,-0.871795840516451,-0.2142852334392387,6.410152954553791,-0.8175957021109181,25.24850894632207,53.28031809145129,84.89065606361828,93.04174950298211,70.66600397614314,66.75944333996023,18.05168986083499,93.59840954274354,68.98608349900597,42.91238706483907,68.31809145129225,True,-0.5190242909815734,False,False,False,False,False,False,STRESS,0.448,STRESS,RISK_ON,0.156,0.93,0.907,Energy Minerals,53.0,50.4,50.4,50.4,0.0,88.9,REJECTED,STRESS,0.448,0.136,0.2125,0.136,0.1105,0.255,58.0,False,False,NORMAL GİRİŞ,⭐,İşlem Açma,0.0,15.0,30.0,-0.1308529576753245,0.0333333333333333,-0.698864283433287,0.0804663215365764,0.3933811323910685,3.3344086875039314,58.35685483870968,0.15,False,"Energy Minerals · XOM, CVX, VLO",
2026-09-28,SNDK,1736.6400146484375,1762.0,1659.02001953125,1712.8900146484375,6632000.0,-3.651143683029723,11359886577.148438,14833395114.874268,0.6223063807985827,103.35020228794644,15.35001277136856,-16.460278376886393,4.973709823971887,1.6693777820999904,-1.8115606004595883,0.8660288105294821,0.4191055543240494,-0.091025348816675,-0.0783598384091264,0.1453722549607694,52.31113355428799,-3.1321193920481494,3.7773359840954273,98.2107355864811,13.12127236580517,5.168986083499006,51.411530815109344,56.40159045725645,73.43936381709742,3.2604373757455267,99.60238568588468,21.901093474713097,58.14512922465208,True,-0.5190242909815734,False,False,False,True,False,False,STRESS,0.448,STRESS,RISK_ON,0.156,0.93,0.907,Electronic Technology,52.4,50.4,50.4,50.4,0.0,88.9,REJECTED,STRESS,0.448,0.136,0.2125,0.136,0.1105,0.255,59.5,False,False,NORMAL GİRİŞ,⭐,İşlem Açma,0.0,3.0,98.0,0.0280415811195512,0.0510204081632653,1.926375573838679,8.561067407099477,-3.2656211646068023,3.693389615105913,80.67540322580646,0.15,True,"Electronic Technology · MU, NVDA, SNDK",
2026-09-28,VMRK,61.4900016784668,61.77000045776367,60.54999923706055,61.369998931884766,4976000.0,-0.2276042813667667,305377114.6850586,408911842.059433,0.779094709483474,1.3478562491280692,-6.305345142160668,-10.199006538067367,1.4101754956243318,0.3829028884127466,0.3483761345431665,-0.0678102422576496,-0.8765757945565475,0.5311701742889202,0.145079983490507,-0.1083071424171549,67.21302248793056,0.2914200096148067,59.04572564612326,45.52683896620278,28.429423459244536,25.64612326043737,36.12326043737575,44.07554671968191,60.07952286282307,42.74353876739563,56.06361829025845,49.74118296449882,28.829025844930413,True,-0.5190242909815734,False,False,False,True,False,False,STRESS,0.448,STRESS,RISK_ON,0.156,0.93,0.907,Finance,47.4,50.4,50.4,50.4,0.0,88.9,REJECTED,STRESS,0.448,0.136,0.2125,0.136,0.1105,0.255,51.0,False,False,NORMAL GİRİŞ,⭐,İşlem Açma,0.0,16.0,118.0,-0.2104737256454074,0.0084745762711864,-0.3645033970273883,-1.031861359948116,2.08405106218656,1.1843764398633103,26.451612903225808,0.15,True,"WMT, BRK-B, COST",
2026-09-28,WEC,101.37000274658205,102.08000183105467,100.9000015258789,101.4499969482422,3168500.0,0.0,321444315.3305054,267948252.7057648,1.2111887309945433,1.485715593610491,-4.54460204343039,-14.344818517188283,0.8222582419493646,0.3450340911253141,1.1518341035909747,-0.6147935799285309,-1.295567892432869,0.2889803824384785,-0.0067862800245692,-0.275393710824543,46.60976950182653,0.5190242909815734,67.09741550695824,57.65407554671968,19.284294234592444,86.87872763419483,36.5506958250497,41.938369781312126,34.07554671968191,88.54870775347914,35.984095427435385,53.497955081395375,31.78330019880716,True,-0.5190242909815734,False,False,False,False,False,False,STRESS,0.448,STRESS,RISK_ON,0.156,0.93,0.907,Utilities,47.2,50.2,50.2,50.2,0.0,88.9,REJECTED,STRESS,0.448,0.136,0.2125,0.136,0.1105,0.255,47.7,False,False,NORMAL GİRİŞ,⭐,İşlem Açma,0.0,16.0,118.0,-0.2104737256454074,0.0084745762711864,-0.3645033970273883,-1.031861359948116,0.1060186705993673,3.1624088314505028,30.50403225806452,0.15,False,"WMT, BRK-B, COST",
2026-09-28,GE,321.4599914550781,323.0,315.239990234375,318.239990234375,4173000.0,-2.7056792328107093,1328015479.2480469,1269281381.652832,0.990699579196021,9.120008196149554,-7.145569330267277,-14.84306273999223,1.589304142712992,0.8874780045445041,0.3586281800876795,0.9057469628771122,1.3351776689634054,-0.3660445874853962,-0.3114694431335535,-0.0585443599947589,38.65974516281265,-2.186654941829136,8.946322067594433,39.165009940357855,17.495029821073558,63.41948310139165,27.246520874751493,83.51888667992047,53.95626242544732,65.56660039761431,88.27037773359841,24.978300560018845,46.34592445328031,True,-0.5190242909815734,False,False,False,True,False,False,STRESS,0.448,STRESS,RISK_ON,0.156,0.93,0.907,Electronic Technology,52.1,50.1,50.1,50.1,0.0,88.9,REJECTED,STRESS,0.448,0.136,0.2125,0.136,0.1105,0.255,72.0,False,False,NORMAL GİRİŞ,⭐,İşlem Açma,0.0,1.0,13.0,-0.1712524359611602,0.0,-1.734018036381213,-3.837534486151572,3.1958933161834846,0.0,28.054435483870968,0.15,True,"Electronic Technology · GE, BA, HWM",
2026-09-28,ALB,107.5,108.6999969482422,104.66000366210938,107.38999938964844,2661700.0,-2.132510613048566,285839961.37542725,275934460.98594666,1.0149901425798604,4.851428440638951,-20.902998166275,-17.2139998538017,2.9069248148468225,1.4009256879724927,0.6223145108781621,0.4310873095612348,-0.0121691892019027,0.5843711192629794,0.1810643400751609,-0.1843733817542152,67.5742639699356,-1.6134863220669926,13.717693836978132,2.982107355864811,12.127236580516898,66.2027833001988,8.01192842942346,72.84294234592446,49.741550695825055,71.610337972167,36.97813121272366,27.145100353255987,75.08151093439363,True,-0.5190242909815734,False,False,False,True,False,False,STRESS,0.448,STRESS,RISK_ON,0.156,0.93,0.907,Process Industries,53.7,49.9,49.9,49.9,0.0,88.9,REJECTED,STRESS,0.448,0.136,0.2125,0.136,0.1105,0.255,58.5,False,False,NORMAL GİRİŞ,⭐,İşlem Açma,0.0,3.0,98.0,0.0280415811195512,0.0510204081632653,1.926375573838679,8.561067407099477,-5.120393838756865,5.548162289255976,83.1350806451613,0.15,True,"Electronic Technology · MU, NVDA, SNDK",
2026-09-28,ORCL,132.72999572753906,135.69000244140625,131.5800018310547,132.60000610351562,35014000.0,-3.282275565037052,4642856613.708496,4433762534.843445,1.0497696152348812,7.2457155500139505,-12.72870468374646,-10.25987675723089,3.2837208935606133,2.2728179111375444,0.3594022129017129,-0.7191483897785725,0.107931250906785,-0.3659788886116929,-0.2912386348026567,-0.2311276281646613,24.817618515479687,-2.763251274055478,6.163021868787276,11.72962226640159,28.23061630218688,70.77534791252485,20.805168986083498,54.1351888667992,30.536779324055665,70.0596421471173,97.0178926441352,21.70144376009668,67.42147117296223,True,-0.5190242909815734,False,False,False,False,False,False,STRESS,0.448,STRESS,RISK_ON,0.156,0.93,0.907,Technology Services,52.4,49.9,49.9,49.9,0.0,88.9,REJECTED,STRESS,0.448,0.136,0.2125,0.136,0.1105,0.255,58.8,False,False,NORMAL GİRİŞ,⭐,İşlem Açma,0.0,3.0,98.0,0.0280415811195512,0.0510204081632653,1.926375573838679,8.561067407099477,-10.966250947091885,11.394019397590997,85.0100806451613,0.15,False,"Electronic Technology · MU, NVDA, SNDK",
2026-09-28,LOW,187.1499938964844,189.7100067138672,186.3000030517578,187.66000366210935,3946100.0,-0.8558723201791851,740525140.4510498,650503707.9299927,1.2115508901418917,4.178574698311942,-9.22898149264324,-14.564077549688426,1.2967920001695266,0.6805931070934768,1.058126708366323,-0.3109681997269258,-0.7192823852997269,0.1801499144552646,-0.0439873276116664,-0.3851811200195916,39.88267301479341,-0.3368480291976117,37.97216699801193,27.037773359840955,18.48906560636183,87.07753479125249,22.335984095427435,57.03777335984096,24.21471172962227,88.27037773359841,74.35387673956262,37.21192535316921,45.306163021868784,True,-0.5190242909815734,False,False,False,False,False,False,STRESS,0.448,STRESS,RISK_ON,0.156,0.93,0.907,Retail Trade,51.8,49.8,49.8,49.8,0.0,88.9,REJECTED,STRESS,0.448,0.136,0.2125,0.136,0.1105,0.255,56.9,False,False,NORMAL GİRİŞ,⭐,İşlem Açma,0.0,5.0,58.0,-0.1344888979117103,0.0517241379310344,2.951486161549844,0.7464781743023456,-2.986630833980375,0.0,61.078629032258064,0.15,False,"HD, DE, LOW",
2026-09-28,IRM,110.9000015258789,112.2699966430664,109.6500015258789,111.0500030517578,1320900.0,-0.2962777965502483,146685949.0310669,191365197.8109741,0.7749827654487583,2.9642862592424666,-9.4873232930493,-14.557203160915744,1.7169076742200131,0.7243740498718421,-0.7516545563268391,-0.0564079894563391,-0.90167616964658,0.2015363126883932,0.0635516644923822,-0.0604353708737532,53.43527232912454,0.2227464944313251,57.65407554671968,24.45328031809145,18.687872763419485,24.85089463220676,21.28230616302187,33.72763419483101,60.83499005964215,22.0675944333996,20.27833001988072,44.78786122893631,58.409542743538765,True,-0.5190242909815734,False,False,False,True,False,False,STRESS,0.448,STRESS,RISK_ON,0.156,0.93,0.907,Real Estate,46.7,49.7,49.7,49.7,0.0,88.9,REJECTED,STRESS,0.448,0.136,0.2125,0.136,0.1105,0.255,36.8,False,False,NORMAL GİRİŞ,⭐,İşlem Açma,0.0,3.0,98.0,0.0280415811195512,0.0510204081632653,1.926375573838679,8.561067407099477,-5.219269554979256,5.647038005478366,83.3366935483871,0.15,True,"Electronic Technology · MU, NVDA, SNDK",
2026-09-28,ITW,273.3399963378906,275.32000732421875,271.9100036621094,273.8299865722656,813600.0,-0.1786310654964262,222788077.0751953,306207674.48028564,0.6460013974464841,4.375,-2.7834037802159983,2.377831746463377,0.9596677503481126,0.4980023967592112,-1.2459098777579467,-0.4424609724982994,-1.0448137872271002,0.3963821604601026,0.134010059155711,0.0389004485613262,56.30442370166191,0.3403932254851471,60.43737574552684,66.40159045725646,65.8051689860835,7.952286282306163,66.07355864811133,19.731610337972167,73.79721669980118,6.1232604373757455,43.93638170974155,57.48034296658766,29.405566600397616,True,-0.5190242909815734,False,False,False,True,False,False,STRESS,0.448,STRESS,RISK_ON,0.156,0.93,0.907,Producer Manufacturing,46.7,49.7,49.7,49.7,0.0,88.9,REJECTED,STRESS,0.448,0.136,0.2125,0.136,0.1105,0.255,38.1,False,False,NORMAL GİRİŞ,⭐,İşlem Açma,0.0,5.0,58.0,-0.1344888979117103,0.0517241379310344,2.951486161549844,0.7464781743023456,1.110468314521329,-4.097099148501703,53.55846774193548,0.15,True,"HD, DE, LOW",
2026-09-28,CPAY,395.4100036621094,399.3200073242188,391.8500061035156,396.2300109863281,492400.0,-0.472224871118021,195103657.409668,180810324.37286377,1.1276378917476784,7.195715767996652,-1.843086930827631,18.157693978149997,1.172174078928525,0.6324994008368912,0.173273824716014,0.392088871154755,-1.0111332504301174,0.2798950156942539,0.1443785568088505,-0.2355692745928638,58.63459393652182,0.0467994198635524,52.286282306163024,71.57057654075547,88.27037773359841,80.9145129224652,80.7554671968191,56.48111332007952,37.9324055666004,72.56461232604374,17.892644135188867,62.59308166005377,53.2286282306163,True,-0.5190242909815734,False,False,False,False,False,False,STRESS,0.448,STRESS,RISK_ON,0.156,0.93,0.907,Commercial Services,46.6,49.6,49.6,49.6,0.0,88.9,REJECTED,STRESS,0.448,0.136,0.2125,0.136,0.1105,0.255,46.4,False,False,NORMAL GİRİŞ,⭐,İşlem Açma,0.0,11.0,61.0,-0.1802464195556996,0.0,-1.0560686257066632,-4.935067061756293,2.510092060131364,-4.275752906819353,20.04032258064516,0.15,False,"CRM, NFLX, NOW",
2026-09-28,HUM,397.4299926757813,408.1900024414063,389.1000061035156,389.6300048828125,1487500.0,-2.0857909546243447,579574632.2631836,346198519.0765381,1.5336000164958656,14.264280046735491,-0.7640768961076572,0.1877101781466938,1.9579174398689616,0.6642882616346196,0.7707005832942501,0.944342634810117,0.0183732460516972,-1.172860938389922,-0.7033261608751464,-0.1364633073670852,2.7763168201604693,-1.5667666636427713,14.314115308151091,77.53479125248509,60.43737574552684,96.42147117296224,68.13121272365805,84.00596421471172,34.23459244532803,91.65009940357852,50.29821073558648,35.663317566707896,56.14512922465209,True,-0.5190242909815734,False,False,False,False,False,False,STRESS,0.448,STRESS,RISK_ON,0.156,0.93,0.907,Health Services,51.5,49.5,49.5,49.5,0.0,88.9,REJECTED,STRESS,0.448,0.136,0.2125,0.136,0.1105,0.255,63.9,False,False,NORMAL GİRİŞ,⭐,İşlem Açma,0.0,14.0,9.0,-0.1590686644642772,0.0,0.7983562510587072,2.2917656692236337,3.823703666257783,-2.847297875282573,37.82258064516128,0.15,False,"Health Services · UNH, CVS, ELV",
2026-09-28,O,55.54999923706055,55.709999084472656,55.09999847412109,55.34999847412109,10310600.0,-0.3421001769431608,570691694.267273,413698821.308136,1.3106106251159906,0.9457144056047712,-10.436895672943214,-12.198606481406893,0.778880940060629,0.3847061803120166,1.6837140635142245,-0.8913511169131693,-0.778037934325876,-0.0312667015293743,-0.2467221777522075,-0.4005311836244648,40.98356555019136,0.1769241140384125,56.06361829025845,20.47713717693837,25.24850894632207,90.85487077534792,23.10139165009941,48.55864811133201,20.47713717693837,93.0019880715706,56.66003976143141,46.55760108782232,30.34791252485089,True,-0.5190242909815734,False,False,False,False,False,False,STRESS,0.448,STRESS,RISK_ON,0.156,0.93,0.907,Finance,46.5,49.5,49.5,49.5,0.0,88.9,REJECTED,STRESS,0.448,0.136,0.2125,0.136,0.1105,0.255,50.6,False,False,NORMAL GİRİŞ,⭐,İşlem Açma,0.0,16.0,118.0,-0.2104737256454074,0.0084745762711864,-0.3645033970273883,-1.031861359948116,-0.2270413755532883,3.4954688776031584,31.471774193548388,0.15,False,"WMT, BRK-B, COST",
2026-09-28,HON,211.1499938964844,212.80999755859372,209.72999572753903,211.5200042724609,2182500.0,-0.4845912794675722,461642409.324646,560676084.3381348,0.6823841705632132,4.2192873273577005,-4.024681576994893,-7.146617966435064,1.2275734237044094,0.5959268189320094,-1.0836213673458648,-0.3245259079615901,-0.5917169032137138,0.3121898352105726,0.1433483113781948,0.1557463306650795,58.11712599888036,0.0344330115140012,51.0934393638171,59.84095427435388,38.56858846918489,11.530815109343935,48.141153081510936,30.387673956262425,80.03976143141153,9.542743538767397,71.17296222664015,48.5602215462101,30.065606361829023,True,-0.5190242909815734,False,False,False,True,False,False,STRESS,0.448,STRESS,RISK_ON,0.156,0.93,0.907,Producer Manufacturing,46.4,49.4,49.4,49.4,0.0,88.9,REJECTED,STRESS,0.448,0.136,0.2125,0.136,0.1105,0.255,49.3,False,False,NORMAL GİRİŞ,⭐,İşlem Açma,0.0,1.0,13.0,-0.1712524359611602,0.0,-1.734018036381213,-3.837534486151572,5.878189738242057,-2.682296422058572,24.72782258064516,0.15,True,"Electronic Technology · GE, BA, HWM",
2026-09-28,MAS,68.0,69.06999969482422,67.66000366210938,68.36000061035156,2668700.0,-0.7116889972825668,182432333.6288452,147329319.50035095,1.1217644240065237,1.7707148960658483,-6.085999985778878,-15.080744583414209,1.7521768486901117,0.9831187133632464,0.5259366081909317,-0.3254455853971369,-0.9550738746212116,0.2950695283367484,0.1109925816104019,-0.051131490820654,49.64531332009458,-0.1926647063009934,42.54473161033797,47.713717693836976,16.302186878727635,79.92047713717693,30.43737574552684,48.17097415506957,64.37375745526839,77.93240556660038,12.127236580516898,44.02814962226791,67.52286282306163,True,-0.5190242909815734,False,False,False,True,False,False,STRESS,0.448,STRESS,RISK_ON,0.156,0.93,0.907,Producer Manufacturing,51.9,49.4,49.4,49.4,0.0,88.9,REJECTED,STRESS,0.448,0.136,0.2125,0.136,0.1105,0.255,51.8,False,False,NORMAL GİRİŞ,⭐,İşlem Açma,0.0,5.0,58.0,-0.1344888979117103,0.0517241379310344,2.951486161549844,0.7464781743023456,-0.3329646937443975,-2.6536661402359774,56.56249999999999,0.15,True,"HD, DE, LOW",
2026-09-28,XYZ,75.30999755859375,75.30999755859375,73.2300033569336,73.30999755859375,5521000.0,-4.069616180147162,404744496.5209961,283531289.8349762,1.399216378003842,2.2163565499441966,-13.600474297473475,-6.036916741100029,2.4971892832536238,0.9280730967337092,0.836700633205164,1.2173294777866428,1.4295061441858377,-1.8091108378754897,-0.9403887700868212,-0.1716207006893061,3.84588580085024,-3.5505918891655885,2.584493041749503,10.536779324055663,42.94234592445328,93.24055666003976,28.359840954274357,93.6083499005964,23.7375745526839,90.4572564612326,38.56858846918489,22.522759554240093,72.48906560636183,True,-0.5190242909815734,False,False,False,False,False,False,STRESS,0.448,STRESS,RISK_ON,0.156,0.93,0.907,Commercial Services,52.7,49.3,49.3,49.3,0.0,88.9,REJECTED,STRESS,0.448,0.136,0.2125,0.136,0.1105,0.255,61.0,False,False,NORMAL GİRİŞ,⭐,İşlem Açma,0.0,3.0,98.0,0.0280415811195512,0.0510204081632653,1.926375573838679,8.561067407099477,-6.12737848351923,6.5551469340183415,83.90120967741936,0.15,False,"Electronic Technology · MU, NVDA, SNDK",
2026-09-28,GD,334.8599853515625,337.29998779296875,332.5899963378906,334.1600036621094,1870400.0,-0.7602748720934471,625012870.8496094,445405296.21276855,1.5068559367094727,6.362856183733259,-12.077039503733788,-3.996321526672975,1.0415874045672229,0.3136883679802887,1.7638864910896883,-0.5873454868478717,-0.631516459222973,-0.3238988983348549,-0.2502083103857144,-0.246242524946273,33.3335493109235,-0.2412505811118737,41.35188866799205,14.7117296222664,49.90059642147117,95.42743538767397,34.065606361829026,56.57057654075548,29.30417495029821,95.90457256461232,61.82902584493042,45.30651596488957,27.33996023856859,True,-0.5190242909815734,False,False,False,False,False,False,STRESS,0.448,STRESS,RISK_ON,0.156,0.93,0.907,Electronic Technology,51.2,49.2,49.2,49.2,0.0,88.9,REJECTED,STRESS,0.448,0.136,0.2125,0.136,0.1105,0.255,57.3,False,False,NORMAL GİRİŞ,⭐,İşlem Açma,0.0,1.0,13.0,-0.1712524359611602,0.0,-1.734018036381213,-3.837534486151572,-2.1405730110760075,5.336466327259492,38.67943548387097,0.15,False,"Electronic Technology · GE, BA, HWM",
2026-09-28,FRT,110.37999725341795,110.98999786376952,108.7300033569336,109.83000183105467,1284700.0,-0.6243167145942974,141098603.35235596,95764772.5,1.4637536673597855,1.7764293125697546,-6.063973801698008,-12.430232952436072,0.6870464812942395,0.2874710866349306,1.3767532073389466,1.0419613081668688,-0.4222286051691947,0.1079819648187915,-0.124113840295454,-0.1279547356053031,48.67261715875256,-0.1052924236127239,45.72564612326044,48.31013916500994,24.45328031809145,94.43339960238568,35.188866799204774,81.32206759443339,50.37773359840955,94.27435387673955,3.180914512922465,47.111794519056176,35.07355864811133,True,-0.5190242909815734,False,False,False,True,False,False,STRESS,0.448,STRESS,RISK_ON,0.156,0.93,0.907,Real Estate,51.1,49.1,49.1,49.1,0.0,88.9,REJECTED,STRESS,0.448,0.136,0.2125,0.136,0.1105,0.255,59.0,False,False,NORMAL GİRİŞ,⭐,İşlem Açma,0.0,16.0,118.0,-0.2104737256454074,0.0084745762711864,-0.3645033970273883,-1.031861359948116,1.3446294976530109,1.9237980043968597,27.82258064516129,0.15,True,"WMT, BRK-B, COST",
2026-09-28,KMI,30.770000457763672,30.850000381469727,30.540000915527344,30.6299991607666,10405300.0,-0.3902466316533237,318714330.2675247,375807306.3975334,0.817911630360193,0.6757143565586635,-2.885227771824339,-5.082122216403473,1.1962154704051755,0.4558742531831894,0.0548064271483217,-2.287683262993509,-0.8334059698161829,-0.6670643642707386,-0.4338788770004123,-0.0915875103093921,29.03174202757662,0.1287776593282497,54.87077534791253,65.8051689860835,46.12326043737575,32.60437375745527,54.98011928429424,25.417495029821072,45.56660039761432,41.35188866799204,53.08151093439364,47.82862151886104,32.48707753479125,True,-0.5190242909815734,False,False,False,True,False,False,STRESS,0.448,STRESS,RISK_ON,0.156,0.93,0.907,Industrial Services,46.1,49.1,49.1,49.1,0.0,88.9,REJECTED,STRESS,0.448,0.136,0.2125,0.136,0.1105,0.255,40.2,False,False,NORMAL GİRİŞ,⭐,İşlem Açma,0.0,15.0,30.0,-0.1308529576753245,0.0333333333333333,-0.698864283433287,0.0804663215365764,-1.0342009138767705,4.76199073377177,61.62298387096775,0.15,True,"Energy Minerals · XOM, CVX, VLO",
2026-09-28,ABT,101.08000183105467,101.76000213623048,100.26000213623048,100.9800033569336,6729200.0,-0.3060495170221999,679514638.5894775,795864283.795929,0.7651831000649858,2.012143816266741,-9.508017423663771,8.920292694351861,1.139883448372418,0.4959429074083916,-0.780369133878864,-0.5545635975890191,-0.8391041980376397,-0.0090723498513854,-0.0519986470540364,-0.1924433369682364,48.00008138020833,0.2129747739593734,56.85884691848907,24.2544731610338,76.93836978131213,22.46520874751491,53.23061630218688,26.17296222664016,40.0,20.0,80.11928429423459,53.49682722350792,28.69980119284294,True,-0.5190242909815734,False,False,False,False,False,False,STRESS,0.448,STRESS,RISK_ON,0.156,0.93,0.907,Health Technology,45.9,48.9,48.9,48.9,0.0,88.9,REJECTED,STRESS,0.448,0.136,0.2125,0.136,0.1105,0.255,39.9,False,False,NORMAL GİRİŞ,⭐,İşlem Açma,0.0,9.0,21.0,-0.0766607292329303,0.0,-0.006045672065269,-0.1080115499304419,-0.2328258103276526,2.8341634563180507,57.41935483870968,0.15,False,"Health Technology · BSX, MDT, ISRG",
2026-09-28,NOW,129.8000030517578,131.88999938964844,126.75,131.4499969482422,11754300.0,-3.0747664939392405,1545102699.1287231,1745013163.0,0.8079411841528245,5.545713152204241,-5.042261830353112,31.489443781376597,3.276641872045103,1.7943973634762245,-0.9790748650667634,1.422908925100678,1.1160365646401067,0.9622898443981284,0.6002907779311575,-0.1385331655369896,91.43964020127356,-2.555742202957667,7.157057654075547,54.27435387673957,95.2286282306163,30.61630218687873,76.79920477137178,68.83697813121272,60.83499005964215,22.664015904572565,91.84890656063618,43.473983900843066,61.57057654075547,True,-0.5190242909815734,False,False,False,True,False,False,STRESS,0.448,STRESS,RISK_ON,0.156,0.93,0.907,Technology Services,50.9,48.9,48.9,48.9,0.0,88.9,REJECTED,STRESS,0.448,0.136,0.2125,0.136,0.1105,0.255,61.8,False,False,NORMAL GİRİŞ,⭐,İşlem Açma,0.0,11.0,61.0,-0.1802464195556996,0.0,-1.0560686257066632,-4.935067061756293,-1.765660846687989,0.0,28.467741935483872,0.15,True,"CRM, NFLX, NOW",
2026-09-28,LULU,99.77999877929688,102.04000091552734,98.37000274658205,100.58000183105467,4520300.0,-0.7107613020853054,454651782.2769165,540921754.3540955,0.5465676139070461,3.707856859479632,-12.539128842561142,-11.99579855538133,4.435388410855418,1.7002000740422436,0.4200645095456286,0.2203992555338079,-0.9821117325600766,0.3128948714326918,0.2104909424281859,0.0967917178373891,60.21798874923602,-0.1917370111037319,42.74353876739563,12.326043737574553,25.44731610337972,2.1868787276341948,19.5427435387674,44.49304174950298,77.73359840954274,29.701789264413517,69.98011928429423,39.01981080335303,64.51292246520876,True,-0.5190242909815734,False,False,False,True,False,False,STRESS,0.448,STRESS,RISK_ON,0.156,0.93,0.907,Consumer Non-Durables,50.6,48.6,48.6,48.6,0.0,88.9,REJECTED,STRESS,0.448,0.136,0.2125,0.136,0.1105,0.255,56.6,False,False,NORMAL GİRİŞ,⭐,İşlem Açma,0.0,13.0,12.0,-0.1408382936484901,0.0,1.6271149203392343,-0.1347939260309285,-0.6346230837219413,1.1006402391120829,42.2429435483871,0.15,True,"Retail Trade · NKE, TJX, SBUX",
2026-09-28,SNA,367.1000061035156,371.7200012207031,367.1000061035156,369.2099914550781,314300.0,0.0027029381681753,116042700.31433104,97332067.77038574,1.0768677299436382,6.4428558349609375,-6.72746780136465,-7.317503902229616,0.6297913377979437,0.4600975265452856,0.1181901526611268,-0.5636822516119453,-1.438945904515862,0.6781312613813464,0.1578962665468861,-0.284974429692799,45.670726873992656,0.5217272291497488,67.59443339960238,42.34592445328032,38.17097415506958,75.3479125248509,40.04970178926442,33.1013916500994,38.36978131212724,68.03180914512922,3.37972166998012,56.08695340310504,42.55467196819085,True,-0.5190242909815734,False,False,True,False,False,False,STRESS,0.448,STRESS,RISK_ON,0.156,0.93,0.907,Industrials,45.4,48.4,48.4,48.4,0.0,88.9,REJECTED,STRESS,0.448,0.136,0.2125,0.136,0.1105,0.255,35.7,False,False,NORMAL GİRİŞ,⭐,İşlem Açma,0.0,5.0,58.0,-0.1344888979117103,0.0517241379310344,2.951486161549844,0.7464781743023456,-1.394279958593525,-1.5923508753868498,58.659274193548384,0.15,False,"HD, DE, LOW",
2026-09-28,WMB,69.5199966430664,69.5199966430664,68.4000015258789,68.9800033569336,5586500.0,-0.4042719761199742,385356788.7535095,514762928.9745331,0.6943758230680933,1.7257145472935267,-7.022505247427424,-8.10018204511912,1.2325098820684288,0.4345589159917112,-0.5214917595026121,-1.140624872706465,-0.7813723891030784,-0.1921860502298863,-0.1973153950953678,-0.058776164244314,51.78610354223433,0.1147523148615992,54.47316103379721,39.96023856858847,34.59244532803181,13.12127236580517,37.007952286282304,20.24850894632207,55.58648111332008,18.05168986083499,67.39562624254472,45.45197019517771,26.596421471172967,True,-0.5190242909815734,False,False,False,True,False,False,STRESS,0.448,STRESS,RISK_ON,0.156,0.93,0.907,Industrial Services,45.4,48.4,48.4,48.4,0.0,88.9,REJECTED,STRESS,0.448,0.136,0.2125,0.136,0.1105,0.255,39.8,False,False,NORMAL GİRİŞ,⭐,İşlem Açma,0.0,15.0,30.0,-0.1308529576753245,0.0333333333333333,-0.698864283433287,0.0804663215365764,-1.3243279541157116,5.052117774010712,62.26814516129033,0.15,True,"Energy Minerals · XOM, CVX, VLO",
2026-09-28,GLW,154.25999450683594,155.66000366210938,149.25999450683594,151.58999633789062,7283400.0,-3.2857017830703383,1104090579.3273926,1230902762.2932434,0.8376624944939051,7.719999040876116,-0.7918872134223709,-40.71336527126965,4.403141302682623,2.37701067797637,-0.7188990671711325,0.310628164033832,0.6197711100786581,-0.4134378901231574,-0.3372654858606064,-0.0569243230336813,36.40622653070469,-2.766677492088765,5.964214711729622,76.93836978131213,0.198807157057654,35.58648111332008,34.73161033797217,60.03976143141154,54.27435387673956,29.065606361829023,87.27634194831015,18.81358487971063,66.44135188866798,True,-0.5190242909815734,False,False,False,True,False,False,STRESS,0.448,STRESS,RISK_ON,0.156,0.93,0.907,Electronic Technology,50.5,48.3,48.3,48.3,0.0,88.9,REJECTED,STRESS,0.448,0.136,0.2125,0.136,0.1105,0.255,57.6,False,False,NORMAL GİRİŞ,⭐,İşlem Açma,0.0,3.0,98.0,0.0280415811195512,0.0510204081632653,1.926375573838679,8.561067407099477,-4.871505620598903,5.299274071098014,82.8125,0.15,True,"Electronic Technology · MU, NVDA, SNDK",
2026-09-28,PFG,115.04000091552734,116.5500030517578,114.3000030517578,114.63999938964844,1372200.0,-0.1132676284920197,157309007.1624756,155616264.1937256,0.8872021000090518,2.491429465157645,2.2020142548350163,5.649248354666336,1.8850850119101856,0.5587482511114544,0.1800853333773031,-0.0439138663644031,-1.3789866783086036,-0.8552223000175467,-0.4637798733181424,-0.0895153530640027,15.110948350694445,0.4057566624895536,62.82306163021869,85.2882703777336,70.77534791252485,44.1351888667992,77.3061630218688,38.17097415506958,44.29423459244533,50.81510934393639,13.320079522862825,56.97133340365791,57.15506958250497,True,-0.5190242909815734,False,False,False,False,False,False,STRESS,0.448,STRESS,RISK_ON,0.156,0.93,0.907,Finance,45.3,48.3,48.3,48.3,0.0,88.9,REJECTED,STRESS,0.448,0.136,0.2125,0.136,0.1105,0.255,37.6,False,False,NORMAL GİRİŞ,⭐,İşlem Açma,0.0,2.0,35.0,-0.113706142892541,0.0571428571428571,-2.0972182618281487,-1.937988913512056,2.2292497882059115,-2.817487577545485,51.96572580645161,0.15,False,"Finance · JPM, BAC, GS",
2026-09-28,STLD,229.9900054931641,233.02999877929688,227.1000061035156,230.38999938964844,1006500.0,-1.3994711209495692,231887534.38568115,214303851.52905276,1.0334842744047068,7.183573041643415,-2.310888996926541,-1.6352150159472112,2.141362001876007,0.6633091214707665,-0.1376977533172823,0.0366224134570384,-0.0021352504655802,0.1948717367304893,0.0906398921333511,-0.1885756509061051,55.48056238871105,-0.8804468299679957,23.061630218687878,68.58846918489066,56.06361829025845,68.58846918489066,61.69980119284295,60.24850894632208,43.53876739562624,59.04572564612326,25.844930417495032,41.7180363581554,61.60039761431412,True,-0.5190242909815734,False,False,False,False,False,False,STRESS,0.448,STRESS,RISK_ON,0.156,0.93,0.907,Non-Energy Minerals,50.2,48.2,48.2,48.2,0.0,88.9,REJECTED,STRESS,0.448,0.136,0.2125,0.136,0.1105,0.255,48.1,False,False,NORMAL GİRİŞ,⭐,İşlem Açma,0.0,3.0,98.0,0.0280415811195512,0.0510204081632653,1.926375573838679,8.561067407099477,-0.0492044878641295,0.4769729383632404,74.84879032258064,0.15,False,"Electronic Technology · MU, NVDA, SNDK",
2026-09-28,AAPL,340.3699951171875,342.989990234375,338.0400085449219,338.3999938964844,32724700.0,-0.7828344241351815,11074038280.264282,12292923609.0,0.7628965670621953,6.752857753208706,7.571998822711046,20.11073823258478,1.4007141882823877,0.3390721878351704,-1.0032548590351176,-0.4779150927133942,-0.1189026184584166,-1.5825254764206516,-0.6490946418332809,0.1124303495928575,7.2724582462500225,-0.263810133153608,40.357852882703774,94.23459244532803,90.05964214711729,22.266401590457257,91.93836978131212,36.2624254473161,55.58648111332008,16.938369781312126,99.00596421471172,49.37635119241824,17.332007952286283,True,-0.5190242909815734,False,False,False,True,False,False,STRESS,0.448,STRESS,RISK_ON,0.156,0.93,0.907,Electronic Technology,50.1,48.1,48.1,48.1,0.0,88.9,REJECTED,STRESS,0.448,0.136,0.2125,0.136,0.1105,0.255,50.7,False,False,NORMAL GİRİŞ,⭐,İşlem Açma,0.0,8.0,1.0,,,,,,,50.0,0.15,True,Electronic Technology · AAPL,
2026-09-28,APP,322.0450134277344,322.7380065917969,306.8800048828125,308.239990234375,4125600.0,-0.8077263927996792,1271674903.7109375,1255668569.7769165,0.84236833400713,15.817576817103795,-1.4042189699085217,-38.19873481546736,2.8124275556383784,1.0800391994708896,-0.8090556602250385,0.4249382096577269,-0.7272961156090868,-1.3461164546794304,-0.8474067374214593,-0.025844386930525,8.576019706139887,-0.2887021018181057,39.165009940357855,73.35984095427436,0.3976143141153081,36.97813121272366,33.23061630218688,46.44135188866799,46.48111332007952,28.310139165009943,87.8727634194831,30.21048467439132,59.91848906560636,True,-0.5190242909815734,False,False,False,True,False,False,STRESS,0.448,STRESS,RISK_ON,0.156,0.93,0.907,Technology Services,50.1,48.1,48.1,48.1,0.0,88.9,REJECTED,STRESS,0.448,0.136,0.2125,0.136,0.1105,0.255,51.1,False,False,NORMAL GİRİŞ,⭐,İşlem Açma,0.0,3.0,98.0,0.0280415811195512,0.0510204081632653,1.926375573838679,8.561067407099477,-6.865162081828368,7.292930532327479,84.3649193548387,0.15,True,"Electronic Technology · MU, NVDA, SNDK",
2026-09-28,LMT,519.0,524.27001953125,516.0999755859375,518.0999755859375,1076200.0,-0.2810112363378358,557579193.7255859,563345296.862793,0.9191063437297168,12.074288504464286,-8.445108486466001,3.1927770203233674,1.354046653103553,0.3939088132672663,0.0059507346835372,-0.7698169639086221,-1.1014930124434577,-0.3647051713086289,-0.33029628412198,-0.194342700497536,24.479672488756744,0.2380130546437375,58.05168986083499,31.01391650099404,67.59443339960238,51.491053677932406,51.13320079522863,29.7117296222664,35.7455268389662,51.80914512922465,71.76938369781311,52.54737082740451,29.50099403578529,True,-0.5190242909815734,False,False,False,False,False,False,STRESS,0.448,STRESS,RISK_ON,0.156,0.93,0.907,Electronic Technology,45.1,48.1,48.1,48.1,0.0,88.9,REJECTED,STRESS,0.448,0.136,0.2125,0.136,0.1105,0.255,44.4,False,False,NORMAL GİRİŞ,⭐,İşlem Açma,0.0,1.0,13.0,-0.1712524359611602,0.0,-1.734018036381213,-3.837534486151572,0.2060332148207333,2.9898601013627517,33.961693548387096,0.15,False,"Electronic Technology · GE, BA, HWM",
2026-09-28,AEP,118.0500030517578,118.72000122070312,117.1999969482422,118.1999969482422,3078100.0,-0.1267440032216904,363831410.6063843,435176887.6739502,0.7727153484950992,1.872856685093471,-3.675334570742239,-14.329204212334435,0.7585066419167539,0.2756781700940847,-0.618413530977943,-0.3699985857505763,-1.05056580407054,0.5231256296413512,0.2180881393364453,-0.0551401795527571,65.78928876173266,0.392280287759883,62.02783300198808,61.82902584493042,19.4831013916501,24.2544731610338,38.538767395626245,27.22664015904573,67.03777335984094,23.300198807157056,59.443339960238575,50.39702032746551,17.864811133200796,True,-0.5190242909815734,False,False,False,True,False,False,STRESS,0.448,STRESS,RISK_ON,0.156,0.93,0.907,Utilities,45.0,48.0,48.0,48.0,0.0,88.9,REJECTED,STRESS,0.448,0.136,0.2125,0.136,0.1105,0.255,44.8,False,False,NORMAL GİRİŞ,⭐,İşlem Açma,0.0,16.0,118.0,-0.2104737256454074,0.0084745762711864,-0.3645033970273883,-1.031861359948116,0.5431361494384115,2.7252913526114586,29.637096774193548,0.15,True,"WMT, BRK-B, COST",
2026-09-28,CMI,522.739990234375,525.3499755859375,514.719970703125,517.8400268554688,905700.0,-1.3750753698046236,469007712.3229981,615853371.685791,0.7758897631724356,14.811427525111608,-9.763530615737237,-25.069089864493957,1.3634050488683969,1.1057516678992485,-0.164186749129219,-0.3979727345038965,0.2849451406759405,-0.5725462679686497,-0.4345646581917984,0.0139035341023224,29.35140845879124,-0.8560510788230502,23.856858846918488,23.658051689860837,4.3737574552683895,25.24850894632207,13.05168986083499,49.02584493041749,59.28429423459245,31.92842942345925,73.35984095427436,24.08524024945765,50.78727634194829,True,-0.5190242909815734,False,False,False,True,False,False,STRESS,0.448,STRESS,RISK_ON,0.156,0.93,0.907,Producer Manufacturing,50.0,48.0,48.0,48.0,0.0,88.9,REJECTED,STRESS,0.448,0.136,0.2125,0.136,0.1105,0.255,53.6,False,False,NORMAL GİRİŞ,⭐,İşlem Açma,0.0,3.0,98.0,0.0280415811195512,0.0510204081632653,1.926375573838679,8.561067407099477,-3.390780446539165,3.818548897038277,80.79637096774194,0.15,True,"Electronic Technology · MU, NVDA, SNDK",
2026-09-28,COR,306.20001220703125,307.94000244140625,302.8399963378906,303.8099975585937,1399800.0,-1.013298492466308,425273234.58251953,345042767.64678955,1.1157074197173669,7.194285801478794,-5.422906466209964,7.867920311945231,1.4010150794768472,0.5508699095188019,0.2507213918155105,-0.8601502410216023,-0.3995461680309454,-1.0092323845436464,-0.5516676938911063,-0.1627991722069771,19.019609016437585,-0.4942742014847345,32.40556660039761,52.087475149105366,75.14910536779324,79.32405566600397,64.7713717693837,46.5506958250497,33.12127236580517,73.20079522862822,49.90059642147117,45.47850165711096,44.091451292246525,True,-0.5190242909815734,False,False,False,False,False,False,STRESS,0.448,STRESS,RISK_ON,0.156,0.93,0.907,Distribution Services,49.7,47.7,47.7,47.7,0.0,88.9,REJECTED,STRESS,0.448,0.136,0.2125,0.136,0.1105,0.255,48.5,False,False,NORMAL GİRİŞ,⭐,İşlem Açma,0.0,9.0,21.0,-0.0766607292329303,0.0,-0.006045672065269,-0.1080115499304419,-2.297144699938791,4.898482345929189,61.43145161290323,0.15,False,"Health Technology · BSX, MDT, ISRG",
2026-09-28,WELL,234.41000366210935,234.82000732421875,231.3500061035156,232.9600067138672,2338900.0,0.6872159874811601,544870159.703064,542110898.5328674,0.842852921462497,4.957855224609375,-2.7712826736781326,2.296582230653499,1.0840367818847174,0.6648848872048108,-0.4801740473326317,-0.9617632855508556,-0.2661945835669974,-0.367409952357099,-0.2276652302009586,-0.2205815030180317,46.39769579174179,1.2062402784627335,86.48111332007953,66.6003976143141,65.4075546719682,37.17693836978131,65.94433399602386,33.51888667992048,31.689860834990064,33.359840954274354,70.17892644135189,66.84851709408471,41.77335984095427,True,-0.5190242909815734,False,False,True,False,False,False,STRESS,0.448,STRESS,RISK_ON,0.156,0.93,0.907,Finance,44.6,47.6,47.6,47.6,0.0,88.9,REJECTED,STRESS,0.448,0.136,0.2125,0.136,0.1105,0.255,40.3,True,False,NORMAL GİRİŞ,⭐,İşlem Açma,0.0,16.0,118.0,-0.2104737256454074,0.0084745762711864,-0.3645033970273883,-1.031861359948116,2.1536871989674635,1.1147403030824066,26.25,0.15,False,"WMT, BRK-B, COST",
2026-09-28,GEV,953.219970703125,967.0,944.85498046875,949.77001953125,1648100.0,-0.8207747576293167,1565315969.1894531,1733108176.002319,0.7328732401881876,35.223502022879465,-0.4256503222534458,-13.853840824006136,2.809705733403466,1.602831035549962,-0.9637494826314416,-0.9135057201176688,-0.5177182214424086,-0.6108990085535891,-0.3759624501135536,0.0838125298492285,22.194783145547152,-0.3017504666477433,38.76739562624255,79.12524850894633,21.07355864811133,18.886679920477132,47.196819085487085,24.363817097415502,64.13518886679921,16.023856858846916,91.45129224652088,35.84770893085691,59.310139165009936,True,-0.5190242909815734,False,False,False,True,False,False,STRESS,0.448,STRESS,RISK_ON,0.156,0.93,0.907,Producer Manufacturing,49.5,47.5,47.5,47.5,0.0,88.9,REJECTED,STRESS,0.448,0.136,0.2125,0.136,0.1105,0.255,48.0,False,False,NORMAL GİRİŞ,⭐,İşlem Açma,0.0,3.0,98.0,0.0280415811195512,0.0510204081632653,1.926375573838679,8.561067407099477,0.1520597569589665,0.2757086935401442,74.24395161290323,0.15,True,"Electronic Technology · MU, NVDA, SNDK",
2026-09-28,ETR,98.27999877929688,98.27999877929688,96.91999816894533,98.0999984741211,2367800.0,-0.4768197445046751,232281176.38702396,290147789.71710205,0.7876035105868109,1.919999258858817,-7.878675486786458,-15.670937441656408,0.9050311715331976,0.3194363223336626,-0.1339754661490945,-0.2818305501487654,-0.6229616858594728,0.9643235769684568,0.3448526854334729,-0.1377789251970347,86.76468938280469,0.0422045464768983,51.491053677932406,34.99005964214712,14.7117296222664,27.634194831013914,23.836978131212724,41.212723658051694,61.39165009940358,34.711729622266404,39.96023856858847,45.34048484285304,25.34592445328032,True,-0.5190242909815734,False,False,False,True,False,False,STRESS,0.448,STRESS,RISK_ON,0.156,0.93,0.907,Utilities,44.4,47.4,47.4,47.4,0.0,88.9,REJECTED,STRESS,0.448,0.136,0.2125,0.136,0.1105,0.255,45.7,False,False,NORMAL GİRİŞ,⭐,İşlem Açma,0.0,16.0,118.0,-0.2104737256454074,0.0084745762711864,-0.3645033970273883,-1.031861359948116,-1.3581179417301024,4.626545443779973,33.891129032258064,0.15,True,"WMT, BRK-B, COST",
2026-09-28,ROK,430.2699890136719,434.989990234375,427.4700012207031,431.2200012207031,583000.0,-0.67488027570487,251401260.71166992,290719150.5593872,0.8093119460273611,10.523570469447543,-0.4110851684288374,-10.596479335578724,1.305815093218963,0.7640012079035724,-0.6781934691127026,-0.6206914359363142,-0.5478047952346441,0.1816961927135109,0.0553872532110464,0.0333581361580129,49.867094129821645,-0.1558559847232965,43.737574552683895,79.32405566600397,27.634194831013914,31.21272365805169,50.89463220675944,32.07753479125248,70.09940357852882,26.99801192842942,40.15904572564612,44.034423130676,47.77932405566601,True,-0.5190242909815734,False,False,False,True,False,False,STRESS,0.448,STRESS,RISK_ON,0.156,0.93,0.907,Producer Manufacturing,49.3,47.3,47.3,47.3,0.0,88.9,REJECTED,STRESS,0.448,0.136,0.2125,0.136,0.1105,0.255,44.1,False,False,NORMAL GİRİŞ,⭐,İşlem Açma,0.0,3.0,98.0,0.0280415811195512,0.0510204081632653,1.926375573838679,8.561067407099477,1.2666717125336846,-0.8389032620345738,71.58266129032258,0.15,True,"Electronic Technology · MU, NVDA, SNDK",
2026-09-28,NEE,76.02999877929688,76.22000122070312,75.1500015258789,75.48999786376953,13643700.0,-0.7755046701961588,1029962883.8539124,929107138.7442168,1.1369963186809753,1.2814287458147322,-9.560323632718903,-14.854502747834951,1.0182181377621635,0.398613156294153,0.9726902914159988,-0.2527646424502636,-0.1363554637368787,-0.560498307101832,-0.4275742083609631,-0.283555790202403,31.775367744051565,-0.2564803792145853,40.75546719681908,24.055666003976143,17.296222664015904,82.10735586481114,20.33797216699801,65.11928429423459,22.34592445328032,84.8906560636183,83.69781312127238,36.59105566108508,25.679920477137173,True,-0.5190242909815734,False,False,False,False,False,False,STRESS,0.448,STRESS,RISK_ON,0.156,0.93,0.907,Utilities,49.2,47.2,47.2,47.2,0.0,88.9,REJECTED,STRESS,0.448,0.136,0.2125,0.136,0.1105,0.255,60.0,False,False,NORMAL GİRİŞ,⭐,İşlem Açma,0.0,16.0,118.0,-0.2104737256454074,0.0084745762711864,-0.3645033970273883,-1.031861359948116,-3.131288462944476,6.399715964994346,36.31048387096774,0.15,False,"WMT, BRK-B, COST",
2026-09-28,ACGL,94.9000015258789,95.63999938964844,94.4499969482422,94.9000015258789,3563400.0,0.2535367150694467,338166665.4373169,392035267.496521,0.8134632110726328,1.756427764892578,-3.908463420535746,-3.2225152703662,1.005872351424436,0.563591199099856,0.8888900448642956,-0.9560715975499674,-0.9573372375891178,-0.1179797127910303,-0.1340302354208339,-0.2310737691888549,37.81543314356055,0.7725610060510202,75.94433399602386,61.0337972166998,52.087475149105366,32.007952286282304,56.11332007952287,34.00596421471173,33.28031809145129,54.11530815109344,54.07554671968191,57.90977393065825,39.11928429423459,True,-0.5190242909815734,False,False,True,False,False,False,STRESS,0.448,STRESS,RISK_ON,0.156,0.93,0.907,Finance,44.1,47.1,47.1,47.1,0.0,88.9,REJECTED,STRESS,0.448,0.136,0.2125,0.136,0.1105,0.255,41.8,True,False,NORMAL GİRİŞ,⭐,İşlem Açma,0.0,16.0,118.0,-0.2104737256454074,0.0084745762711864,-0.3645033970273883,-1.031861359948116,1.1489872053547403,2.11944029669513,28.467741935483872,0.15,False,"WMT, BRK-B, COST",
2026-09-28,BA,192.6199951171875,192.7700042724609,184.00999450683597,184.38999938964844,17954600.0,-6.906652914985578,3310648683.041382,1180338112.6158447,2.7569485711302435,6.517858232770648,-12.149221311330482,-14.113373054334888,2.1513702545162925,0.6411870527340653,3.1391816260454704,2.160888913131141,1.1621176923836454,-1.4213703645775506,-0.9250558269000306,-0.307382453893222,4.337950447311948,-6.387628624004005,0.9940357852882704,14.11530815109344,20.675944333996025,100.0,17.723658051689863,98.14115308151092,9.145129224652088,99.92047713717692,87.07753479125249,16.669381525844514,52.48508946322068,True,-0.5190242909815734,False,False,False,False,False,False,STRESS,0.448,STRESS,RISK_ON,0.156,0.93,0.907,Electronic Technology,49.0,47.0,47.0,47.0,0.0,88.9,REJECTED,STRESS,0.448,0.136,0.2125,0.136,0.1105,0.255,69.6,False,False,NORMAL GİRİŞ,⭐,İşlem Açma,0.0,1.0,13.0,-0.1712524359611602,0.0,-1.734018036381213,-3.837534486151572,-4.894816826599623,8.090710142783108,41.36088709677419,0.15,False,"Electronic Technology · GE, BA, HWM",
2026-09-28,AVY,168.94000244140625,172.63999938964844,168.02000427246094,171.88999938964844,642700.0,0.909946627381153,110473702.60772704,135221880.9440918,0.5321531627385147,3.4585723876953125,-3.6166875688861566,5.247366758295646,1.2306901994595212,0.6792860556970837,-0.523584147245083,0.7802931885195719,-0.2256365926810324,1.216819795978188,0.6587660514703939,-0.3870376228339234,83.76621660897825,1.4289709183627264,89.26441351888667,62.82306163021869,69.78131212723659,1.1928429423459244,66.65009940357854,53.697813121272375,38.17097415506958,10.815109343936385,8.946322067594433,69.61419621358172,58.081510934393634,True,-0.5190242909815734,False,False,True,False,False,False,STRESS,0.448,STRESS,RISK_ON,0.156,0.93,0.907,Materials,43.9,46.9,46.9,46.9,0.0,88.9,REJECTED,STRESS,0.448,0.136,0.2125,0.136,0.1105,0.255,31.5,False,False,NORMAL GİRİŞ,⭐,İşlem Açma,0.0,5.0,58.0,-0.1344888979117103,0.0517241379310344,2.951486161549844,0.7464781743023456,0.2636063032681157,-3.2502371372484906,55.19153225806451,0.15,False,"HD, DE, LOW",
2026-09-28,SWKS,89.4000015258789,89.87999725341797,85.69000244140625,87.58999633789062,3357200.0,-1.9588091243941448,294057135.7055664,487801153.931427,0.4074397933431192,5.795714242117746,30.0326548959184,29.36050264051193,5.272917585473808,0.8337943725297565,-1.200436332111252,-0.5270622899978642,0.0692898325050025,-0.6559379224932501,-0.2455865081547221,0.167469511092345,45.34597253050396,-1.4397848334125718,15.705765407554672,99.60238568588468,94.63220675944332,0.3976143141153081,96.86878727634196,32.99204771371769,67.63419483101391,1.7495029821073558,66.6003976143141,42.287082342513614,57.79522862823063,True,-0.5190242909815734,False,False,False,True,False,False,STRESS,0.448,STRESS,RISK_ON,0.156,0.93,0.907,Electronic Technology,48.9,46.9,46.9,46.9,0.0,88.9,REJECTED,STRESS,0.448,0.136,0.2125,0.136,0.1105,0.255,43.9,False,False,NORMAL GİRİŞ,⭐,İşlem Açma,0.0,3.0,98.0,0.0280415811195512,0.0510204081632653,1.926375573838679,8.561067407099477,-1.5190448529440514,1.9468133034431625,77.87298387096774,0.15,True,"Electronic Technology · MU, NVDA, SNDK",
2026-09-28,MSCI,547.0,547.0,540.4299926757812,542.719970703125,588900.0,-1.5670369410156535,319607790.7470703,282419075.72021484,1.1238013453556606,11.690721784319196,-4.643772168474913,-2.7383565048163083,1.4579491151735375,0.5818366594496904,0.0469261304015314,0.0034037950790543,0.34780916222968,-0.9384845677017052,-0.4597470341777914,0.0243774804109929,34.85503005304572,-1.0480126500340805,20.675944333996025,57.05765407554672,53.47912524850894,80.31809145129225,55.08946322067594,66.948310139165,56.38170974155069,69.82107355864811,38.36978131212724,39.99047318423101,45.15506958250498,True,-0.5190242909815734,False,False,False,True,False,False,STRESS,0.448,STRESS,RISK_ON,0.156,0.93,0.907,Commercial Services,48.8,46.8,46.8,46.8,0.0,88.9,REJECTED,STRESS,0.448,0.136,0.2125,0.136,0.1105,0.255,58.6,False,False,NORMAL GİRİŞ,⭐,İşlem Açma,0.0,11.0,61.0,-0.1802464195556996,0.0,-1.0560686257066632,-4.935067061756293,-0.1478111500045842,-1.6178496966834048,25.524193548387096,0.15,True,"CRM, NFLX, NOW",
2026-09-28,DASH,188.52999877929688,191.3999938964844,178.0399932861328,178.38999938964844,6847900.0,-7.742036188172053,1221596876.8203735,785635500.0,1.7502373768547663,7.343072073800223,-23.07128406156003,-3.479061037956688,2.480913828976869,0.9107692191064276,1.9257175132774824,2.5564207461988024,1.9211603296382795,-1.6445660435193488,-0.8627240135181901,-0.2722449086171839,2.6198060443532776,-7.22301189719048,0.3976143141153081,1.9880715705765408,50.89463220675944,98.60834990059642,28.886679920477132,99.07554671968192,11.72962226640159,98.2107355864811,79.32405566600397,21.99756708554865,64.18489065606362,True,-0.5190242909815734,False,False,False,False,False,False,STRESS,0.448,STRESS,RISK_ON,0.156,0.93,0.907,Transportation,48.7,46.7,46.7,46.7,0.0,88.9,REJECTED,STRESS,0.448,0.136,0.2125,0.136,0.1105,0.255,68.7,False,False,NORMAL GİRİŞ,⭐,İşlem Açma,0.0,11.0,61.0,-0.1802464195556996,0.0,-1.0560686257066632,-4.935067061756293,-5.2064225969120645,3.440761750224075,33.66935483870968,0.15,False,"CRM, NFLX, NOW",
2026-09-28,FISV,46.0099983215332,46.619998931884766,44.81999969482422,46.02000045776367,9295400.0,-0.9896710176484746,427774312.2550965,360963662.8282547,1.2642167259759858,1.696428298950195,-12.476225831563958,-5.754658083629582,2.26244026631151,0.6027036895513627,0.8377330224702999,0.2925169973996098,-0.7445297135609479,0.4861276914831977,0.1858346455191064,-0.2788932594824754,66.66673730923857,-0.4706467266669012,33.59840954274354,12.922465208747516,44.1351888667992,89.26441351888667,30.089463220675945,65.79522862823062,36.14314115308151,88.15109343936382,51.491053677932406,43.95593814444274,54.5506958250497,True,-0.5190242909815734,False,False,False,False,False,False,STRESS,0.448,STRESS,RISK_ON,0.156,0.93,0.907,Commercial Services,48.7,46.7,46.7,46.7,0.0,88.9,REJECTED,STRESS,0.448,0.136,0.2125,0.136,0.1105,0.255,58.5,False,False,NORMAL GİRİŞ,⭐,İşlem Açma,0.0,11.0,61.0,-0.1802464195556996,0.0,-1.0560686257066632,-4.935067061756293,1.7909534598718135,-3.5566143065598026,21.16935483870968,0.15,False,"CRM, NFLX, NOW",
2026-09-28,GIS,33.599998474121094,34.06999969482422,33.209999084472656,33.599998474121094,10681700.0,-0.1189087879105432,358905103.7010193,357668858.61701965,1.0628948528453286,1.0285718100411552,-16.913950360729235,-7.641565491695735,1.4995126822540223,0.6756014541421607,0.629113998649746,-0.5118148795931731,-1.3767153442058004,0.0735810070727434,-0.0511639254094143,-0.4587181060102642,45.34873405368961,0.4001155030710301,62.42544731610338,5.168986083499006,36.97813121272366,72.76341948310139,22.664015904572565,38.66799204771372,20.636182902584498,75.62624254473161,51.29224652087475,49.77940620854987,54.47117296222664,True,-0.5190242909815734,False,False,False,False,False,False,STRESS,0.448,STRESS,RISK_ON,0.156,0.93,0.907,Consumer Non-Durables,43.7,46.7,46.7,46.7,0.0,88.9,REJECTED,STRESS,0.448,0.136,0.2125,0.136,0.1105,0.255,43.2,False,False,NORMAL GİRİŞ,⭐,İşlem Açma,0.0,16.0,118.0,-0.2104737256454074,0.0084745762711864,-0.3645033970273883,-1.031861359948116,-3.043797774043038,6.312225276092908,36.20967741935484,0.15,False,"WMT, BRK-B, COST",
2026-09-28,MAA,118.52999877929688,118.76000213623048,117.2300033569336,118.33999633789062,1449400.0,-0.0084513192728619,171521990.69213867,139607614.97421265,1.2472463169489192,2.239998953683036,-8.11398684844271,-15.862071569221026,0.8701455866487404,0.3279644101622653,1.139102728226038,-0.8351100933703246,-1.4646907318958764,0.7451513461390407,0.1921516904358232,-0.3370899254112502,72.54861872943053,0.5105729717087115,66.6003976143141,32.80318091451292,14.11530815109344,88.86679920477137,22.524850894632205,37.73359840954274,34.75149105367793,89.66202783300199,10.337972166998012,53.95665113735656,37.97017892644135,True,-0.5190242909815734,False,False,False,False,False,False,STRESS,0.448,STRESS,RISK_ON,0.156,0.93,0.907,Finance,43.7,46.7,46.7,46.7,0.0,88.9,REJECTED,STRESS,0.448,0.136,0.2125,0.136,0.1105,0.255,41.7,False,False,NORMAL GİRİŞ,⭐,İşlem Açma,0.0,16.0,118.0,-0.2104737256454074,0.0084745762711864,-0.3645033970273883,-1.031861359948116,1.630263460018483,1.638164042031387,27.23790322580645,0.15,False,"WMT, BRK-B, COST",
2026-09-28,NVR,6227.0,6383.2998046875,6227.0,6267.89013671875,36700.0,-0.4717663947661155,230031568.01757807,235409973.73046875,0.888404744613895,134.48859514508928,-1.532649855327595,-8.1093277628145,1.408835394749965,0.5902476561982632,0.3381188629837239,0.6579592516470157,-0.937328132246673,-0.1277800129806008,-0.1444990971627793,-0.2755617617640734,26.161348570143268,0.0472578962154579,52.48508946322068,72.56461232604374,34.39363817097416,44.53280318091451,51.57057654075548,56.4910536779324,28.07157057654076,53.83697813121272,29.4234592445328,43.81096587093083,52.73558648111332,True,-0.5190242909815734,False,False,False,False,False,False,STRESS,0.448,STRESS,RISK_ON,0.156,0.93,0.907,Consumer Durables,43.7,46.7,46.7,46.7,0.0,88.9,REJECTED,STRESS,0.448,0.136,0.2125,0.136,0.1105,0.255,42.0,False,False,NORMAL GİRİŞ,⭐,İşlem Açma,0.0,5.0,58.0,-0.1344888979117103,0.0517241379310344,2.951486161549844,0.7464781743023456,0.0272650651166772,-3.013895899097052,55.63508064516129,0.15,False,"HD, DE, LOW",
2026-09-28,STT,180.5500030517578,181.2400054931641,179.4199981689453,179.72999572753906,1875300.0,-0.8878353605740963,337047660.987854,312880429.888916,0.958409142016068,4.179999215262277,-7.0538368270470775,5.61170274270717,1.2327084742363437,0.6228115537151918,0.1299492060712029,-2.0208671924086765,-0.2381475186253714,-1.2995296630743822,-0.5653878399678058,0.0199316804687688,17.03276434488078,-0.3688110695925228,36.58051689860835,39.761431411530815,70.57654075546719,58.05168986083499,56.709741550695824,38.81709741550696,50.9741550695825,57.73359840954274,45.92445328031809,45.32454880029324,43.92047713717694,True,-0.5190242909815734,False,False,False,True,False,False,STRESS,0.448,STRESS,RISK_ON,0.156,0.93,0.907,Finance,48.7,46.7,46.7,46.7,0.0,88.9,REJECTED,STRESS,0.448,0.136,0.2125,0.136,0.1105,0.255,47.7,False,False,NORMAL GİRİŞ,⭐,İşlem Açma,0.0,2.0,35.0,-0.113706142892541,0.0571428571428571,-2.0972182618281487,-1.937988913512056,1.2679343487307926,-1.8561721380703664,53.96169354838709,0.15,True,"Finance · JPM, BAC, GS",
2026-09-28,BBY,89.05999755859375,90.4499969482422,88.12000274658203,89.91000366210938,2665200.0,-0.6629084741573754,239628141.7602539,325200613.438797,0.665311181256857,2.98857171194894,7.599334205492303,15.803714144911618,2.487931283618835,0.5784406120320383,-0.8925477855120529,-0.4730603781858448,-0.7724627345490201,0.7801910856650763,0.4592315903561593,0.0108507678238273,76.82426480941201,-0.1438841831758019,44.333996023856855,94.63220675944332,86.48111332007953,10.139165009940358,90.14910536779324,26.36182902584493,76.93836978131213,11.332007952286284,47.31610337972167,58.32755570559329,46.8389662027833,True,-0.5190242909815734,False,False,False,True,False,False,STRESS,0.448,STRESS,RISK_ON,0.156,0.93,0.907,Retail Trade,48.6,46.6,46.6,46.6,0.0,88.9,REJECTED,STRESS,0.448,0.136,0.2125,0.136,0.1105,0.255,42.7,False,False,NORMAL GİRİŞ,⭐,İşlem Açma,0.0,13.0,12.0,-0.1408382936484901,0.0,1.6271149203392343,-0.1347939260309285,-3.4745993006773834,3.940616456067525,47.081653225806456,0.15,True,"Retail Trade · NKE, TJX, SBUX",
2026-09-28,C,133.67999267578125,133.9600067138672,131.05999755859375,131.30999755859375,8808500.0,-2.211797175828567,1156644113.494873,1147411265.90271,0.903624963582124,3.863572256905692,-1.0325613818256365,-7.846166356520634,1.4527926107673563,0.7057553126002619,-0.3218370176561556,-0.1784285076991709,1.3729207201885714,-1.6040432400157156,-0.8229294151692931,0.0142886034863372,8.620662439820052,-1.6927728848469936,12.127236580516898,76.1431411530815,35.984095427435385,47.514910536779325,54.05566600397614,59.493041749502986,48.19085487077536,42.26640159045726,85.88469184890656,26.693080160483003,40.361829025844926,True,-0.5190242909815734,False,False,False,True,False,False,STRESS,0.448,STRESS,RISK_ON,0.156,0.93,0.907,Finance,48.6,46.6,46.6,46.6,0.0,88.9,REJECTED,STRESS,0.448,0.136,0.2125,0.136,0.1105,0.255,57.9,False,False,NORMAL GİRİŞ,⭐,İşlem Açma,0.0,2.0,35.0,-0.113706142892541,0.0571428571428571,-2.0972182618281487,-1.937988913512056,1.031122708453558,-1.6193604977931315,54.667338709677416,0.15,True,"Finance · JPM, BAC, GS",
2026-09-28,GM,81.9000015258789,82.69000244140625,80.43000030517578,80.63999938964844,8047800.0,-2.408323768505527,648974587.0880127,539806551.5937805,1.0923357468563009,2.8092853001185825,-6.428406370795504,4.266872756204343,2.30732056306758,0.5784103728022543,0.7581443004528418,-0.525145682703761,0.4549923794522723,-1.1619919887786054,-0.6986732968067977,-0.2682226260316143,9.29198610506274,-1.8892994775239536,11.332007952286284,44.1351888667992,68.389662027833,77.13717693836978,57.4751491053678,64.31411530815109,16.938369781312126,79.76143141153082,69.78131212723659,31.44212107571502,52.39761431411531,True,-0.5190242909815734,False,False,False,False,False,False,STRESS,0.448,STRESS,RISK_ON,0.156,0.93,0.907,Consumer Durables,48.6,46.6,46.6,46.6,0.0,88.9,REJECTED,STRESS,0.448,0.136,0.2125,0.136,0.1105,0.255,54.3,False,False,NORMAL GİRİŞ,⭐,İşlem Açma,0.0,5.0,58.0,-0.1344888979117103,0.0517241379310344,2.951486161549844,0.7464781743023456,-5.191053367003384,2.2044225330230094,64.46572580645162,0.15,False,"HD, DE, LOW",
2026-09-28,NUE,245.0500030517578,247.5200042724609,241.8699951171875,244.4900054931641,1154100.0,-1.1162768480630691,282165915.33966064,278695978.6698303,0.945143049009692,7.419288635253906,-3.1223974746744654,6.960366389519668,2.176676103880637,0.8537980934602301,-0.2527409072531481,-0.4060275869991882,-0.1407676392771245,-0.1350931253757105,-0.0845118140645297,-0.1699913796360992,46.371789920573406,-0.5972525570814957,29.4234592445328,64.61232604373758,74.55268389662028,55.666003976143145,70.07952286282307,48.41948310139165,41.43141153081511,48.82703777335985,37.57455268389662,45.77833207356828,66.08747514910537,True,-0.5190242909815734,False,False,False,False,False,False,STRESS,0.448,STRESS,RISK_ON,0.156,0.93,0.907,Non-Energy Minerals,48.8,46.6,46.6,46.6,0.0,88.9,REJECTED,STRESS,0.448,0.136,0.2125,0.136,0.1105,0.255,44.2,False,False,NORMAL GİRİŞ,⭐,İşlem Açma,0.0,3.0,98.0,0.0280415811195512,0.0510204081632653,1.926375573838679,8.561067407099477,0.6390935918049956,-0.2113251413058847,72.97379032258065,0.15,False,"Electronic Technology · MU, NVDA, SNDK",
2026-09-28,ANET,205.58999633789065,208.3500061035156,203.5200042724609,204.9199981689453,3467600.0,-0.7891575205661194,710580585.6506348,893595828.6712646,0.7269373080511095,7.363141741071429,1.9046189114054977,24.875075057248814,2.5110325532731315,1.3632964308868107,-1.4707497055616676,-0.7992690875691261,-0.6629505306659651,-0.5303210967484677,-0.2935830971854969,-0.0811348021572703,28.985369891229837,-0.270133229584546,39.761431411530815,84.49304174950298,93.43936381709742,17.296222664015904,89.41351888667992,21.819085487077537,49.86083499005964,11.013916500994034,82.7037773359841,50.464143350952014,61.886679920477135,True,-0.5190242909815734,False,False,False,True,False,False,STRESS,0.448,STRESS,RISK_ON,0.156,0.93,0.907,Electronic Technology,48.4,46.4,46.4,46.4,0.0,88.9,REJECTED,STRESS,0.448,0.136,0.2125,0.136,0.1105,0.255,40.2,False,False,NORMAL GİRİŞ,⭐,İşlem Açma,0.0,3.0,98.0,0.0280415811195512,0.0510204081632653,1.926375573838679,8.561067407099477,-0.4665261954597377,0.8942946459588486,75.69556451612904,0.15,True,"Electronic Technology · MU, NVDA, SNDK",
2026-09-28,CARR,56.040000915527344,56.25,54.63999938964844,55.869998931884766,5505200.0,-0.8869966462198842,307575518.119812,312154149.4123306,0.7856025195448094,1.815357208251953,-5.047588491018418,-23.913933090174645,1.6228333462867988,0.9096462582599784,-0.2581116876923222,0.1913408367243192,-0.3088040041673589,0.685530375820839,0.2428559750931165,-0.0589108636732348,76.39745813312103,-0.3679723552383107,36.779324055666,54.07554671968191,5.36779324055666,26.838966202783297,27.286282306163024,51.93836978131212,67.95228628230616,31.37176938369781,45.72564612326044,37.20336410357055,55.2365805168986,True,-0.5190242909815734,False,False,False,True,False,False,STRESS,0.448,STRESS,RISK_ON,0.156,0.93,0.907,Producer Manufacturing,48.4,46.4,46.4,46.4,0.0,88.9,REJECTED,STRESS,0.448,0.136,0.2125,0.136,0.1105,0.255,51.4,False,False,NORMAL GİRİŞ,⭐,İşlem Açma,0.0,5.0,58.0,-0.1344888979117103,0.0517241379310344,2.951486161549844,0.7464781743023456,1.040306018610515,-4.0269368525908895,53.67943548387096,0.15,True,"HD, DE, LOW",
2026-09-28,WFC,82.69999694824219,82.88999938964844,80.58000183105469,80.80999755859375,12968300.0,-2.60335498412696,1047968291.3391112,1178933433.1843567,0.9025635957502264,2.2442872183663503,-4.895848465818819,-3.2331486545398858,1.7039168655253067,0.5218571779768533,-0.0760497833403604,0.3438836251625983,2.014521417120441,-1.3740288506677136,-0.8086601976378578,-0.1432430773959826,9.956535524612256,-2.0843306931453864,9.940357852882704,55.26838966202783,51.88866799204771,47.11729622266402,53.409542743538765,71.90854870775348,30.099403578528825,47.67395626242545,86.87872763419483,26.31473903953876,37.56858846918489,True,-0.5190242909815734,False,False,False,False,False,False,STRESS,0.448,STRESS,RISK_ON,0.156,0.93,0.907,Finance,48.3,46.3,46.3,46.3,0.0,88.9,REJECTED,STRESS,0.448,0.136,0.2125,0.136,0.1105,0.255,57.5,False,False,NORMAL GİRİŞ,⭐,İşlem Açma,0.0,2.0,35.0,-0.113706142892541,0.0571428571428571,-2.0972182618281487,-1.937988913512056,-2.820748031309461,2.2325102419698872,62.20766129032258,0.15,False,"Finance · JPM, BAC, GS",
2026-09-28,XEL,69.75,69.80000305175781,68.75,69.38999938964844,6071600.0,-0.5873977710364131,421308320.2941895,444658499.9423828,1.0031930141971408,1.3007153102329798,-10.069985238921152,-15.35740498945055,1.1036596660266775,0.3404156775254646,0.6839029000634689,-0.4295540509334704,-0.5700898543272268,0.1583483480846366,-0.0338119250722973,-0.1990933691760786,60.95214567014954,-0.0683734800548396,47.91252485089464,22.0675944333996,15.308151093439363,65.20874751491054,18.349900596421477,52.17693836978131,41.19284294234592,71.80914512922465,61.43141153081511,42.42722251930124,26.373757455268397,True,-0.5190242909815734,False,False,False,False,False,False,STRESS,0.448,STRESS,RISK_ON,0.156,0.93,0.907,Utilities,48.3,46.3,46.3,46.3,0.0,88.9,REJECTED,STRESS,0.448,0.136,0.2125,0.136,0.1105,0.255,54.7,False,False,NORMAL GİRİŞ,⭐,İşlem Açma,0.0,16.0,118.0,-0.2104737256454074,0.0084745762711864,-0.3645033970273883,-1.031861359948116,-1.356041845224326,4.6244693472741965,33.850806451612904,0.15,False,"WMT, BRK-B, COST",
2026-09-28,AES,14.859999656677246,14.890000343322754,14.859999656677246,14.869999885559082,6573000.0,0.0,97740509.24777985,108748639.2353058,0.8626244624181569,0.0421427999223981,0.8135585461632733,1.640464016124965,0.1388048466431963,0.0911615445622241,-0.2227472436466855,-0.4417370348657656,-1.1475548280131056,0.1464098640808052,-0.0333333333333333,-0.3801435543911399,33.33333333333333,0.5190242909815734,67.09741550695824,81.90854870775348,63.618290258449306,39.96023856858847,71.8489065606362,29.652087475149106,23.976143141153084,39.72166998011928,4.7713717693836974,56.64844267726972,39.23061630218688,True,-0.5190242909815734,False,False,False,False,False,False,STRESS,0.448,STRESS,RISK_ON,0.156,0.93,0.907,Utilities,43.2,46.2,46.2,46.2,0.0,88.9,REJECTED,STRESS,0.448,0.136,0.2125,0.136,0.1105,0.255,25.0,False,False,NORMAL GİRİŞ,⭐,İşlem Açma,0.0,6.0,26.0,0.0437365763274205,0.1923076923076923,4.8685302116231455,8.840644935212005,-2.8955537953830546,1.4377353149752414,91.2298387096774,0.15,False,"Health Technology · LLY, JNJ, TMO",
2026-09-28,HD,290.2699890136719,293.9100036621094,289.3099975585937,289.8900146484375,5387300.0,-1.1289213577032609,1561724475.915527,1335913726.486206,1.1970620617784726,6.395714896065848,-11.782960150805666,-17.365521322528576,1.3441889598917371,0.6625802789393798,1.212011179092896,-0.876096104321544,-0.4860577153392437,-0.5624462322378767,-0.4484718011318026,-0.4038461164546897,12.60905044018231,-0.6098970667216874,29.02584493041749,15.50695825049702,11.928429423459244,86.08349900596421,13.538767395626245,51.42147117296222,14.274353876739564,88.31013916500994,88.86679920477137,27.50146170405799,43.31809145129225,True,-0.5190242909815734,False,False,False,False,False,False,STRESS,0.448,STRESS,RISK_ON,0.156,0.93,0.907,Retail Trade,48.2,46.2,46.2,46.2,0.0,88.9,REJECTED,STRESS,0.448,0.136,0.2125,0.136,0.1105,0.255,55.1,False,False,NORMAL GİRİŞ,⭐,İşlem Açma,0.0,5.0,58.0,-0.1344888979117103,0.0517241379310344,2.951486161549844,0.7464781743023456,-3.7078552497472823,0.7212244157669079,62.34879032258064,0.15,False,"HD, DE, LOW",
2026-09-28,NWS,31.700000762939453,32.27000045776367,31.13999938964844,32.2400016784668,744000.0,1.543312373123773,23986561.248779297,34079036.82518005,0.5762461128559423,0.7407147543770927,-8.7202670485085,12.885159938609236,1.5702848916017174,0.632773272985247,-1.120447154575146,1.3901347143167126,0.6914846936888462,1.1818783512823106,0.735842085185823,-0.2119552357461736,97.34524327955629,2.0623366641053464,94.23459244532803,28.628230616302183,83.69781312127238,3.37972166998012,58.91650099403579,62.0675944333996,53.00198807157058,4.333996023856859,0.198807157057654,76.22458397010276,59.677932405566594,True,-0.5190242909815734,False,True,True,True,False,False,STRESS,0.448,STRESS,RISK_ON,0.156,0.93,0.907,Communication Services,43.2,46.2,46.2,46.2,0.0,88.9,REJECTED,STRESS,0.448,0.136,0.2125,0.136,0.1105,0.255,35.4,False,False,🎯 UYGUN GİRİŞ BÖLGESİ,⭐,İşlem Açma,0.0,11.0,61.0,-0.1802464195556996,0.0,-1.0560686257066632,-4.935067061756293,0.8725325971277065,-2.6381934438156955,23.024193548387096,0.15,False,"CRM, NFLX, NOW",
2026-09-28,HOOD,118.0250015258789,120.16999816894533,116.05999755859376,116.45999908447266,12861000.0,-2.462313571050523,1497792048.2254028,2281116796.375656,0.5572719197521503,5.920716421944754,6.104226571130322,14.36708149314805,5.019679080296236,2.024568840920645,-1.292399153258922,-0.7293902854188193,0.2530155808441262,-0.9729193235642092,-0.61429425326616,0.0246870373719864,9.73239577803106,-1.9432892800689492,10.934393638170974,93.04174950298211,85.08946322067594,2.3856858846918487,88.66799204771372,31.958250497017893,56.18290258449304,2.6242544731610336,94.03578528827038,33.3807942497713,64.14115308151094,True,-0.5190242909815734,False,False,False,True,False,False,STRESS,0.448,STRESS,RISK_ON,0.156,0.93,0.907,Finance,48.1,46.1,46.1,46.1,0.0,88.9,REJECTED,STRESS,0.448,0.136,0.2125,0.136,0.1105,0.255,45.8,False,False,NORMAL GİRİŞ,⭐,İşlem Açma,0.0,3.0,98.0,0.0280415811195512,0.0510204081632653,1.926375573838679,8.561067407099477,-5.770570770894778,6.19833922139389,83.71975806451613,0.15,True,"Electronic Technology · MU, NVDA, SNDK",
2026-09-28,INTU,270.1499938964844,272.1400146484375,262.32000732421875,269.3999938964844,3803400.0,-2.3169855507643167,1024635936.7858888,1049704948.3929445,1.0544160638072255,12.057144165039062,-22.586208650435523,1.126123835016668,2.4635143559235675,1.1004997433878034,0.0065123417103774,0.3648880999319853,0.2803030428505615,0.3002031722314286,0.2087046509748836,-0.3457716507530752,72.09756916173062,-1.7979612597827432,11.530815109343935,2.1868787276341948,62.22664015904572,71.57057654075547,35.208747514910534,70.61630218687873,28.11133200795229,63.93638170974155,84.89065606361828,35.221685345596526,63.50298210735586,True,-0.5190242909815734,False,False,False,False,False,False,STRESS,0.448,STRESS,RISK_ON,0.156,0.93,0.907,Technology Services,48.1,46.1,46.1,46.1,0.0,88.9,REJECTED,STRESS,0.448,0.136,0.2125,0.136,0.1105,0.255,59.4,False,False,NORMAL GİRİŞ,⭐,İşlem Açma,0.0,11.0,61.0,-0.1802464195556996,0.0,-1.0560686257066632,-4.935067061756293,-8.65722492050186,6.891564073813871,36.653225806451616,0.15,False,"CRM, NFLX, NOW",
2026-09-28,VRT,253.22999572753903,254.1999969482422,242.5200042724609,244.0399932861328,4274800.0,-3.648138636172227,1043222163.2995604,1169818592.6428225,0.7969269803629869,13.119639805385043,-9.373145689938788,-20.500376816583778,3.9650605471562246,1.9658640160548997,-0.3040307853116121,0.1009742731313871,1.1387212140726792,-1.22041172066546,-0.7609173568834426,-0.0208526451495408,13.0136127296005,-3.1291143451906533,3.9761431411530817,25.04970178926441,7.952286282306163,29.4234592445328,15.646123260437374,61.11332007952286,49.10536779324055,31.65009940357853,86.67992047713717,13.700963658645934,66.47117296222665,True,-0.5190242909815734,False,False,False,True,False,False,STRESS,0.448,STRESS,RISK_ON,0.156,0.93,0.907,Electronic Technology,48.1,45.9,45.9,45.9,0.0,88.9,REJECTED,STRESS,0.448,0.136,0.2125,0.136,0.1105,0.255,56.7,False,False,NORMAL GİRİŞ,⭐,İşlem Açma,0.0,3.0,98.0,0.0280415811195512,0.0510204081632653,1.926375573838679,8.561067407099477,-2.941773199556641,3.369541650055752,80.07056451612902,0.15,True,"Electronic Technology · MU, NVDA, SNDK",
2026-09-28,AXON,423.8500061035156,432.7099914550781,414.6000061035156,424.75,935300.0,-1.2461894710910637,397268675.0,439204369.7906494,0.8679875643821633,21.794995989118306,-30.50556282722514,-16.813552683117905,3.9702847531530217,1.070069063504937,0.198737995394534,-0.0316503152671373,-0.8644049885321307,0.196313865835105,0.0888735448950841,-0.1916889872048778,56.04639484486745,-0.7271651801094903,26.24254473161034,0.5964214711729622,12.524850894632204,40.357852882703774,7.157057654075546,46.10337972166998,43.141153081510936,48.78727634194831,60.039761431411534,28.358118609735257,69.00596421471172,True,-0.5190242909815734,False,False,False,False,False,False,STRESS,0.448,STRESS,RISK_ON,0.156,0.93,0.907,Electronic Technology,48.5,45.8,45.8,45.8,0.0,88.9,REJECTED,STRESS,0.448,0.136,0.2125,0.136,0.1105,0.255,48.5,False,False,NORMAL GİRİŞ,⭐,İşlem Açma,0.0,3.0,98.0,0.0280415811195512,0.0510204081632653,1.926375573838679,8.561067407099477,-6.2643553922844255,6.692123842783537,84.0625,0.15,False,"Electronic Technology · MU, NVDA, SNDK",
2026-09-28,PKG,234.8600006103516,236.91000366210935,233.1300048828125,234.5200042724609,682200.0,-1.1215062338569393,159989546.91467285,133109575.55511476,1.1158636820884411,5.1278566632952005,-3.7629758002129976,-1.3170611098418106,1.5679135268163285,0.7119206486185414,0.4788905463613475,-0.5358835870507784,-0.2549519834244509,-0.1341297825113189,-0.1859784600728224,-0.1790132938274324,36.77248250082752,-0.6024819428753658,29.22465208747515,61.43141153081511,56.46123260437376,79.52286282306163,58.69781312127236,55.357852882703774,40.31809145129225,77.29622266401591,8.34990059642147,43.15140331966526,62.85089463220676,True,-0.5190242909815734,False,False,False,False,False,False,STRESS,0.448,STRESS,RISK_ON,0.156,0.93,0.907,Process Industries,47.6,45.6,45.6,45.6,0.0,88.9,REJECTED,STRESS,0.448,0.136,0.2125,0.136,0.1105,0.255,45.8,False,False,NORMAL GİRİŞ,⭐,İşlem Açma,0.0,5.0,58.0,-0.1344888979117103,0.0517241379310344,2.951486161549844,0.7464781743023456,-2.838595712184677,-0.1480351217956976,60.67540322580645,0.15,False,"HD, DE, LOW",
2026-09-28,SRE,77.9000015258789,77.9000015258789,76.66000366210938,76.88999938964844,4410300.0,-1.3345321589306791,339107964.3081665,307700779.5046692,1.0783894212548075,1.439285823277065,-9.274337003364677,-18.12373614136041,1.437631549111718,0.7368336603969261,0.7602086182421463,-0.1514381465186154,0.0388320773352979,-1.0169262392851903,-0.7125048452891485,-0.0575075004527267,18.548074497474296,-0.8155078679491057,25.44731610337972,26.24254473161034,10.73558648111332,75.54671968190854,17.71371769383698,66.29224652087476,47.07753479125249,78.96620278330019,44.53280318091451,28.950234885135103,52.00596421471173,True,-0.5190242909815734,False,False,False,True,False,False,STRESS,0.448,STRESS,RISK_ON,0.156,0.93,0.907,Utilities,47.5,45.5,45.5,45.5,0.0,88.9,REJECTED,STRESS,0.448,0.136,0.2125,0.136,0.1105,0.255,58.7,False,False,NORMAL GİRİŞ,⭐,İşlem Açma,0.0,16.0,118.0,-0.2104737256454074,0.0084745762711864,-0.3645033970273883,-1.031861359948116,-3.240122430498288,6.508549932548158,36.43145161290322,0.15,True,"WMT, BRK-B, COST",
2026-09-28,FOXA,62.810001373291016,63.7400016784668,62.0,63.060001373291016,2937800.0,-0.0158527375639483,185257672.03445435,306458425.1850128,0.5759771005087687,1.6067861829485213,-6.188632292039542,25.143880478847013,1.7701159434875782,0.5719721724629595,-1.5207501518574535,0.5516454877595521,-1.3772577728300917,0.2739124232933326,0.1847702743290853,-0.0583087618486951,60.91956038944952,0.5031715534176251,66.2027833001988,46.71968190854871,93.63817097415506,2.982107355864811,72.52485089463221,28.886679920477143,62.664015904572565,2.2664015904572565,44.1351888667992,63.74603158566463,45.6182902584493,True,-0.5190242909815734,False,False,False,True,False,False,STRESS,0.448,STRESS,RISK_ON,0.156,0.93,0.907,Consumer Services,42.4,45.4,45.4,45.4,0.0,88.9,REJECTED,STRESS,0.448,0.136,0.2125,0.136,0.1105,0.255,36.7,False,False,NORMAL GİRİŞ,⭐,İşlem Açma,0.0,11.0,61.0,-0.1802464195556996,0.0,-1.0560686257066632,-4.935067061756293,0.0891573597322392,-1.8548182064202283,24.75806451612903,0.15,True,"CRM, NFLX, NOW",
2026-09-28,ROP,353.6600036621094,355.5599975585937,348.7699890136719,354.0,879000.0,-1.2717530091595264,311166000.0,269473668.58032227,1.048063050710036,9.285716465541295,-16.250680167498643,5.734767025089593,1.3527681739766833,0.8900839476352902,0.4275323505987594,0.2464881810532425,-0.2112857165185034,0.7175009400752415,0.3198089844715612,-0.2524384995504365,77.02510168767837,-0.752728718177953,25.844930417495032,5.964214711729622,71.17296222664015,70.57654075546719,41.82902584493042,67.17693836978131,42.38568588469185,71.05367793240555,36.18290258449304,45.48779843914557,58.66998011928429,True,-0.5190242909815734,False,False,False,False,False,False,STRESS,0.448,STRESS,RISK_ON,0.156,0.93,0.907,Technology Services,47.3,45.3,45.3,45.3,0.0,88.9,REJECTED,STRESS,0.448,0.136,0.2125,0.136,0.1105,0.255,54.3,False,False,NORMAL GİRİŞ,⭐,İşlem Açma,0.0,11.0,61.0,-0.1802464195556996,0.0,-1.0560686257066632,-4.935067061756293,-0.3605452544484189,-1.4051155922395702,26.02822580645161,0.15,False,"CRM, NFLX, NOW",
2026-09-28,COIN,196.08999633789065,198.77999877929688,191.1000061035156,191.7899932861328,6678000.0,-1.7016079718276678,1280773575.164795,1480688995.7869265,0.6631572361894378,11.66000039236886,0.5610283589203124,26.46883830275819,5.611516504355771,2.179355858992872,-0.4773959746876318,-0.6849933829762539,-0.842915138215904,-1.2860701984304086,-0.7031271606704337,-0.0332598088416003,8.984216675011325,-1.1825836808460943,19.284294234592444,80.9145129224652,94.03578528827038,9.940357852882704,88.13121272365805,24.39363817097416,46.44135188866799,17.097415506958253,90.4572564612326,38.133014112829166,67.53081510934393,True,-0.5190242909815734,False,False,False,True,False,False,STRESS,0.448,STRESS,RISK_ON,0.156,0.93,0.907,Finance,47.6,45.2,45.2,45.2,0.0,88.9,REJECTED,STRESS,0.448,0.136,0.2125,0.136,0.1105,0.255,42.8,False,False,NORMAL GİRİŞ,⭐,İşlem Açma,0.0,3.0,98.0,0.0280415811195512,0.0510204081632653,1.926375573838679,8.561067407099477,-4.8289466704339645,5.256715120933076,82.75201612903226,0.15,True,"Electronic Technology · MU, NVDA, SNDK",
2026-09-28,APA,43.150001525878906,43.470001220703125,42.2400016784668,42.33000183105469,8029300.0,-0.959288327821184,339880283.7020874,237432972.80807492,1.4113368529014465,1.6092853546142578,-0.1179758587666723,28.42840361363679,2.6268483391128705,1.5730835081327066,1.5075706179537367,-0.7476175458622424,-0.956025251624536,-1.500614209836972,-0.769512028706383,-0.178960098399898,7.317088299419732,-0.4402640368396104,34.1948310139165,79.72166998011929,94.43339960238568,93.63817097415506,87.8131212723658,47.415506958250496,24.7713717693837,94.43339960238568,29.82107355864811,50.90665912815271,81.94433399602386,True,-0.5190242909815734,False,False,False,False,False,False,STRESS,0.448,STRESS,RISK_ON,0.156,0.93,0.907,Energy Minerals,50.1,45.0,45.0,45.0,0.0,88.9,REJECTED,STRESS,0.448,0.136,0.2125,0.136,0.1105,0.255,46.5,False,False,NORMAL GİRİŞ,⭐,İşlem Açma,0.0,15.0,30.0,-0.1308529576753245,0.0333333333333333,-0.698864283433287,0.0804663215365764,-0.976105576822106,4.703895396717106,61.542338709677416,0.15,False,"Energy Minerals · XOM, CVX, VLO",
2026-09-28,DECK,78.20999908447266,79.12000274658203,77.68000030517578,78.36000061035156,3292800.0,-0.3940480053501782,258023810.0097656,255455350.11291504,0.985922872973503,2.245713370186942,-9.232015973182484,-22.630331150916703,1.8266680933849289,0.8454577066420809,0.7533732740264059,-1.084719797248772,-1.1130957668933512,0.3587599266963874,0.0163191942525325,-0.2979270293326828,47.22216335353707,0.1249762856313951,54.67196819085487,26.838966202783297,6.163021868787276,62.62425447316103,15.467196819085489,33.70775347912525,32.44532803180915,70.97415506958251,34.1948310139165,41.30273323396206,66.19483101391651,True,-0.5190242909815734,False,False,False,False,False,False,STRESS,0.448,STRESS,RISK_ON,0.156,0.93,0.907,Consumer Non-Durables,42.2,45.0,45.0,45.0,0.0,88.9,REJECTED,STRESS,0.448,0.136,0.2125,0.136,0.1105,0.255,40.9,False,False,NORMAL GİRİŞ,⭐,İşlem Açma,0.0,13.0,12.0,-0.1408382936484901,0.0,1.6271149203392343,-0.1347939260309285,-2.2546640605080603,2.720681215898202,45.18649193548387,0.15,False,"Retail Trade · NKE, TJX, SBUX",
2026-09-28,PYPL,54.380001068115234,54.59999847412109,52.93999862670898,54.27999877929688,9864200.0,-1.3808178117527323,535428763.9587402,536201576.0803223,0.6810834696991667,1.4821425846644811,-11.69676463429823,22.307342900623865,2.273807709947142,0.6382156152710627,-0.5181909159515975,0.8808961726320298,0.2176664856186121,0.2945194159718031,0.3108429332726659,-0.0231330173046243,80.72290817838996,-0.8617935207711591,23.45924453280318,15.904572564612328,91.84890656063618,11.133200795228628,57.67395626242545,61.00397614314115,67.39562624254472,17.01789264413519,69.38369781312127,46.02656517171573,45.64612326043738,True,-0.5190242909815734,False,False,False,True,False,False,STRESS,0.448,STRESS,RISK_ON,0.156,0.93,0.907,Commercial Services,47.0,45.0,45.0,45.0,0.0,88.9,REJECTED,STRESS,0.448,0.136,0.2125,0.136,0.1105,0.255,55.8,False,False,NORMAL GİRİŞ,⭐,İşlem Açma,0.0,11.0,61.0,-0.1802464195556996,0.0,-1.0560686257066632,-4.935067061756293,5.91401557115171,-7.679676417839699,17.862903225806452,0.15,True,"CRM, NFLX, NOW",
2026-09-28,ROL,29.96999931335449,30.709999084472656,29.76000022888184,30.59000015258789,10845600.0,1.864800043748982,331766905.6549072,198800169.72522736,1.6439701691626751,0.9300007138933454,-14.885920554847266,-27.649006261618048,1.9807135114320975,0.670409173656431,1.8357988663264904,0.2843472265750019,-0.2017827600940646,1.8119720822342067,0.7047386628064561,-0.3694031458931435,87.36851826941032,2.3838243347305554,96.81908548707754,7.157057654075547,3.7773359840954273,98.01192842942343,5.298210735586482,77.04771371769384,42.82306163021869,97.6938369781312,22.46520874751491,67.48536077326311,62.07157057654076,True,-0.5190242909815734,True,False,True,False,False,False,STRESS,0.448,STRESS,RISK_ON,0.156,0.93,0.907,Commercial Services,57.0,45.0,45.0,45.0,0.0,88.9,REJECTED,STRESS,0.448,0.136,0.2125,0.136,0.1105,0.255,60.0,False,False,🎯 UYGUN GİRİŞ BÖLGESİ,⭐,İşlem Açma,0.0,11.0,61.0,-0.1802464195556996,0.0,-1.0560686257066632,-4.935067061756293,-2.681167894164116,0.9155070474761268,29.899193548387096,0.15,False,"CRM, NFLX, NOW",
2026-09-28,DTE,121.3499984741211,121.8000030517578,120.37000274658205,120.83000183105467,2284100.0,-0.502306157846033,275987807.182312,216662927.62527463,1.3490359599205024,2.3328584943498885,-11.310920558532969,-21.549148272266795,0.8306493647871196,0.4094443667441905,1.8114508308375536,-1.3535038234817256,-0.9079616478937328,-0.3569892623430084,-0.3597898982569771,-0.3006470442880918,32.16776128003073,0.0167181331355403,50.29821073558648,17.09741550695825,6.759443339960239,92.2465208747515,11.411530815109344,43.01192842942346,22.902584493041747,94.07554671968192,26.64015904572565,39.52095107830129,38.48111332007952,True,-0.5190242909815734,False,False,False,False,False,False,STRESS,0.448,STRESS,RISK_ON,0.156,0.93,0.907,Utilities,41.8,44.8,44.8,44.8,0.0,88.9,REJECTED,STRESS,0.448,0.136,0.2125,0.136,0.1105,0.255,43.9,False,False,NORMAL GİRİŞ,⭐,İşlem Açma,0.0,16.0,118.0,-0.2104737256454074,0.0084745762711864,-0.3645033970273883,-1.031861359948116,-2.1342537217622306,5.402681223812101,35.02016129032258,0.15,False,"WMT, BRK-B, COST",
2026-09-28,EBAY,107.56999969482422,108.7300033569336,105.72000122070312,107.31999969482422,3686000.0,-0.5375364437928964,395581518.8751221,449076620.4992676,0.6845314645834822,3.374285016741072,4.937909156961196,-3.1407944992561165,1.6806341723152631,0.574153047643345,-0.2008856477373078,-0.3220079872713656,-0.9702636547795248,-0.0410504703310845,-0.0026587533933038,-0.032168541189631,53.15605776030537,-0.018512152811323,49.50298210735586,91.45129224652088,52.286282306163024,11.72962226640159,69.91053677932406,30.994035785288272,61.15308151093439,23.180914512922467,62.22664015904572,49.714214125931136,40.58250497017893,True,-0.5190242909815734,False,False,False,True,False,False,STRESS,0.448,STRESS,RISK_ON,0.156,0.93,0.907,Retail Trade,46.7,44.7,44.7,44.7,0.0,88.9,REJECTED,STRESS,0.448,0.136,0.2125,0.136,0.1105,0.255,44.7,False,False,NORMAL GİRİŞ,⭐,İşlem Açma,0.0,14.0,9.0,-0.1590686644642772,0.0,0.7983562510587072,2.2917656692236337,0.0,0.97640579097521,45.13104838709677,0.15,True,"Health Services · UNH, CVS, ELV",
2026-09-28,ECHO,89.80000305175781,91.72000122070312,88.75,89.22000122070312,2641400.0,-0.987681038308852,235665711.22436523,245575878.79753116,0.8543533563304272,2.837857927594866,3.180295155201951,-11.523203866815624,1.836683424054935,0.7848961139479659,-0.7482497218203429,0.4245220299112718,-0.3028596380317748,-0.7647199497074234,-0.4638045745522549,-0.0693040516888067,15.824950421800022,-0.4686567473272784,33.79721669980119,87.8727634194831,26.44135188866799,38.9662027833002,54.08548707753479,53.60834990059642,47.8727634194831,30.616302186878727,32.007952286282304,34.849890668422546,61.88667992047714,True,-0.5190242909815734,False,False,False,True,False,False,STRESS,0.448,STRESS,RISK_ON,0.156,0.93,0.907,Communications,46.7,44.7,44.7,44.7,0.0,88.9,REJECTED,STRESS,0.448,0.136,0.2125,0.136,0.1105,0.255,43.0,False,False,NORMAL GİRİŞ,⭐,İşlem Açma,0.0,3.0,98.0,0.0280415811195512,0.0510204081632653,1.926375573838679,8.561067407099477,-6.661880143136688,7.0896485936358,84.22379032258064,0.15,True,"Electronic Technology · MU, NVDA, SNDK",
2026-09-28,KEY,20.559999465942383,20.56999969482422,20.350000381469727,20.399999618530277,18479400.0,-1.0189276351394885,376979752.95066833,296327394.70062256,1.27172208666916,0.429999896458217,-7.35694996126125,-11.879051323843305,1.6029030226594003,0.4541105650232258,1.6479131264246705,-1.3103356218357407,-0.4679646348945716,-0.99711382480792,-0.6272764710472244,-0.2001393818806862,22.726996870204523,-0.4999033441579148,32.007952286282304,37.77335984095427,25.844930417495032,90.05964214711729,31.212723658051694,50.06958250497018,27.23658051689861,92.44532803180914,41.35188866799205,35.4039124106785,44.42345924453281,True,-0.5190242909815734,False,False,False,False,False,False,STRESS,0.448,STRESS,RISK_ON,0.156,0.93,0.907,Finance,46.7,44.7,44.7,44.7,0.0,88.9,REJECTED,STRESS,0.448,0.136,0.2125,0.136,0.1105,0.255,50.0,False,False,NORMAL GİRİŞ,⭐,İşlem Açma,0.0,2.0,35.0,-0.113706142892541,0.0571428571428571,-2.0972182618281487,-1.937988913512056,1.5484292261022103,-2.136667015441784,53.21572580645161,0.15,False,"Finance · JPM, BAC, GS",
2026-09-28,RMD,221.5200042724609,223.0,218.25999450683597,222.1000061035156,852500.0,0.0450477943764182,189340255.20324707,241626103.32717896,0.6477914301563058,5.252857753208706,-5.794025236038502,11.92864289851112,1.4219733027510542,0.6193075331607127,-1.3558188729054237,-0.0990689177010686,-1.0919187508274937,0.4681157701176047,0.3962043001406768,-0.2047604388652553,81.01280899816831,0.5640720853579917,70.57654075546719,49.90059642147117,82.7037773359841,8.151093439363818,67.94234592445329,24.30417495029821,44.93041749502983,5.924453280318091,31.01391650099404,64.36867652605939,51.07355864811133,True,-0.5190242909815734,False,False,True,False,False,False,STRESS,0.448,STRESS,RISK_ON,0.156,0.93,0.907,Health Technology,41.7,44.7,44.7,44.7,0.0,88.9,REJECTED,STRESS,0.448,0.136,0.2125,0.136,0.1105,0.255,28.2,False,False,NORMAL GİRİŞ,⭐,İşlem Açma,0.0,9.0,21.0,-0.0766607292329303,0.0,-0.006045672065269,-0.1080115499304419,1.0340184106451766,1.5673192353452214,54.59677419354839,0.15,False,"Health Technology · BSX, MDT, ISRG",
2026-09-28,DVN,47.77999877929688,48.0,46.56999969482422,46.72999954223633,9408700.0,-0.6801268863191767,439668546.6930389,566152094.5359802,0.7078926262156594,1.5800004686628069,-0.8276749952539686,11.288400910303231,2.1719827468932174,1.3135193348671863,-0.464965700557482,-0.135920514995351,-0.6479330523755739,-1.6303338503097993,-0.7573424903832302,0.0098762712028895,11.188798130531977,-0.1611025953376033,43.538767395626245,76.73956262425448,80.9145129224652,14.7117296222664,79.03578528827038,38.00198807157058,47.4751491053678,20.43737574552684,71.96819085487077,46.97076848104524,63.12922465208747,True,-0.5190242909815734,False,False,False,True,False,False,STRESS,0.448,STRESS,RISK_ON,0.156,0.93,0.907,Energy Minerals,46.6,44.6,44.6,44.6,0.0,88.9,REJECTED,STRESS,0.448,0.136,0.2125,0.136,0.1105,0.255,44.1,False,False,NORMAL GİRİŞ,⭐,İşlem Açma,0.0,15.0,30.0,-0.1308529576753245,0.0333333333333333,-0.698864283433287,0.0804663215365764,0.5950138129866112,3.1327760069083888,57.872983870967744,0.15,True,"Energy Minerals · XOM, CVX, VLO",
2026-09-28,TSCO,32.119998931884766,32.34000015258789,31.56999969482422,32.06999969482422,11013500.0,-0.619773040292404,353202941.63894653,284859878.46450806,1.19004847825394,1.0407142639160156,-7.579251599930215,2.7884605603340384,1.679197570663199,0.4598954096291464,0.4383380299612464,-0.725000533455345,-0.9854472693997453,0.3737128023681246,0.1350649736686962,-0.2765082760293469,64.93502633130377,-0.1007487493108305,45.92445328031809,37.37574552683897,67.19681908548708,85.2882703777336,53.77733598409543,41.60039761431411,34.99005964214712,80.27833001988071,38.9662027833002,54.64459607249419,44.84095427435388,True,-0.5190242909815734,False,False,False,False,False,False,STRESS,0.448,STRESS,RISK_ON,0.156,0.93,0.907,Retail Trade,46.5,44.5,44.5,44.5,0.0,88.9,REJECTED,STRESS,0.448,0.136,0.2125,0.136,0.1105,0.255,46.8,False,False,NORMAL GİRİŞ,⭐,İşlem Açma,0.0,16.0,118.0,-0.2104737256454074,0.0084745762711864,-0.3645033970273883,-1.031861359948116,1.2635433544590793,2.004884147590791,28.125,0.15,False,"WMT, BRK-B, COST",
2026-09-28,HBAN,15.539999961853027,15.600000381469728,15.279999732971191,15.300000190734863,29728900.0,-2.173913971383312,454852175.6703377,422793893.7995434,1.0014265719660924,0.3921428407941545,-9.252667907859646,-14.141413071072597,1.826265713087017,0.4713082802068918,0.5942488943543662,0.021253700408582,1.052401732070228,-1.34740755783739,-0.8187475599397995,-0.1542321553062638,6.250130384896213,-1.6548896804017388,12.922465208747516,26.64015904572565,20.47713717693837,64.61232604373758,23.250497017892645,73.43936381709742,29.10536779324056,70.25844930417495,58.05168986083499,21.20851204445384,43.60238568588469,True,-0.5190242909815734,False,False,False,False,False,False,STRESS,0.448,STRESS,RISK_ON,0.156,0.93,0.907,Finance,46.4,44.4,44.4,44.4,0.0,88.9,REJECTED,STRESS,0.448,0.136,0.2125,0.136,0.1105,0.255,56.4,False,False,NORMAL GİRİŞ,⭐,İşlem Açma,0.0,2.0,35.0,-0.113706142892541,0.0571428571428571,-2.0972182618281487,-1.937988913512056,-0.812999188963615,0.2247613996240414,58.67943548387097,0.15,False,"Finance · JPM, BAC, GS",
2026-09-28,MS,195.8699951171875,195.92999267578125,192.97000122070312,193.63999938964844,4357200.0,-1.3600928134841372,843728205.3405762,877564430.7510376,0.8837730529539727,5.2314267839704245,-9.876198738877209,-8.539580866404483,1.4180889047366696,0.7385510822549085,-0.2872420485577389,-0.826451567424582,0.481000996553766,-1.2223604517485374,-0.6400340746239419,-0.0758025852483796,22.635138618250803,-0.8410685225025638,24.45328031809145,22.86282306163022,33.79721669980119,43.141153081510936,28.876739562624252,45.23856858846919,41.59045725646123,40.35785288270378,82.50497017892644,29.697907499996056,43.40159045725646,True,-0.5190242909815734,False,False,False,False,False,False,STRESS,0.448,STRESS,RISK_ON,0.156,0.93,0.907,Finance,46.4,44.4,44.4,44.4,0.0,88.9,REJECTED,STRESS,0.448,0.136,0.2125,0.136,0.1105,0.255,50.6,False,False,NORMAL GİRİŞ,⭐,İşlem Açma,0.0,2.0,35.0,-0.113706142892541,0.0571428571428571,-2.0972182618281487,-1.937988913512056,-2.254252072775997,1.666014283436423,61.421370967741936,0.15,False,"Finance · JPM, BAC, GS",
2026-09-28,BG,109.48999786376952,110.25,108.5,109.05999755859376,1769400.0,0.0550436317373836,192970759.68017575,214401166.01393127,0.8619404620982946,4.022855486188616,-2.249710891284617,-0.0366658491349647,2.212390204945484,0.8234412721870321,0.4885627099586375,-2.006406856834593,-1.4360756709975284,-0.4599437084446751,-0.3085730416434152,-0.2619297954206533,31.99986049107143,0.5740679227189571,70.9741550695825,69.18489065606362,59.84095427435388,39.761431411530815,64.04572564612326,21.570576540755468,26.003976143141152,53.518886679920485,26.043737574552683,57.09561229165188,71.02186878727633,True,-0.5190242909815734,False,False,True,False,False,False,STRESS,0.448,STRESS,RISK_ON,0.156,0.93,0.907,Process Industries,42.3,44.3,44.3,44.3,0.0,88.9,REJECTED,STRESS,0.448,0.136,0.2125,0.136,0.1105,0.255,30.2,False,False,NORMAL GİRİŞ,⭐,İşlem Açma,0.0,15.0,30.0,-0.1308529576753245,0.0333333333333333,-0.698864283433287,0.0804663215365764,-0.7503584081781423,4.478148228073142,61.13911290322581,0.15,False,"Energy Minerals · XOM, CVX, VLO",
2026-09-28,COP,129.36000061035156,129.36000061035156,125.81999969482422,126.04000091552734,6196900.0,-0.9897895569713212,781057281.6734314,783021341.5798187,0.904576380789448,3.71500015258789,-2.686843023836216,20.95969377689764,2.156318707151119,1.169960324095236,-0.2112205681005754,-0.0629344521338039,-0.5051006663870762,-1.715117051190682,-0.9036718068082632,-0.1800788639535834,6.214722141402386,-0.4707652659897476,33.39960238568588,67.39562624254472,91.45129224652088,48.5089463220676,80.62624254473161,48.09145129224652,23.26043737574553,44.93041749502982,79.12524850894633,44.608549748931495,65.0497017892644,True,-0.5190242909815734,False,False,False,False,False,False,STRESS,0.448,STRESS,RISK_ON,0.156,0.93,0.907,Energy Minerals,46.2,44.2,44.2,44.2,0.0,88.9,REJECTED,STRESS,0.448,0.136,0.2125,0.136,0.1105,0.255,46.2,False,False,NORMAL GİRİŞ,⭐,İşlem Açma,0.0,15.0,30.0,-0.1308529576753245,0.0333333333333333,-0.698864283433287,0.0804663215365764,1.233766541533965,2.494023278361035,56.54233870967742,0.15,False,"Energy Minerals · XOM, CVX, VLO",
2026-09-28,DRI,200.7700042724609,202.38999938964844,195.19000244140625,197.0200042724609,1487700.0,-1.3667062465777535,293106660.35614014,266277643.0,1.1688770860177882,5.537142072405134,-6.683084226561387,-4.2197354047345925,1.982281864856426,0.7230898031899125,0.7799946107858321,1.024905413040472,-0.3700392246025636,-0.7859250185909562,-0.5047913677602843,-0.3076224169175613,25.416702870984764,-0.8476819555961801,24.055666003976143,42.94234592445328,48.70775347912525,84.69184890656064,46.11332007952287,78.62823061630219,16.54075546719682,84.85089463220675,35.785288270377734,35.407475456084555,65.63817097415507,True,-0.5190242909815734,False,False,False,False,False,False,STRESS,0.448,STRESS,RISK_ON,0.156,0.93,0.907,Consumer Services,46.3,44.2,44.2,44.2,0.0,88.9,REJECTED,STRESS,0.448,0.136,0.2125,0.136,0.1105,0.255,52.7,False,False,NORMAL GİRİŞ,⭐,İşlem Açma,0.0,13.0,12.0,-0.1408382936484901,0.0,1.6271149203392343,-0.1347939260309285,-6.68643499219681,7.152452147586952,50.40826612903226,0.15,False,"Retail Trade · NKE, TJX, SBUX",
2026-09-28,AKAM,112.8499984741211,115.0999984741211,108.8000030517578,108.98999786376952,8078900.0,-4.344395709647508,880519293.7416077,395842714.33792114,1.6188688016735933,6.901429857526507,-2.0226556420626207,-4.226715409692849,3.879840872960252,1.5370980785228228,1.950880554253124,-0.1224898691169504,-0.2276193357437435,-1.2611859453534744,-0.7925408082077814,-0.4184140876544895,3.0157928581549207,-3.825371418665935,2.3856858846918487,70.57654075546719,48.5089463220676,97.4155069582505,58.439363817097416,69.92047713717693,5.407554671968191,97.57455268389664,54.87077534791253,24.777722426968573,81.44333996023857,True,-0.5190242909815734,False,False,False,False,False,False,STRESS,0.448,STRESS,RISK_ON,0.156,0.93,0.907,Technology Services,49.0,44.0,44.0,44.0,0.0,88.9,REJECTED,STRESS,0.448,0.136,0.2125,0.136,0.1105,0.255,53.1,False,False,NORMAL GİRİŞ,⭐,İşlem Açma,0.0,3.0,98.0,0.0280415811195512,0.0510204081632653,1.926375573838679,8.561067407099477,-7.39457762269533,7.822346073194441,84.58669354838709,0.15,False,"Electronic Technology · MU, NVDA, SNDK",
2026-09-28,CSX,46.650001525878906,47.15999984741211,46.59000015258789,46.7599983215332,9361300.0,-0.0427542930431235,437734372.2873688,474402877.4685669,0.8654716003407783,0.9042854309082032,-9.27435327603181,-2.603627741026437,1.2841818238616909,0.564073823296467,-0.418631220071936,-0.8190121470882732,-1.3195310396455708,-0.0852347002973316,-0.1350935605198699,-0.1957715044219405,29.82425613363494,0.4762699979384499,64.81113320079523,26.043737574552683,54.07554671968191,40.15904572564612,41.46123260437376,19.512922465208742,38.409542743538765,36.42147117296223,64.81113320079523,52.2617496690295,38.58051689860835,True,-0.5190242909815734,False,False,False,False,False,False,STRESS,0.448,STRESS,RISK_ON,0.156,0.93,0.907,Transportation,41.0,44.0,44.0,44.0,0.0,88.9,REJECTED,STRESS,0.448,0.136,0.2125,0.136,0.1105,0.255,37.6,False,False,NORMAL GİRİŞ,⭐,İşlem Açma,0.0,4.0,10.0,-0.1381315028332713,0.0,1.8642427892004376,-4.648592127244914,1.513280005871681,-0.0164418405647071,31.76915322580645,0.15,False,"Transportation · UNP, FDX, CSX",
2026-09-28,DD,130.5,131.6300048828125,129.80999755859375,130.97999572753906,834200.0,-0.554256282071286,109263512.43591309,142079503.874588,0.6936493088036587,2.7257140023367747,-5.634008841830651,-3.5067071404603967,1.3463228357526211,0.6675564875699902,-1.1019058404702358,-0.5224267078271146,-0.359912150360549,0.6730641794124903,0.2758186894262048,-0.0149707874237481,64.28535497501593,-0.0352319910897125,48.70775347912525,50.89463220675944,50.6958250497018,12.72365805168986,50.78528827037773,30.98409542743539,73.71769383697813,10.099403578528824,10.73558648111332,49.6740623364678,51.48906560636183,True,-0.5190242909815734,False,False,False,True,False,False,STRESS,0.448,STRESS,RISK_ON,0.156,0.93,0.907,Industrials,46.0,44.0,44.0,44.0,0.0,88.9,REJECTED,STRESS,0.448,0.136,0.2125,0.136,0.1105,0.255,35.6,False,False,NORMAL GİRİŞ,⭐,İşlem Açma,0.0,3.0,98.0,0.0280415811195512,0.0510204081632653,1.926375573838679,8.561067407099477,0.6937451994763921,-0.2659767489772813,72.79233870967742,0.15,True,"Electronic Technology · MU, NVDA, SNDK",
2026-09-28,KO,87.61000061035156,87.69999694824219,86.88999938964844,87.18000030517578,14493300.0,-0.7174550403529878,1263525898.4230042,1284023349.211502,0.92194952060317,1.213571275983538,-2.1109361046757424,5.48094410789568,0.8079338753464732,0.500907302521868,-0.1840945937016607,-0.3843206768161588,-0.258274458734487,-0.6138474467922636,-0.395060187627157,-0.1886260386268819,35.80269007610579,-0.1984307493714143,42.34592445328032,69.58250497017893,69.98011928429423,51.689860834990064,69.80119284294236,47.24652087475149,33.081510934393634,47.395626242544736,88.66799204771371,48.590209365463465,25.272365805168988,True,-0.5190242909815734,False,False,False,False,False,False,STRESS,0.448,STRESS,RISK_ON,0.156,0.93,0.907,Consumer Non-Durables,46.0,44.0,44.0,44.0,0.0,88.9,REJECTED,STRESS,0.448,0.136,0.2125,0.136,0.1105,0.255,51.3,False,False,NORMAL GİRİŞ,⭐,İşlem Açma,0.0,16.0,118.0,-0.2104737256454074,0.0084745762711864,-0.3645033970273883,-1.031861359948116,2.1366242546260352,1.1318032474238349,26.310483870967744,0.15,False,"WMT, BRK-B, COST",
2026-09-28,ACN,173.50999450683594,177.0800018310547,172.3000030517578,174.47000122070312,5499800.0,-0.9312358094171967,959550112.713623,809038921.486206,1.137803339057037,6.960000174386161,-6.8897421172467,39.86692417885451,2.664410017825028,1.2670822629455962,-0.1463360174476657,-0.9469821965361628,-0.756598409030966,-0.028725536114379,0.0397493152696464,-0.3284616893146863,45.39746282664351,-0.4122115184356234,34.791252485089466,41.15308151093439,96.81908548707754,82.30616302186878,71.76938369781314,36.69980119284294,24.45328031809145,66.79920477137176,80.71570576540755,52.571555427793584,67.48508946322067,True,-0.5190242909815734,False,False,False,False,True,False,STRESS,0.448,STRESS,RISK_ON,0.156,0.93,0.907,Technology Services,46.3,43.9,43.9,43.9,0.0,88.9,REJECTED,STRESS,0.448,0.136,0.2125,0.136,0.1105,0.255,47.8,False,False,NORMAL GİRİŞ,⭐,İşlem Açma,0.0,11.0,61.0,-0.1802464195556996,0.0,-1.0560686257066632,-4.935067061756293,-3.495043584833024,1.729382738145035,31.431451612903224,0.15,False,"CRM, NFLX, NOW",
2026-09-28,TDG,1105.3499755859375,1112.449951171875,1092.93994140625,1109.219970703125,330200.0,-0.6253342388540584,366264434.3261719,406368850.4211426,0.8526791478373144,27.03426688058036,-6.511700938648357,-16.18660048687327,1.208509335852754,0.4628838227301068,-0.2928087514837938,-0.0635034128956786,-0.4725157429462983,1.1957246584363748,0.4571512144457097,-0.1510640674218004,83.4444958892796,-0.1063099478724849,45.32803180914513,43.737574552683895,13.717693836978132,38.76739562624255,27.22664015904573,46.16302186878728,61.709741550695824,37.33598409542744,55.666003976143145,43.5700957121884,29.43737574552684,True,-0.5190242909815734,False,False,False,True,False,False,STRESS,0.448,STRESS,RISK_ON,0.156,0.93,0.907,Electronic Technology,45.9,43.9,43.9,43.9,0.0,88.9,REJECTED,STRESS,0.448,0.136,0.2125,0.136,0.1105,0.255,51.0,False,False,NORMAL GİRİŞ,⭐,İşlem Açma,0.0,1.0,13.0,-0.1712524359611602,0.0,-1.734018036381213,-3.837534486151572,3.3985153780779376,-0.2026220618944529,27.65120967741936,0.15,True,"Electronic Technology · GE, BA, HWM",
2026-09-28,TROW,104.83000183105467,105.16000366210938,102.91000366210938,103.80999755859376,1375300.0,-1.6112259911072124,142769889.64233398,146910916.7510376,0.9128683034973484,2.156428745814732,-7.609471734964623,-9.241128205460958,1.0462442308601445,0.5463115005479736,-0.3704643221087523,0.8772997349279771,1.3157240795100629,-0.5300502058493102,-0.3140038384331597,0.0076489322325152,39.99972873263889,-1.092201700125639,20.07952286282306,36.779324055666,32.60437375745527,50.49701789264414,34.4831013916501,73.74751491053678,59.84095427435388,43.49900596421471,11.928429423459244,32.40852158101737,43.76739562624254,True,-0.5190242909815734,False,False,False,True,False,False,STRESS,0.448,STRESS,RISK_ON,0.156,0.93,0.907,Financials,45.9,43.9,43.9,43.9,0.0,88.9,REJECTED,STRESS,0.448,0.136,0.2125,0.136,0.1105,0.255,51.2,False,False,NORMAL GİRİŞ,⭐,İşlem Açma,0.0,2.0,35.0,-0.113706142892541,0.0571428571428571,-2.0972182618281487,-1.937988913512056,3.0167576316790234,-3.604995421018597,50.97782258064516,0.15,True,"Finance · JPM, BAC, GS",
2026-09-28,ADP,260.8999938964844,264.8699951171875,259.29998779296875,261.79998779296875,1666900.0,-0.7092295443289598,436394399.6520996,524924371.66748047,0.7477318859270391,5.032143729073661,-8.037098569281742,16.371066272377988,1.3316074975826897,0.6565884323543553,-0.9106363144086016,0.3434555195405032,-0.3468488223216381,-0.1374973025497878,0.0164260511292037,-0.0462613755557271,44.88324439233391,-0.1902052533473863,43.141153081510936,33.39960238568588,86.87872763419483,20.675944333996025,62.813121272365805,48.07157057654074,58.409542743538765,17.495029821073558,68.58846918489066,51.12351330603259,39.18290258449304,True,-0.5190242909815734,False,False,False,True,False,False,STRESS,0.448,STRESS,RISK_ON,0.156,0.93,0.907,Technology Services,45.8,43.8,43.8,43.8,0.0,88.9,REJECTED,STRESS,0.448,0.136,0.2125,0.136,0.1105,0.255,49.2,False,False,NORMAL GİRİŞ,⭐,İşlem Açma,0.0,11.0,61.0,-0.1802464195556996,0.0,-1.0560686257066632,-4.935067061756293,-0.256168557446379,-1.50949228924161,25.806451612903224,0.15,True,"CRM, NFLX, NOW",
2026-09-28,BNY,149.57000732421875,149.8699951171875,147.8000030517578,148.44000244140625,2990200.0,-1.138855494231339,443865295.30029297,523072447.8267822,0.777829947571525,3.2014269147600447,-8.505915654951778,3.2267054529945938,1.096841568960279,0.4645501404882718,-0.1111276923040719,-0.6133116322792005,0.3050420009929495,-0.9018974060639244,-0.4555565793644358,-0.0926871291530774,30.917963422994426,-0.6198312032497655,28.82703777335984,30.218687872763415,67.79324055666004,25.44731610337972,50.88469184890656,46.75944333996024,43.1013916500994,34.035785288270375,68.19085487077535,38.17628938404894,29.053677932405567,True,-0.5190242909815734,False,False,False,False,False,False,STRESS,0.448,STRESS,RISK_ON,0.156,0.93,0.907,Finance,45.8,43.8,43.8,43.8,0.0,88.9,REJECTED,STRESS,0.448,0.136,0.2125,0.136,0.1105,0.255,47.4,False,False,NORMAL GİRİŞ,⭐,İşlem Açma,0.0,2.0,35.0,-0.113706142892541,0.0571428571428571,-2.0972182618281487,-1.937988913512056,0.2589826944044748,-0.8472204837440485,56.159274193548384,0.15,False,"Finance · JPM, BAC, GS",
2026-09-28,CMCSA,21.920000076293945,21.96999931335449,21.5,21.790000915527344,29771100.0,-0.5476902451870158,648712296.2562561,666528881.9826126,0.9651418993076814,0.8028567177908761,-17.493370255481466,-10.033026773214926,1.9467073931334824,0.5244633702854667,0.1893429491711967,-1.009759558825591,-0.8827311394213384,0.0194417972552316,0.0042590751374713,-0.2053272741808413,61.70241259663576,-0.0286659542054423,48.9065606361829,4.7713717693836974,30.019880715705767,59.443339960238575,18.65805168986084,33.240556660039765,38.33001988071571,60.07952286282307,74.75149105367794,44.32431680638326,41.379721669980114,True,-0.5190242909815734,False,False,False,False,False,False,STRESS,0.448,STRESS,RISK_ON,0.156,0.93,0.907,Consumer Services,45.8,43.8,43.8,43.8,0.0,88.9,REJECTED,STRESS,0.448,0.136,0.2125,0.136,0.1105,0.255,48.4,False,False,NORMAL GİRİŞ,⭐,İşlem Açma,0.0,16.0,118.0,-0.2104737256454074,0.0084745762711864,-0.3645033970273883,-1.031861359948116,-2.9038935928184904,6.17232109486836,35.94758064516129,0.15,False,"WMT, BRK-B, COST",
2026-09-28,DHI,140.42999267578125,142.3699951171875,139.27000427246094,139.4199981689453,2588600.0,-1.476924895074927,360902607.26013184,337400860.4370117,0.967684655772146,3.690709795270647,-4.020378515114054,-15.106863442157149,1.7870113854816128,1.0022494337193422,0.3750297535436391,-0.2822031665429927,-0.3640647101062282,-1.016648885734983,-0.6433887409492964,-0.0980435930763416,4.838527079508371,-0.9579006040933536,21.669980119284293,60.039761431411534,15.904572564612328,59.84095427435388,35.765407554671974,54.4234592445328,41.5506958250497,63.658051689860834,49.30417495029821,26.33673541172817,63.45924453280318,True,-0.5190242909815734,False,False,False,False,False,False,STRESS,0.448,STRESS,RISK_ON,0.156,0.93,0.907,Consumer Durables,45.8,43.8,43.8,43.8,0.0,88.9,REJECTED,STRESS,0.448,0.136,0.2125,0.136,0.1105,0.255,51.4,False,False,NORMAL GİRİŞ,⭐,İşlem Açma,0.0,5.0,58.0,-0.1344888979117103,0.0517241379310344,2.951486161549844,0.7464781743023456,-1.1261517525094966,-1.8604790814708785,58.07459677419355,0.15,False,"HD, DE, LOW",
2026-09-28,INVH,26.670000076293945,26.729999542236328,26.36000061035156,26.540000915527344,5751300.0,-0.3005256242822773,152639507.2654724,151855656.05049133,1.0555390887893137,0.4446430206298828,-9.202870627686131,-13.239617798210713,0.7538214020476641,0.3765063107978533,0.9764600452251015,-0.2184601736053759,-0.8200831981969344,0.0254460843968821,-0.1729699565948058,-0.3547674403901738,48.648871568051305,0.218498666699296,57.25646123260437,27.23658051689861,22.0675944333996,71.96819085487077,24.39363817097416,54.27435387673957,23.220675944333998,78.88667992047714,12.922465208747516,45.898684373504935,40.30616302186879,True,-0.5190242909815734,False,False,False,False,False,False,STRESS,0.448,STRESS,RISK_ON,0.156,0.93,0.907,Finance,40.8,43.8,43.8,43.8,0.0,88.9,REJECTED,STRESS,0.448,0.136,0.2125,0.136,0.1105,0.255,41.6,False,False,NORMAL GİRİŞ,⭐,İşlem Açma,0.0,16.0,118.0,-0.2104737256454074,0.0084745762711864,-0.3645033970273883,-1.031861359948116,0.0736686121698695,3.194758889880001,30.60483870967742,0.15,False,"WMT, BRK-B, COST",
2026-09-28,LII,370.25,373.4700012207031,363.8699951171875,368.4100036621094,461700.0,-1.4340330976563398,170094898.6907959,172938766.86938477,0.9353159248830096,10.520004272460938,-5.813625549761115,-35.233724722305546,1.547373639835235,1.0536866192275478,-0.0658148082457979,0.2363160226639452,0.1529518637220068,0.0073120882694111,-0.1160407918034923,-0.0496062159025854,47.29172560900013,-0.9150088066747664,22.266401590457257,49.50298210735586,0.7952286282306162,54.47316103379721,22.71371769383698,63.7872763419483,60.19880715705766,52.32604373757455,16.10337972166998,28.60690615930956,66.13121272365805,True,-0.5190242909815734,False,False,False,True,False,False,STRESS,0.448,STRESS,RISK_ON,0.156,0.93,0.907,Producer Manufacturing,46.0,43.8,43.8,43.8,0.0,88.9,REJECTED,STRESS,0.448,0.136,0.2125,0.136,0.1105,0.255,50.9,False,False,NORMAL GİRİŞ,⭐,İşlem Açma,0.0,5.0,58.0,-0.1344888979117103,0.0517241379310344,2.951486161549844,0.7464781743023456,0.0635007857336056,-3.0501316197139805,55.55443548387097,0.15,True,"HD, DE, LOW",
2026-09-28,OKE,89.5999984741211,89.62999725341797,88.27999877929688,88.62000274658203,3304100.0,-0.0112766638222461,292809351.0749817,299944888.8473511,0.873693729903537,2.4885733468191966,-6.440030884098357,-0.1239685037957571,1.3438822520574805,0.872811223260087,-0.1532943232455305,-1.7781622559989514,-1.1140458176491077,-1.0385472306825816,-0.599625028963475,-0.2262360931745341,25.185507524852078,0.5077476271593273,66.40159045725646,43.93638170974155,59.443339960238575,41.5506958250497,52.465208747514914,19.67196819085487,23.37972166998012,42.107355864811126,41.94831013916501,53.05533007654088,60.14512922465209,True,-0.5190242909815734,False,False,False,False,False,False,STRESS,0.448,STRESS,RISK_ON,0.156,0.93,0.907,Industrial Services,40.8,43.8,43.8,43.8,0.0,88.9,REJECTED,STRESS,0.448,0.136,0.2125,0.136,0.1105,0.255,29.7,False,False,NORMAL GİRİŞ,⭐,İşlem Açma,0.0,15.0,30.0,-0.1308529576753245,0.0333333333333333,-0.698864283433287,0.0804663215365764,-1.0619350827239082,4.789724902618908,61.70362903225807,0.15,False,"Energy Minerals · XOM, CVX, VLO",
2026-09-28,GS,930.9400024414062,932.0,914.5,916.280029296875,1796800.0,-2.049279241007007,1646371956.640625,1892363243.024414,0.8707345853858287,27.864288330078125,-11.969791684180054,-10.18711546672989,1.8121009757379136,0.806885813443966,-0.1751452262472859,-0.4088253802871752,0.8402182854550305,-1.4159157486810452,-0.8150831821986608,-0.0879341095758077,10.171595982142858,-1.5302549500254337,14.910536779324056,15.109343936381707,28.628230616302183,41.15308151093439,22.544731610337973,54.4234592445328,37.8131212723658,41.232604373757454,92.6441351888668,22.172229180719256,48.95825049701789,True,-0.5190242909815734,False,False,False,False,False,False,STRESS,0.448,STRESS,RISK_ON,0.156,0.93,0.907,Finance,45.7,43.7,43.7,43.7,0.0,88.9,REJECTED,STRESS,0.448,0.136,0.2125,0.136,0.1105,0.255,54.4,False,False,NORMAL GİRİŞ,⭐,İşlem Açma,0.0,2.0,35.0,-0.113706142892541,0.0571428571428571,-2.0972182618281487,-1.937988913512056,-0.6930072362424156,0.1047694469028419,58.4375,0.15,False,"Finance · JPM, BAC, GS",
2026-09-28,LNT,63.43999862670898,63.810001373291016,62.77999877929688,63.209999084472656,4040400.0,-0.6132066022094818,255393680.3009033,151493161.00234985,1.750106122166105,1.0,-7.330304816782496,-18.10054536865425,0.7245775492871367,0.2223653804088881,2.045256479978857,0.2526359722412128,-0.8066153950061722,0.0341784352924399,-0.1912625134717731,-0.2947977481202269,41.74749730564537,-0.0941823112279083,46.12326043737575,37.97216699801193,10.934393638170974,98.40954274353876,23.101391650099405,68.31013916500993,28.508946322067597,98.3300198807157,12.524850894632204,41.57236404467984,36.85288270377733,True,-0.5190242909815734,False,False,False,False,False,False,STRESS,0.448,STRESS,RISK_ON,0.156,0.93,0.907,Utilities,45.6,43.6,43.6,43.6,0.0,88.9,REJECTED,STRESS,0.448,0.136,0.2125,0.136,0.1105,0.255,51.2,False,False,NORMAL GİRİŞ,⭐,İşlem Açma,0.0,16.0,118.0,-0.2104737256454074,0.0084745762711864,-0.3645033970273883,-1.031861359948116,-0.6411892902855318,3.909616792335402,32.358870967741936,0.15,False,"WMT, BRK-B, COST",
2026-09-28,RDDT,149.0,149.2899932861328,143.0800018310547,143.0800018310547,4312700.0,-4.511475355079487,617061123.8967896,678252610.344696,0.9089146429105838,6.962069920131138,-7.060732815164206,-17.954010074514194,3.573552883520338,0.914327553249316,-0.1633721936289398,0.2928505537799509,1.5317776198323618,-1.6692446787844757,-0.9789859648433086,-0.1656240036364024,0.0,-3.992451064097913,1.9880715705765408,39.56262425447317,11.332007952286284,49.70178926441352,24.035785288270382,69.2544731610338,25.844930417495032,46.67992047713717,75.14910536779324,12.55268389662028,64.90059642147116,True,-0.5190242909815734,False,False,False,False,False,False,STRESS,0.448,STRESS,RISK_ON,0.156,0.93,0.907,Technology Services,45.5,43.5,43.5,43.5,0.0,88.9,REJECTED,STRESS,0.448,0.136,0.2125,0.136,0.1105,0.255,52.9,False,False,NORMAL GİRİŞ,⭐,İşlem Açma,0.0,3.0,98.0,0.0280415811195512,0.0510204081632653,1.926375573838679,8.561067407099477,-10.08262871481096,10.51039716531007,84.88911290322581,0.15,False,"Electronic Technology · MU, NVDA, SNDK",
2026-09-28,ES,63.58000183105469,63.63999938964844,62.720001220703125,63.27999877929688,3100500.0,-0.6125324342142968,196199636.21521,159514190.8121109,1.3135986374671125,1.2778568267822266,-10.772703356885405,-14.219874231670214,1.146382499071673,0.4894033408034248,1.3434872354177412,-0.8397643592978302,-0.7037798453323947,0.1976515938982861,-0.0271772842618546,-0.2505454754924642,60.86942099414527,-0.0935081432327233,46.3220675944334,19.4831013916501,19.880715705765407,91.05367793240556,19.70178926441352,50.0,35.82504970178927,92.0079522862823,14.314115308151091,44.5720315626352,45.608349900596416,True,-0.5190242909815734,False,False,False,False,False,False,STRESS,0.448,STRESS,RISK_ON,0.156,0.93,0.907,Utilities,45.4,43.4,43.4,43.4,0.0,88.9,REJECTED,STRESS,0.448,0.136,0.2125,0.136,0.1105,0.255,47.0,False,False,NORMAL GİRİŞ,⭐,İşlem Açma,0.0,16.0,118.0,-0.2104737256454074,0.0084745762711864,-0.3645033970273883,-1.031861359948116,-3.3291647429241564,6.5975922449740265,36.51209677419355,0.15,False,"WMT, BRK-B, COST",
2026-09-28,PHM,118.51000213623048,121.08999633789062,118.2300033569336,119.12999725341795,1585400.0,-0.6007519648476234,188868697.64556885,181955795.66345212,0.9797971682662892,2.979998997279576,-6.011836486455247,-13.636365627506189,1.695278260804319,0.9733904792207528,0.1906503449344068,0.0593303085891846,-1.1042680943425396,-0.0462629727508812,-0.1062957331305936,-0.1383560791590546,31.468395288970697,-0.0817276738660499,46.71968190854871,48.70775347912525,21.272365805168985,61.82902584493042,33.618290258449306,46.7196819085487,46.640159045725646,61.59045725646124,18.687872763419485,41.57029877342987,68.48508946322067,True,-0.5190242909815734,False,False,False,True,False,False,STRESS,0.448,STRESS,RISK_ON,0.156,0.93,0.907,Consumer Durables,46.0,43.4,43.4,43.4,0.0,88.9,REJECTED,STRESS,0.448,0.136,0.2125,0.136,0.1105,0.255,44.1,False,False,NORMAL GİRİŞ,⭐,İşlem Açma,0.0,5.0,58.0,-0.1344888979117103,0.0517241379310344,2.951486161549844,0.7464781743023456,-1.1137486729496435,-1.8728821610307311,58.034274193548384,0.15,True,"HD, DE, LOW",
2026-09-28,APD,280.8099975585937,282.20001220703125,277.8900146484375,278.75,1159200.0,-1.0682884942149196,323127000.0,295990037.08740234,0.9850734853602886,5.292859758649554,-8.747176482142283,2.7271052146673918,1.170101953405449,0.3338262347868365,0.3267100649985622,-0.1597170663162611,-0.080457304078816,-0.7838610741531877,-0.5455951285137719,-0.2289595660811789,19.95326771932309,-0.5492642032333461,30.61630218687873,28.429423459244536,66.99801192842942,62.42544731610338,49.64214711729623,59.81113320079523,25.92445328031809,64.49304174950298,41.15308151093439,39.62156931666392,34.88469184890656,True,-0.5190242909815734,False,False,False,False,False,False,STRESS,0.448,STRESS,RISK_ON,0.156,0.93,0.907,Process Industries,45.3,43.3,43.3,43.3,0.0,88.9,REJECTED,STRESS,0.448,0.136,0.2125,0.136,0.1105,0.255,46.8,False,False,NORMAL GİRİŞ,⭐,İşlem Açma,0.0,15.0,30.0,-0.1308529576753245,0.0333333333333333,-0.698864283433287,0.0804663215365764,2.1480590678858325,1.5797307520091677,54.72782258064516,0.15,False,"Energy Minerals · XOM, CVX, VLO",
2026-09-28,KDP,31.549999237060547,31.63999938964844,31.030000686645508,31.459999084472656,9861500.0,-1.5336515391735972,310242780.9715271,306183067.57440567,0.9771310801303964,0.7635716029575893,-1.3174432732978136,-6.08955497172341,1.6286004077258946,0.4590485548201395,-0.3735951870620611,0.7509264058814167,0.192704772894897,0.4601454800717788,0.1590148992386223,-0.1609283794616954,70.49169050857526,-1.0146272481920238,20.87475149105368,73.558648111332,42.74353876739563,61.0337972166998,56.610337972167,68.13121272365804,51.33200795228628,49.74155069582505,43.737574552683895,39.75195235105634,39.79324055666004,True,-0.5190242909815734,False,False,False,True,False,False,STRESS,0.448,STRESS,RISK_ON,0.156,0.93,0.907,Consumer Non-Durables,45.3,43.3,43.3,43.3,0.0,88.9,REJECTED,STRESS,0.448,0.136,0.2125,0.136,0.1105,0.255,54.5,False,False,NORMAL GİRİŞ,⭐,İşlem Açma,0.0,16.0,118.0,-0.2104737256454074,0.0084745762711864,-0.3645033970273883,-1.031861359948116,4.811055759167532,-1.542628257117662,22.47983870967742,0.15,True,"WMT, BRK-B, COST",
2026-09-28,RTX,187.82000732421875,189.58999633789065,186.80999755859372,187.66000366210935,3151200.0,-0.9186854754208662,591354203.5400391,697098100.2502441,0.808833720912325,3.736431666782924,-11.514521094818296,0.1761616730418858,0.9599044918867048,0.4423970737791476,-0.9747382390730486,-0.5688133530618978,0.4526515327067371,-0.3531262573993189,-0.2395663867391185,-0.0271106608309742,30.57577254514518,-0.3996611844392927,35.387673956262425,16.50099403578529,60.23856858846919,31.01391650099404,40.55666003976143,42.06759443339959,58.409542743538765,23.061630218687878,75.7455268389662,41.015827751532406,21.30019880715706,True,-0.5190242909815734,False,False,False,True,False,False,STRESS,0.448,STRESS,RISK_ON,0.156,0.93,0.907,Electronic Technology,45.3,43.3,43.3,43.3,0.0,88.9,REJECTED,STRESS,0.448,0.136,0.2125,0.136,0.1105,0.255,49.9,False,False,NORMAL GİRİŞ,⭐,İşlem Açma,0.0,1.0,13.0,-0.1712524359611602,0.0,-1.734018036381213,-3.837534486151572,0.0,3.1958933161834846,34.475806451612904,0.15,True,"Electronic Technology · GE, BA, HWM",
2026-09-28,BKR,58.060001373291016,58.18999862670898,57.09000015258789,57.119998931884766,7088800.0,-1.2277414433499945,404912248.4283447,473312640.02456665,0.8321941066222285,1.8842852456229076,-8.034134709572104,1.4384637398060065,1.9833189757533751,0.600643323401357,-0.2674445805569785,-1.0678334537009118,0.1272693103146446,-1.5569887143518055,-0.9045481658216524,0.0375080112196407,2.727165537283516,-0.708717152368421,26.44135188866799,33.59840954274354,62.82306163021869,33.79721669980119,49.67196819085487,38.111332007952285,50.29821073558648,35.30815109343936,64.41351888667992,34.971523710786,46.62027833001988,True,-0.5190242909815734,False,False,False,True,False,False,STRESS,0.448,STRESS,RISK_ON,0.156,0.93,0.907,Industrial Services,45.2,43.2,43.2,43.2,0.0,88.9,REJECTED,STRESS,0.448,0.136,0.2125,0.136,0.1105,0.255,46.5,False,False,NORMAL GİRİŞ,⭐,İşlem Açma,0.0,15.0,30.0,-0.1308529576753245,0.0333333333333333,-0.698864283433287,0.0804663215365764,1.174375978785891,2.553413841109109,56.784274193548384,0.15,True,"Energy Minerals · XOM, CVX, VLO",
2026-09-28,PEG,67.02999877929688,67.16999816894531,66.33999633789062,66.7300033569336,3363100.0,-0.4326966586961411,224419674.28970337,230169288.64485168,0.9614983260763288,1.1728564671107702,-9.000404531660177,-19.04645959367513,1.0104455103238728,0.3871300287545642,0.5228988975695195,-0.8362038312650393,-0.5587702527441836,-0.0095035621138927,-0.1957721297913411,-0.2678061014171712,46.98869381376965,0.0863276322854322,54.07554671968191,27.83300198807157,9.343936381709742,58.8469184890656,17.664015904572565,43.59840954274354,30.497017892644138,65.20874751491053,29.22465208747515,41.13525109111852,37.33996023856859,True,-0.5190242909815734,False,False,False,False,False,False,STRESS,0.448,STRESS,RISK_ON,0.156,0.93,0.907,Utilities,40.2,43.2,43.2,43.2,0.0,88.9,REJECTED,STRESS,0.448,0.136,0.2125,0.136,0.1105,0.255,41.1,False,False,NORMAL GİRİŞ,⭐,İşlem Açma,0.0,16.0,118.0,-0.2104737256454074,0.0084745762711864,-0.3645033970273883,-1.031861359948116,-1.6546418087210633,4.923069310770933,34.35483870967742,0.15,False,"WMT, BRK-B, COST",
2026-09-28,PRU,118.62000274658205,119.22000122070312,115.44000244140624,116.08999633789062,1510700.0,-2.812893006441397,175377157.46765137,171190004.0,0.9610020324362836,2.344999040876116,-3.555706290694838,6.309520455943796,1.4379340606565325,0.5611076913152673,-0.2747152514924302,1.6369423413821145,2.7746970708693666,-1.227845980551725,-0.6620396123136045,-0.060120872076409,17.19561128020474,-2.293868715459824,8.747514910536779,63.41948310139165,73.558648111332,58.64811133200796,68.99602385685884,80.42743538767395,43.061630218687874,49.98011928429424,15.904572564612328,33.76031659521729,51.656063618290254,True,-0.5190242909815734,False,False,False,False,False,False,STRESS,0.448,STRESS,RISK_ON,0.156,0.93,0.907,Finance,45.2,43.2,43.2,43.2,0.0,88.9,REJECTED,STRESS,0.448,0.136,0.2125,0.136,0.1105,0.255,50.2,False,False,NORMAL GİRİŞ,⭐,İşlem Açma,0.0,2.0,35.0,-0.113706142892541,0.0571428571428571,-2.0972182618281487,-1.937988913512056,1.7419187416806148,-2.3301565310201884,52.93346774193548,0.15,False,"Finance · JPM, BAC, GS",
2026-09-28,APO,120.83999633789062,120.83999633789062,118.70999908447266,119.0,3092600.0,-2.2105369277985565,368019400.0,331898258.0,1.158548349332709,3.687143053327288,-10.821342925659472,3.6314551946355462,1.6275799477194253,0.6087282456150971,-0.0995207230133572,-0.3623464651019516,0.8617018178246838,-1.3687496880148418,-0.7889661977985767,-0.2335275591947501,13.61508401299506,-1.691512636816983,12.326043737574553,18.886679920477132,67.9920477137177,83.69781312127238,45.89463220675945,62.9324055666004,17.773359840954274,69.22465208747516,48.9065606361829,31.84361575716432,54.357852882703774,True,-0.5190242909815734,False,False,False,False,False,False,STRESS,0.448,STRESS,RISK_ON,0.156,0.93,0.907,Finance,44.7,42.7,42.7,42.7,0.0,88.9,REJECTED,STRESS,0.448,0.136,0.2125,0.136,0.1105,0.255,47.8,False,False,NORMAL GİRİŞ,⭐,İşlem Açma,0.0,2.0,35.0,-0.113706142892541,0.0571428571428571,-2.0972182618281487,-1.937988913512056,-3.1653666160533893,2.577128826713816,62.752016129032256,0.15,False,"Finance · JPM, BAC, GS",
2026-09-28,CFG,65.37999725341797,65.38999938964844,64.6449966430664,64.80000305175781,3577600.0,-1.1139870916183958,231828490.91796875,245670875.64868164,0.9303462533643656,1.5609283447265625,-7.665997361416633,-7.993748329181027,1.6013593738396483,0.5413853303304228,-0.0439187813162233,-1.1027025172066147,0.1995759576042735,-1.1421867357174191,-0.6714630974203525,-0.0220212772003359,20.806152648772645,-0.5949628006368224,29.62226640159046,36.18290258449304,35.387673956262425,52.88270377733598,35.7455268389662,43.69781312127236,50.25844930417495,51.76938369781312,32.20675944333996,34.60745423108005,47.214711729622266,True,-0.5190242909815734,False,False,False,True,False,False,STRESS,0.448,STRESS,RISK_ON,0.156,0.93,0.907,Finance,44.6,42.6,42.6,42.6,0.0,88.9,REJECTED,STRESS,0.448,0.136,0.2125,0.136,0.1105,0.255,45.0,False,False,NORMAL GİRİŞ,⭐,İşlem Açma,0.0,2.0,35.0,-0.113706142892541,0.0571428571428571,-2.0972182618281487,-1.937988913512056,0.0,-0.5882377893395736,56.77419354838709,0.15,True,"Finance · JPM, BAC, GS",
2026-09-28,ARES,120.69000244140624,120.69000244140624,117.47000122070312,118.33999633789062,2419700.0,-3.007954867701823,286347289.13879395,226423656.3922882,1.1228462577205252,4.522427695138114,-16.901905527778503,9.981409235957829,1.861269164908968,1.090835065228057,0.5442825567452685,0.2647897752041531,0.7861728429361542,-1.0848441164955982,-0.5812136893084265,-0.2520664048476613,27.01847165752088,-2.4889305767202496,7.3558648111332,5.566600397614314,79.12524850894633,80.11928429423459,46.023856858846926,78.1013916500994,19.801192842942346,78.60834990059641,28.628230616302183,32.47520700670636,75.57256461232605,True,-0.5190242909815734,False,False,False,False,False,False,STRESS,0.448,STRESS,RISK_ON,0.156,0.93,0.907,Finance,46.3,42.4,42.4,42.4,0.0,88.9,REJECTED,STRESS,0.448,0.136,0.2125,0.136,0.1105,0.255,50.8,False,False,NORMAL GİRİŞ,⭐,İşlem Açma,0.0,2.0,35.0,-0.113706142892541,0.0571428571428571,-2.0972182618281487,-1.937988913512056,-2.775672873146906,2.1874350838073324,62.10685483870967,0.15,False,"Finance · JPM, BAC, GS",
2026-09-28,EXE,86.98999786376953,86.98999786376953,85.05999755859375,85.30999755859375,4480500.0,-1.761859562204171,382231444.0612793,262421710.37864685,1.4120171944332391,2.52800042288644,-12.948982083067603,-2.547409688606639,1.6559286931477195,0.5785891399777066,0.9969333128783668,-0.6046300420594428,0.0748901427210644,-1.3518269439763329,-0.7992228296747823,-0.2980459251897715,12.9533658274334,-1.2428352712225976,19.08548707753479,11.332007952286284,54.27435387673957,93.83697813121272,34.95029821073559,63.20079522862823,10.77534791252485,92.16699801192844,34.791252485089466,31.981221274592244,57.62624254473161,True,-0.5190242909815734,False,False,False,False,False,False,STRESS,0.448,STRESS,RISK_ON,0.156,0.93,0.907,Energy Minerals,44.4,42.4,42.4,42.4,0.0,88.9,REJECTED,STRESS,0.448,0.136,0.2125,0.136,0.1105,0.255,47.6,False,False,NORMAL GİRİŞ,⭐,İşlem Açma,0.0,15.0,30.0,-0.1308529576753245,0.0333333333333333,-0.698864283433287,0.0804663215365764,-0.2675961278339467,3.9953859477289466,60.1108870967742,0.15,False,"Energy Minerals · XOM, CVX, VLO",
2026-09-28,UDR,33.95000076293945,34.0,33.540000915527344,33.83000183105469,3989200.0,-0.0295458672816772,134954643.30444336,134344147.6316452,0.995421142593355,0.5757135663713727,-8.764827855839563,-15.698973757650926,0.7195140342119436,0.3548794733823218,0.641102578508875,-0.3235259604545081,-1.0495600445788933,0.4131893508367614,0.0260913373028378,-0.3578498502998042,63.043802763173176,0.4894784236998961,65.60636182902584,28.23061630218688,14.512922465208748,64.21471172962227,20.685884691848905,45.67594433399602,28.42942345924453,70.81510934393638,8.747514910536779,49.33718345723183,39.443339960238575,True,-0.5190242909815734,False,False,False,False,False,False,STRESS,0.448,STRESS,RISK_ON,0.156,0.93,0.907,Real Estate,39.4,42.4,42.4,42.4,0.0,88.9,REJECTED,STRESS,0.448,0.136,0.2125,0.136,0.1105,0.255,38.1,False,False,NORMAL GİRİŞ,⭐,İşlem Açma,0.0,16.0,118.0,-0.2104737256454074,0.0084745762711864,-0.3645033970273883,-1.031861359948116,1.8907203608279743,1.3777071412218955,26.75403225806452,0.15,False,"WMT, BRK-B, COST",
2026-09-28,CBRE,133.3300018310547,133.3300018310547,128.6199951171875,130.35000610351562,2640100.0,-3.1215138260729414,344137051.1138916,265543552.29034424,1.344622985051822,4.052855355398996,-11.459036745336482,-4.217792561161271,2.096314732475454,1.0258594498374092,1.4891138532566943,1.2326989709404468,0.3254793548714524,-0.5890119716195108,-0.4306766016036284,-0.290082169095109,36.73054183202397,-2.602489535091368,6.759443339960239,16.69980119284294,48.9065606361829,92.04771371769384,34.413518886679924,90.337972166998,20.95427435387674,93.3200795228628,35.58648111332008,28.792338477436992,73.99005964214712,True,-0.5190242909815734,False,False,False,False,False,False,STRESS,0.448,STRESS,RISK_ON,0.156,0.93,0.907,Finance,45.9,42.3,42.3,42.3,0.0,88.9,REJECTED,STRESS,0.448,0.136,0.2125,0.136,0.1105,0.255,59.2,False,False,NORMAL GİRİŞ,⭐,İşlem Açma,0.0,11.0,61.0,-0.1802464195556996,0.0,-1.0560686257066632,-4.935067061756293,-6.220498085781635,4.454837239093646,34.95967741935483,0.15,False,"CRM, NFLX, NOW",
2026-09-28,CVS,89.51000213623047,90.0199966430664,87.83000183105469,87.8499984741211,7900300.0,-1.436103241041886,694041342.9450989,627896663.9961243,1.040628410316056,2.450000217982701,-5.456308142357846,-15.186330880361943,1.814917389082824,0.4428569704081675,0.2851314304751638,0.0096717012916208,0.2409090179495439,-1.4059476115861689,-0.881053451176985,-0.1869196877762419,0.9130908875549996,-0.9170789500603128,22.0675944333996,51.88866799204771,15.705765407554672,69.78131212723659,31.98807157057654,66.63021868787277,24.294234592445328,67.79324055666004,73.75745526838966,24.98395322394437,38.74950298210736,True,-0.5190242909815734,False,False,False,False,False,False,STRESS,0.448,STRESS,RISK_ON,0.156,0.93,0.907,Retail Trade,44.3,42.3,42.3,42.3,0.0,88.9,REJECTED,STRESS,0.448,0.136,0.2125,0.136,0.1105,0.255,55.6,False,False,NORMAL GİRİŞ,⭐,İşlem Açma,0.0,14.0,9.0,-0.1590686644642772,0.0,0.7983562510587072,2.2917656692236337,1.190285020468862,-0.213879229493652,42.17741935483871,0.15,False,"Health Services · UNH, CVS, ELV",
2026-09-28,PAYX,100.08000183105467,100.9000015258789,98.91000366210938,99.3000030517578,3448300.0,-2.0420239111555216,342416200.52337646,329397239.786911,1.028172394720639,3.054285321916853,-21.489561154524186,-0.510967787037564,2.288212074143101,0.7753282237519582,0.5959964852214982,-0.4618154234937087,0.3800851015254214,-1.021442934766438,-0.5108040393661846,-0.1503242620566289,19.597980316907755,-1.5229996201739482,15.109343936381707,2.584493041749503,58.25049701789264,67.59443339960238,33.20079522862823,62.2962226640159,33.83697813121272,72.1272365805169,48.31013916500994,30.959798031690774,63.003976143141145,True,-0.5190242909815734,False,False,False,False,False,False,STRESS,0.448,STRESS,RISK_ON,0.156,0.93,0.907,Technology Services,44.3,42.3,42.3,42.3,0.0,88.9,REJECTED,STRESS,0.448,0.136,0.2125,0.136,0.1105,0.255,52.9,False,False,NORMAL GİRİŞ,⭐,İşlem Açma,0.0,11.0,61.0,-0.1802464195556996,0.0,-1.0560686257066632,-4.935067061756293,-10.900358952633082,9.134698105945091,37.11693548387097,0.15,False,"CRM, NFLX, NOW",
2026-09-28,WDAY,184.4499969482422,190.94000244140625,181.47000122070312,188.6000061035156,2132500.0,-0.4486623691837721,402189513.0157471,439511014.6316528,0.6859217968738692,6.748571123395648,-2.567543470829348,52.61369647476584,2.8678112196856547,1.0580181417023766,-1.120838721436475,0.8945076024057144,-1.090842812518315,0.8094660070965745,0.4753968573665944,-0.3079394929006812,75.29043256325065,0.0703619217978013,53.677932405566594,67.9920477137177,99.20477137176938,11.928429423459244,85.15904572564612,39.16500994035785,37.17693836978131,9.383697813121271,60.23856858846919,59.99126989648411,68.32007952286283,True,-0.5190242909815734,False,False,False,False,False,False,STRESS,0.448,STRESS,RISK_ON,0.156,0.93,0.907,Technology Services,39.9,42.3,42.3,42.3,0.0,88.9,REJECTED,STRESS,0.448,0.136,0.2125,0.136,0.1105,0.255,36.8,False,False,NORMAL GİRİŞ,⭐,İşlem Açma,0.0,11.0,61.0,-0.1802464195556996,0.0,-1.0560686257066632,-4.935067061756293,1.0294384291108072,-2.795099275798796,22.741935483870968,0.15,False,"CRM, NFLX, NOW",
2026-09-28,AOS,58.16999816894531,58.68999862670898,57.630001068115234,58.380001068115234,1138800.0,-0.4603588247896861,66483145.21636963,77254346.38595581,0.768625915814269,1.1628573281424386,-5.762710140249827,-5.350192820824851,1.3599700935367764,0.7624339269817393,-0.8616586760554849,-0.0044106634717932,-0.7508007202669393,0.7651929372172099,0.3174560589048195,-0.1975536806461231,70.75487994472275,0.0586654661918872,53.08151093439364,50.09940357852882,45.32803180914513,23.26043737574553,47.47514910536779,36.76938369781312,50.09940357852882,19.60238568588469,1.3916500994035783,49.8448716922854,62.11729622266401,True,-0.5190242909815734,False,False,False,True,False,False,STRESS,0.448,STRESS,RISK_ON,0.156,0.93,0.907,Industrials,39.2,42.2,42.2,42.2,0.0,88.9,REJECTED,STRESS,0.448,0.136,0.2125,0.136,0.1105,0.255,30.3,False,False,NORMAL GİRİŞ,⭐,İşlem Açma,0.0,5.0,58.0,-0.1344888979117103,0.0517241379310344,2.951486161549844,0.7464781743023456,1.2447480278312997,-4.231378861811674,53.19556451612903,0.15,True,"HD, DE, LOW",
2026-09-28,RSG,212.0500030517578,214.47999572753903,211.3000030517578,212.92999267578125,993900.0,0.3913185046588552,211631119.72045895,365362408.0970764,0.5823194935537074,3.355711800711496,-2.891415754192894,-0.815170171519819,0.8726487815663424,0.4219216573675149,-1.4453747232113352,0.0988531227560689,-0.4631763769449837,0.5257841312798911,0.1383613078443792,-0.250699226621536,51.25765340396538,0.9103427956404286,78.72763419483101,65.60636182902584,57.65407554671968,3.5785288270377733,61.232604373757454,37.5844930417495,40.55666003976143,2.862823061630219,51.88866799204771,59.73809138413411,29.45328031809145,True,-0.5190242909815734,False,False,True,False,False,False,STRESS,0.448,STRESS,RISK_ON,0.156,0.93,0.907,Industrial Services,39.2,42.2,42.2,42.2,0.0,88.9,REJECTED,STRESS,0.448,0.136,0.2125,0.136,0.1105,0.255,34.4,True,False,NORMAL GİRİŞ,⭐,İşlem Açma,0.0,16.0,118.0,-0.2104737256454074,0.0084745762711864,-0.3645033970273883,-1.031861359948116,1.6003138983081535,1.6681136037417166,27.399193548387096,0.15,False,"WMT, BRK-B, COST",
2026-09-28,F,12.630000114440918,12.670000076293944,12.289999961853027,12.380000114440918,45432600.0,-2.5963801944580145,562455593.1993484,622761062.0891571,0.9284666860878056,0.4164287703377859,-11.254479466373349,-11.697574076740958,2.133920815495401,0.6093734992894606,-0.0768497798741684,0.1299849468907478,1.3927399101877465,-0.8776924901965109,-0.585525863388705,-0.252800889104027,23.68424354826971,-2.077355903476441,10.139165009940358,17.495029821073558,26.043737574552683,52.48508946322068,22.19681908548708,68.220675944334,21.669980119284293,50.81510934393639,73.558648111332,20.47279811228224,51.73956262425448,True,-0.5190242909815734,False,False,False,False,False,False,STRESS,0.448,STRESS,RISK_ON,0.156,0.93,0.907,Consumer Durables,44.1,42.1,42.1,42.1,0.0,88.9,REJECTED,STRESS,0.448,0.136,0.2125,0.136,0.1105,0.255,51.8,False,False,NORMAL GİRİŞ,⭐,İşlem Açma,0.0,5.0,58.0,-0.1344888979117103,0.0517241379310344,2.951486161549844,0.7464781743023456,-7.246714095562123,4.260083261581748,66.70362903225806,0.15,False,"HD, DE, LOW",
2026-09-28,SNPS,421.30999755859375,427.510009765625,417.1099853515625,417.6099853515625,1546800.0,-1.9142296662734928,645959125.3417969,693981338.7054443,0.8093471538377015,13.28857421875,-10.17015092784045,-6.6292569531005485,2.675443458432644,0.9716403033890127,-0.2832549080177897,-0.2758863462060121,0.2131479523295605,-1.0190466275134924,-0.6572118149700108,-0.1229584820890599,4.807681021632217,-1.3952053752919191,16.50099403578529,21.669980119284293,41.15308151093439,31.411530815109344,32.38568588469185,50.089463220675945,37.9324055666004,33.39960238568588,75.54671968190854,24.25213987154692,61.94632206759444,True,-0.5190242909815734,False,False,False,False,False,False,STRESS,0.448,STRESS,RISK_ON,0.156,0.93,0.907,Technology Services,44.1,42.1,42.1,42.1,0.0,88.9,REJECTED,STRESS,0.448,0.136,0.2125,0.136,0.1105,0.255,48.2,False,False,NORMAL GİRİŞ,⭐,İşlem Açma,0.0,3.0,98.0,0.0280415811195512,0.0510204081632653,1.926375573838679,8.561067407099477,3.698733732258652,-3.2709652817595414,67.69153225806453,0.15,False,"Electronic Technology · MU, NVDA, SNDK",
2026-09-28,AIG,74.05999755859375,74.25,72.62999725341797,72.77999877929688,4038700.0,-1.8740722987241831,293936581.0699463,301363059.15756226,0.9343176129291956,1.3592850821358815,-5.024143573930728,-3.115017599445058,0.8969023664981112,0.4560285031093635,0.5630357935235786,0.8101619340759868,0.9902398656212138,-1.382127531006953,-0.803701898397359,-0.124082637585462,9.259337750839467,-1.3550480077426097,17.296222664015904,54.47316103379721,52.683896620278325,54.07554671968191,53.48906560636183,81.64015904572564,33.12127236580517,63.37972166998012,42.14711729622266,30.68040693611775,34.99602385685885,True,-0.5190242909815734,False,False,False,False,False,False,STRESS,0.448,STRESS,RISK_ON,0.156,0.93,0.907,Finance,44.0,42.0,42.0,42.0,0.0,88.9,REJECTED,STRESS,0.448,0.136,0.2125,0.136,0.1105,0.255,55.5,False,False,NORMAL GİRİŞ,⭐,İşlem Açma,0.0,16.0,118.0,-0.2104737256454074,0.0084745762711864,-0.3645033970273883,-1.031861359948116,-0.2933946778647054,3.5618221799145755,31.6733870967742,0.15,False,"WMT, BRK-B, COST",
2026-09-28,CEG,261.75,262.6600036621094,257.3800048828125,260.42999267578125,2060900.0,-1.0787391105725797,536720171.9055176,739907296.9848633,0.7142683852453618,8.743929181780134,-7.783013110094816,0.4280397484888398,2.593748568650948,1.0042036988436305,-1.0028331385017846,-0.851980760157432,-0.1263319509492665,0.0743925403471554,-0.0270863797936595,-0.2090962860950316,57.76493367627084,-0.5597148195910062,30.218687872763415,35.387673956262425,61.0337972166998,15.50695825049702,49.493041749502986,29.60238568588469,38.60834990059642,12.962226640159049,77.33598409542743,38.89080748293524,62.0,True,-0.5190242909815734,False,False,False,False,False,False,STRESS,0.448,STRESS,RISK_ON,0.156,0.93,0.907,Utilities,43.9,41.9,41.9,41.9,0.0,88.9,REJECTED,STRESS,0.448,0.136,0.2125,0.136,0.1105,0.255,38.5,False,False,NORMAL GİRİŞ,⭐,İşlem Açma,0.0,3.0,98.0,0.0280415811195512,0.0510204081632653,1.926375573838679,8.561067407099477,-0.8640719485733195,1.2918403990724303,76.60282258064515,0.15,False,"Electronic Technology · MU, NVDA, SNDK",
2026-09-28,AJG,230.0,232.80999755859372,226.9499969482422,229.4600067138672,1530400.0,-0.7096492195304616,351165594.27490234,362765807.1586609,1.069021158292528,6.499998910086496,-11.797037588365477,1.030295312551588,1.999456881284858,0.7534271625453104,0.4288178044543268,-0.2154745059838539,-0.8421558645907079,-0.1747670123917337,-0.1203048632828265,-0.3587300495019627,42.832926692722914,-0.1906249285488881,42.94234592445328,15.308151093439363,62.02783300198808,74.35387673956262,41.00397614314116,50.66600397614314,20.27833001988072,73.39960238568588,51.689860834990064,46.47514157583293,62.1868787276342,True,-0.5190242909815734,False,False,False,False,False,False,STRESS,0.448,STRESS,RISK_ON,0.156,0.93,0.907,Finance,43.7,41.7,41.7,41.7,0.0,88.9,REJECTED,STRESS,0.448,0.136,0.2125,0.136,0.1105,0.255,46.3,False,False,NORMAL GİRİŞ,⭐,İşlem Açma,0.0,16.0,118.0,-0.2104737256454074,0.0084745762711864,-0.3645033970273883,-1.031861359948116,-0.95409117909207,4.22251868114194,33.024193548387096,0.15,False,"WMT, BRK-B, COST",
2026-09-28,CME,266.0899963378906,268.20001220703125,262.510009765625,263.239990234375,1335700.0,-0.4688523519523091,351609654.9560547,460668725.53845215,0.6916192236694602,5.954997471400669,-6.300281115407202,20.43187402066749,1.4002962510619057,0.5489535728931182,-1.3072523233693385,0.1911089896267296,-0.5145216711204256,-1.6020463169933548,-0.6342748726200054,-0.1167307230451884,12.829176722982034,0.0501719390292643,52.683896620278325,45.72564612326044,90.65606361829026,12.326043737574553,70.43737574552685,39.39363817097415,33.00198807157057,8.508946322067594,63.81709741550696,50.16562144963419,40.48707753479125,True,-0.5190242909815734,False,False,False,False,False,False,STRESS,0.448,STRESS,RISK_ON,0.156,0.93,0.907,Finance,38.7,41.7,41.7,41.7,0.0,88.9,REJECTED,STRESS,0.448,0.136,0.2125,0.136,0.1105,0.255,36.2,False,False,NORMAL GİRİŞ,⭐,İşlem Açma,0.0,16.0,118.0,-0.2104737256454074,0.0084745762711864,-0.3645033970273883,-1.031861359948116,-2.392740905336793,5.661168407386663,35.50403225806452,0.15,False,"WMT, BRK-B, COST",
2026-09-28,JBHT,224.6300048828125,229.3699951171875,223.8699951171875,226.07000732421875,958300.0,0.2705582330287504,216642888.01879883,244639139.1708374,0.7864652151433331,8.473575047084264,-14.169100070534656,-21.47347690985489,3.407251547945815,0.9551264540521436,0.0874668282603295,-0.763978408101431,-0.9811277101299948,0.1878539248424787,0.0078208229758522,-0.2000793191364574,40.00022194602273,0.7895825240103238,76.54075546719682,9.145129224652088,6.958250497017893,27.037773359840955,7.9423459244532815,29.055666003976143,41.51093439363817,38.72763419483101,31.610337972166995,47.13620509718677,73.20874751491054,True,-0.5190242909815734,False,False,True,False,False,False,STRESS,0.448,STRESS,RISK_ON,0.156,0.93,0.907,Transportation,40.0,41.5,41.5,41.5,0.0,88.9,REJECTED,STRESS,0.448,0.136,0.2125,0.136,0.1105,0.255,35.2,False,False,NORMAL GİRİŞ,⭐,İşlem Açma,0.0,4.0,10.0,-0.1381315028332713,0.0,1.8642427892004376,-4.648592127244914,-4.437566236445684,5.934404401752658,42.99899193548387,0.15,False,"Transportation · UNP, FDX, CSX",
2026-09-28,MCO,462.8800048828125,464.1300048828125,457.9800109863281,460.0799865722656,751900.0,-1.839134928581576,345934141.9036865,322162711.41815186,1.065187672212896,10.019287109375,-9.614556093618,1.6234812299307677,1.5170323903169087,0.7290680047760401,0.0645720767286045,0.3762272679660552,0.587326591094919,-0.7077401799716018,-0.3792738297861783,-0.188646658548703,34.14597837467684,-1.3201106376000027,18.09145129224652,23.856858846918488,63.41948310139165,73.75745526838966,45.61630218687873,73.82703777335983,31.610337972167,66.28230616302187,46.91848906560636,36.1670829269309,55.29821073558648,True,-0.5190242909815734,False,False,False,False,False,False,STRESS,0.448,STRESS,RISK_ON,0.156,0.93,0.907,Commercial Services,43.5,41.5,41.5,41.5,0.0,88.9,REJECTED,STRESS,0.448,0.136,0.2125,0.136,0.1105,0.255,54.3,False,False,NORMAL GİRİŞ,⭐,İşlem Açma,0.0,11.0,61.0,-0.1802464195556996,0.0,-1.0560686257066632,-4.935067061756293,1.2311306275181175,-2.996791474206107,22.217741935483872,0.15,False,"CRM, NFLX, NOW",
2026-09-28,RF,27.56999969482422,27.56999969482422,27.200000762939453,27.26000022888184,12374100.0,-1.303405501133048,337317968.8322067,216292105.8389664,1.508482861778786,0.601428713117327,-10.328946615520271,-9.943838028140616,1.463755678539205,0.5345121223051563,1.38226144336523,-0.7305428145160738,0.0065059395918368,-1.2028201203463464,-0.748650160320848,-0.3232230490716515,16.216118688977556,-0.7843812101514747,25.64612326043737,21.07355864811133,30.417495029821072,95.6262425447316,26.21272365805169,61.38170974155069,11.21272365805169,95.0695825049702,26.44135188866799,31.030160576651237,54.337972166998014,True,-0.5190242909815734,False,False,False,False,False,False,STRESS,0.448,STRESS,RISK_ON,0.156,0.93,0.907,Finance,43.3,41.3,41.3,41.3,0.0,88.9,REJECTED,STRESS,0.448,0.136,0.2125,0.136,0.1105,0.255,46.1,False,False,NORMAL GİRİŞ,⭐,İşlem Açma,0.0,2.0,35.0,-0.113706142892541,0.0571428571428571,-2.0972182618281487,-1.937988913512056,-0.7179140378274163,0.1296762484878426,58.49798387096774,0.15,False,"Finance · JPM, BAC, GS",
2026-09-28,ATO,157.5500030517578,157.8000030517578,156.33999633789062,157.0500030517578,1039100.0,-0.1017770213575519,163190658.17108154,162499519.27719116,1.0298978625976896,2.1671458653041293,-6.081806571129167,-10.175015413087507,0.6902775677968604,0.3682156113568324,0.1730647873027596,-1.0367676694078485,-1.134905978696516,-0.0118291575145643,-0.169174775038408,-0.2650531901835662,48.630373211542285,0.4172472696240215,63.02186878727635,47.91252485089464,28.82703777335984,68.19085487077535,37.415506958250496,29.860834990059644,30.65606361829025,64.85089463220677,14.512922465208748,51.173176486164174,37.79522862823062,True,-0.5190242909815734,False,False,False,False,False,False,STRESS,0.448,STRESS,RISK_ON,0.156,0.93,0.907,Utilities,38.2,41.2,41.2,41.2,0.0,88.9,REJECTED,STRESS,0.448,0.136,0.2125,0.136,0.1105,0.255,34.0,False,False,NORMAL GİRİŞ,⭐,İşlem Açma,0.0,16.0,118.0,-0.2104737256454074,0.0084745762711864,-0.3645033970273883,-1.031861359948116,1.2969211356102686,1.9715063664396013,28.00403225806452,0.15,False,"WMT, BRK-B, COST",
2026-09-28,TPR,112.94000244140624,114.58999633789062,112.56999969482422,113.4499969482422,2464600.0,-0.3775907231705511,279608862.4786377,352084793.0,0.7568468909733279,3.2114295959472656,-7.943851875817764,-22.591432213262696,1.6099617267758617,0.799503568487977,-0.2691626571309084,-0.7871336401312282,-0.8652001757149368,0.177697622530878,0.0428200479670651,-0.2674495457172609,43.56429286348271,0.1414335678110223,55.46719681908549,34.59244532803181,6.36182902584493,21.669980119284293,19.065606361829023,25.904572564612327,33.08151093439364,27.952286282306165,51.0934393638171,37.65265195036418,57.74751491053678,True,-0.5190242909815734,False,False,False,False,False,False,STRESS,0.448,STRESS,RISK_ON,0.156,0.93,0.907,Retail Trade,38.2,41.2,41.2,41.2,0.0,88.9,REJECTED,STRESS,0.448,0.136,0.2125,0.136,0.1105,0.255,33.5,False,False,NORMAL GİRİŞ,⭐,İşlem Açma,0.0,5.0,58.0,-0.1344888979117103,0.0517241379310344,2.951486161549844,0.7464781743023456,-0.9121604532500216,-2.0744703807303533,57.59072580645161,0.15,False,"HD, DE, LOW",
2026-09-28,FLEX,112.5,114.37000274658205,110.27999877929688,113.04000091552734,2347500.0,-1.430065735336783,265361402.14920044,328796299.9519348,0.7047390889277159,5.367142268589565,-1.9601032822833095,-29.15517616224158,2.9852732098651207,1.6556685225295198,-1.0791839899849731,-0.1282613361759002,-0.3049802979741299,0.6799164378536575,0.2517113890521093,-0.0823358831877171,67.48164936530587,-0.9110414443552096,22.46520874751491,70.9741550695825,2.783300198807157,14.314115308151091,33.46918489065606,38.39960238568588,65.4075546719682,11.292246520874752,47.91252485089464,28.594089389810907,70.65606361829026,True,-0.5190242909815734,False,False,False,True,False,False,STRESS,0.448,STRESS,RISK_ON,0.156,0.93,0.907,Electronic Technology,44.1,41.0,41.0,41.0,0.0,88.9,REJECTED,STRESS,0.448,0.136,0.2125,0.136,0.1105,0.255,43.0,False,False,NORMAL GİRİŞ,⭐,İşlem Açma,0.0,3.0,98.0,0.0280415811195512,0.0510204081632653,1.926375573838679,8.561067407099477,1.058125031359458,-0.6303565808603473,72.08669354838709,0.15,True,"Electronic Technology · MU, NVDA, SNDK",
2026-09-28,NTRS,175.85000610351562,176.1199951171875,173.60000610351562,174.5500030517578,811200.0,-0.6714805124167667,141594962.47558594,165723655.5227356,0.830798537499616,4.077140808105469,-6.29194016655511,-0.2058183913110634,1.4497012929197262,0.5680358838708676,-0.6867350723746549,-1.092949300378818,-0.2101015718531837,-0.8095847729880659,-0.3674613987284287,0.0732308448939406,37.69845594913715,-0.1524562214351932,43.93638170974155,46.12326043737575,59.24453280318092,33.59840954274354,53.339960238568594,30.864811133200792,61.07355864811133,28.27037773359841,15.109343936381707,47.2290901277169,48.81908548707754,True,-0.5190242909815734,False,False,False,True,False,False,STRESS,0.448,STRESS,RISK_ON,0.156,0.93,0.907,Financials,42.8,40.8,40.8,40.8,0.0,88.9,REJECTED,STRESS,0.448,0.136,0.2125,0.136,0.1105,0.255,36.3,False,False,NORMAL GİRİŞ,⭐,İşlem Açma,0.0,2.0,35.0,-0.113706142892541,0.0571428571428571,-2.0972182618281487,-1.937988913512056,1.3416873985634292,-1.9299251879030028,53.69959677419354,0.15,True,"Finance · JPM, BAC, GS",
2026-09-28,ED,103.18000030517578,103.75,102.33000183105467,102.83000183105467,1944200.0,-0.2618784161613541,199922089.5599365,196925017.8340912,0.953097616275507,1.5250015258789062,-3.6179568553241226,-8.424613205935804,0.8512133248252255,0.3858033133257826,-0.2731730571977442,-0.100542062687659,-0.9104863699084742,-0.3010202444691476,-0.2735907093196935,-0.2438818317009294,35.2113130097463,0.2571458748202193,58.25049701789264,62.62425447316103,34.1948310139165,57.45526838966203,46.98807157057654,41.53081510934394,29.860834990059644,49.34393638170975,21.868787276341948,48.29349710614361,37.92445328031809,True,-0.5190242909815734,False,False,False,False,False,False,STRESS,0.448,STRESS,RISK_ON,0.156,0.93,0.907,Utilities,37.7,40.7,40.7,40.7,0.0,88.9,REJECTED,STRESS,0.448,0.136,0.2125,0.136,0.1105,0.255,35.7,False,False,NORMAL GİRİŞ,⭐,İşlem Açma,0.0,16.0,118.0,-0.2104737256454074,0.0084745762711864,-0.3645033970273883,-1.031861359948116,1.0760380943243333,2.192389407725537,28.608870967741936,0.15,False,"WMT, BRK-B, COST",
2026-09-28,EFX,146.67999267578125,147.41000366210938,143.74000549316406,145.77999877929688,2323500.0,-1.5731563172323937,338719827.1636963,242799746.74987796,1.515907734163217,5.242853437151227,-23.41878610039039,-8.065839200796566,2.0322083375296245,1.235055663317961,1.234834457145376,-0.2788069866083748,-0.6084720793601636,0.0198275503966038,-0.0489110956813863,-0.2815848702849121,55.58567585659225,-1.0541320262508205,20.47713717693837,1.7892644135188869,35.188866799204774,95.82504970178928,20.159045725646124,60.87475149105367,29.22465208747515,94.23459244532803,31.21272365805169,34.57248408665326,75.56660039761431,True,-0.5190242909815734,False,False,False,False,False,False,STRESS,0.448,STRESS,RISK_ON,0.156,0.93,0.907,Commercial Services,44.7,40.7,40.7,40.7,0.0,88.9,REJECTED,STRESS,0.448,0.136,0.2125,0.136,0.1105,0.255,52.1,False,False,NORMAL GİRİŞ,⭐,İşlem Açma,0.0,11.0,61.0,-0.1802464195556996,0.0,-1.0560686257066632,-4.935067061756293,-5.335493979598617,3.5698331329106274,33.87096774193549,0.15,False,"CRM, NFLX, NOW",
2026-09-28,HONA,157.30999755859375,158.0,151.85000610351562,152.32000732421875,3699400.0,-4.068517133607907,563492635.0952148,584336709.5476074,0.8864893879595216,6.111428397042411,-5.2441634063957965,-30.82337648202972,2.789700455914805,0.747837871763337,0.0695269959164507,0.8793654755565542,1.2349558793759403,-1.3260077502220606,-0.8310562566059458,-0.1296907450122799,7.642303856135528,-3.549492842626333,2.783300198807157,52.683896620278325,1.7892644135188869,43.93638170974155,24.69184890656064,77.10735586481113,32.88270377733598,48.46918489065607,72.36580516898609,12.436198576468424,58.04572564612327,True,-0.5190242909815734,False,False,False,False,False,False,STRESS,0.448,STRESS,RISK_ON,0.156,0.93,0.907,Electronic Technology,42.7,40.7,40.7,40.7,0.0,88.9,REJECTED,STRESS,0.448,0.136,0.2125,0.136,0.1105,0.255,57.2,False,False,NORMAL GİRİŞ,⭐,İşlem Açma,0.0,,,,,,,,,50.0,0.15,False,,
2026-09-28,SWK,90.01000213623047,90.58999633789062,88.61000061035156,88.7300033569336,1767000.0,-2.921223330821643,156785915.93170166,142640530.2368164,1.04450526390457,2.4578568594796315,-10.590484323928251,-5.253600259547686,1.847924369390772,0.8894869895376651,0.2487568269846088,0.5673273462594356,1.053070741080504,-1.3962355162087003,-0.7742411048003638,-0.0989054258112386,6.060757854825409,-2.402199039840069,7.5546719681908545,19.880715705765407,45.52683896620278,70.17892644135189,33.986083499005964,79.21471172962227,36.38170974155069,67.63419483101393,10.934393638170974,24.8893759842897,72.20675944333996,True,-0.5190242909815734,False,False,False,False,False,False,STRESS,0.448,STRESS,RISK_ON,0.156,0.93,0.907,Consumer Durables,44.0,40.7,40.7,40.7,0.0,88.9,REJECTED,STRESS,0.448,0.136,0.2125,0.136,0.1105,0.255,50.4,False,False,NORMAL GİRİŞ,⭐,İşlem Açma,0.0,5.0,58.0,-0.1344888979117103,0.0517241379310344,2.951486161549844,0.7464781743023456,-1.1918470828543135,-1.7947837511260611,58.296370967741936,0.15,False,"HD, DE, LOW",
2026-09-28,TRMB,56.79999923706055,57.63999938964844,56.0099983215332,57.5099983215332,2532100.0,-0.5877271591286037,145621066.74995422,126714700.85811616,0.697099799440305,1.4214284079415458,-6.548589012783223,13.275553124942284,1.5118013828410537,0.7539821538296776,-0.0708042145623652,0.9599719947247408,-0.8238811612997889,1.235131775283542,0.6582811640669796,-0.1625550912279849,92.02447957500088,-0.0687028681470303,47.713717693836976,43.538767395626245,83.89662027833002,13.518886679920476,65.73558648111333,53.22067594433399,61.789264413518886,27.594433399602387,7.157057654075547,57.3624877189315,60.067594433399606,True,-0.5190242909815734,False,False,False,True,False,False,STRESS,0.448,STRESS,RISK_ON,0.156,0.93,0.907,Information Technology,42.6,40.6,40.6,40.6,0.0,88.9,REJECTED,STRESS,0.448,0.136,0.2125,0.136,0.1105,0.255,41.5,False,False,NORMAL GİRİŞ,⭐,İşlem Açma,0.0,11.0,61.0,-0.1802464195556996,0.0,-1.0560686257066632,-4.935067061756293,2.343734442388834,-4.109395289076823,20.201612903225808,0.15,True,"CRM, NFLX, NOW",
2026-09-28,CCI,67.68000030517578,67.81999969482422,66.16999816894531,67.0999984741211,3164200.0,-1.090798796750847,212317815.171814,229450583.0932617,0.9084136351043504,1.906427655901228,-10.56910772474864,-14.663616337121844,1.5213467557233689,0.5521324534933207,-0.1312145861810656,-0.0484957054900996,-0.0071700943847758,0.0695553574804081,-0.0881825411871326,-0.1326983687764495,56.3636027354822,-0.5717745057692736,30.019880715705767,20.07952286282306,17.892644135188867,49.50298210735586,18.87673956262426,55.88469184890656,49.18489065606362,47.91252485089463,29.02584493041749,33.58566444849852,48.0258449304175,True,-0.5190242909815734,False,False,False,True,False,False,STRESS,0.448,STRESS,RISK_ON,0.156,0.93,0.907,Finance,42.1,40.1,40.1,40.1,0.0,88.9,REJECTED,STRESS,0.448,0.136,0.2125,0.136,0.1105,0.255,46.9,False,False,NORMAL GİRİŞ,⭐,İşlem Açma,0.0,16.0,118.0,-0.2104737256454074,0.0084745762711864,-0.3645033970273883,-1.031861359948116,-6.29061910555802,9.55904660760789,38.40725806451613,0.15,True,"WMT, BRK-B, COST",
2026-09-28,KHC,23.57999992370605,23.780000686645508,23.45199966430664,23.559999465942383,9703900.0,-0.2962323203990702,228623878.8175583,444905726.1312561,0.4170262251345981,0.5796428407941546,-6.247515057929231,-2.6043841837851134,1.225810284586751,0.6313281147285743,-1.050949018112361,-1.2433617209581465,-0.8794434997514555,-0.2832267516746501,-0.2152462391040141,-0.0900014855450765,32.926666162694005,0.2227919705825032,57.85288270377733,46.52087475149106,53.87673956262425,0.5964214711729622,50.56660039761432,12.206759443339962,51.01391650099403,3.3001988071570576,61.63021868787276,47.62566860434096,40.165009940357855,True,-0.5190242909815734,False,False,False,True,False,False,STRESS,0.448,STRESS,RISK_ON,0.156,0.93,0.907,Consumer Non-Durables,37.0,40.0,40.0,40.0,0.0,88.9,REJECTED,STRESS,0.448,0.136,0.2125,0.136,0.1105,0.255,32.0,False,False,NORMAL GİRİŞ,⭐,İşlem Açma,0.0,16.0,118.0,-0.2104737256454074,0.0084745762711864,-0.3645033970273883,-1.031861359948116,-1.2560077047167717,4.524435206766642,33.72983870967742,0.15,True,"WMT, BRK-B, COST",
2026-09-28,SCHW,98.79000091552734,99.01000213623048,97.75,98.3000030517578,6030600.0,-0.7371460532539897,592807998.4039307,760210231.4052734,0.6977462608339494,2.402857099260603,-9.023597360705404,8.558810659036787,1.6909226176050358,0.3769136221643865,-0.8158232178234976,-1.501821062951994,2.6373759376003647e-05,-0.5519806979211064,-0.2448383600462607,-0.2055772162920408,43.65096184703695,-0.2181217622724163,41.94831013916501,27.634194831013914,76.34194831013916,13.717693836978132,54.42345924453281,27.117296222664013,31.689860834990057,14.194831013916502,77.9324055666004,44.67622938549892,32.64811133200796,True,-0.5190242909815734,False,False,False,False,False,False,STRESS,0.448,STRESS,RISK_ON,0.156,0.93,0.907,Finance,42.0,40.0,40.0,40.0,0.0,88.9,REJECTED,STRESS,0.448,0.136,0.2125,0.136,0.1105,0.255,36.1,False,False,NORMAL GİRİŞ,⭐,İşlem Açma,0.0,2.0,35.0,-0.113706142892541,0.0571428571428571,-2.0972182618281487,-1.937988913512056,-4.227217991448328,3.6389802021087543,64.28427419354838,0.15,False,"Finance · JPM, BAC, GS",
2026-09-28,WTW,292.8800048828125,294.32000732421875,290.2300109863281,292.1099853515625,623000.0,-0.6394792153684326,181984520.87402344,144218941.45355225,1.2315417004368712,7.544289725167411,-13.979037236715207,10.355113468667357,1.4970669286157798,0.5877881314644785,0.6142427179724268,-1.6020901342168223,-0.7667469932940268,-0.1778886638026189,-0.1291040210116325,-0.32136538816354,45.96518456062856,-0.1204549243868591,44.93041749502982,9.940357852882704,79.72166998011929,87.8727634194831,48.32007952286283,40.73558648111332,23.06163021868787,84.45328031809146,11.332007952286284,52.69890414194754,59.483101391650095,True,-0.5190242909815734,False,False,False,False,False,False,STRESS,0.448,STRESS,RISK_ON,0.156,0.93,0.907,Finance,42.0,40.0,40.0,40.0,0.0,88.9,REJECTED,STRESS,0.448,0.136,0.2125,0.136,0.1105,0.255,38.3,False,False,NORMAL GİRİŞ,⭐,İşlem Açma,0.0,16.0,118.0,-0.2104737256454074,0.0084745762711864,-0.3645033970273883,-1.031861359948116,-2.7265924706932063,5.995019972743076,35.685483870967744,0.15,False,"WMT, BRK-B, COST",
2026-09-28,WY,20.0,20.09000015258789,19.600000381469727,19.71999931335449,7770900.0,-1.449279921090485,153242142.66414642,135353323.95715714,1.20001945752122,0.5257143293108258,-16.793251842386102,-19.902521066797352,1.4917375220050149,0.4681630238598065,1.2968131908948266,0.1482155492915877,-0.0853538737641073,-0.5931493049398545,-0.5377581247250887,-0.4473010565705982,24.489589374895388,-0.9302556301089115,21.868787276341948,5.7654075546719685,8.151093439363818,86.28230616302187,7.077534791252486,73.47912524850895,12.882703777335983,88.66799204771371,9.145129224652088,24.136831700909024,54.99801192842942,True,-0.5190242909815734,False,False,False,False,False,False,STRESS,0.448,STRESS,RISK_ON,0.156,0.93,0.907,Finance,42.0,40.0,40.0,40.0,0.0,88.9,REJECTED,STRESS,0.448,0.136,0.2125,0.136,0.1105,0.255,45.5,False,False,NORMAL GİRİŞ,⭐,İşlem Açma,0.0,5.0,58.0,-0.1344888979117103,0.0517241379310344,2.951486161549844,0.7464781743023456,-7.388170678602323,4.401539844621949,66.84475806451613,0.15,False,"HD, DE, LOW",
2026-09-28,DLR,178.74000549316406,181.0200042724609,176.8699951171875,177.17999267578125,1363300.0,-0.8006315042179302,241549484.01489255,305314223.3428955,0.6399763406384742,4.664284842354911,-7.766791943893148,-7.031171856553032,1.7235799490050483,0.5484873542746482,-1.1923784196118232,0.0176459803529146,-0.0667584970101502,-1.0641095308209818,-0.6369897968563287,-0.0688790648253148,7.469804209945767,-0.2816072132363567,39.56262425447317,35.785288270377734,38.76739562624255,7.5546719681908545,37.42544731610339,42.04771371769383,44.73161033797217,6.123260437375745,43.33996023856859,33.336443641670535,47.45526838966202,True,-0.5190242909815734,False,False,False,False,False,False,STRESS,0.448,STRESS,RISK_ON,0.156,0.93,0.907,Finance,41.8,39.8,39.8,39.8,0.0,88.9,REJECTED,STRESS,0.448,0.136,0.2125,0.136,0.1105,0.255,35.9,False,False,NORMAL GİRİŞ,⭐,İşlem Açma,0.0,3.0,98.0,0.0280415811195512,0.0510204081632653,1.926375573838679,8.561067407099477,-5.13376970898184,5.56153815948095,83.17540322580645,0.15,False,"Electronic Technology · MU, NVDA, SNDK",
2026-09-28,ALL,228.67999267578125,229.6100006103516,225.82000732421875,227.5500030517578,1725200.0,-0.0219697058070678,392569265.2648926,394293245.04852295,0.8345547864029296,6.0042844499860495,-11.672229232296482,-5.72955379411807,1.640708234518237,0.666999283872578,0.0856245131801253,-0.9903864965763366,-1.5037075661089463,-0.2477745969163496,-0.1820574037466634,-0.408787829889158,45.64640612607245,0.4970545851745056,66.00397614314116,16.10337972166998,44.333996023856855,34.791252485089466,31.63021868787277,20.596421471172967,17.65407554671968,43.30019880715706,54.27435387673957,49.32408395256748,55.92246520874751,True,-0.5190242909815734,False,False,False,False,False,False,STRESS,0.448,STRESS,RISK_ON,0.156,0.93,0.907,Finance,36.6,39.6,39.6,39.6,0.0,88.9,REJECTED,STRESS,0.448,0.136,0.2125,0.136,0.1105,0.255,31.0,False,False,NORMAL GİRİŞ,⭐,İşlem Açma,0.0,16.0,118.0,-0.2104737256454074,0.0084745762711864,-0.3645033970273883,-1.031861359948116,-4.236285924995092,7.504713427044962,37.31854838709677,0.15,False,"WMT, BRK-B, COST",
2026-09-28,DOC,20.31999969482422,20.350000381469727,19.940000534057617,20.100000381469727,5460800.0,-1.0339689315344458,109762082.08312988,102809931.54678345,1.06427804380831,0.3614281245640346,-5.278037787607315,-8.093276719388543,0.8774346414362003,0.4322622866148179,0.1640007590983349,0.7739720740236057,0.0861757314062182,-0.4504299518726494,-0.3621947078033848,-0.178400732818225,39.0243675508704,-0.5149446405528724,31.411530815109344,52.48508946322068,34.791252485089466,73.35984095427436,42.75347912524852,74.43339960238569,37.37574552683896,67.63419483101393,3.9761431411530817,38.60522005528584,42.45526838966202,True,-0.5190242909815734,False,False,False,False,False,False,STRESS,0.448,STRESS,RISK_ON,0.156,0.93,0.907,Real Estate,41.4,39.4,39.4,39.4,0.0,88.9,REJECTED,STRESS,0.448,0.136,0.2125,0.136,0.1105,0.255,47.9,False,False,NORMAL GİRİŞ,⭐,İşlem Açma,0.0,11.0,61.0,-0.1802464195556996,0.0,-1.0560686257066632,-4.935067061756293,-0.2329511720341459,-1.5327096746538431,25.7258064516129,0.15,False,"CRM, NFLX, NOW",
2026-09-28,L,104.81999969482422,105.4800033569336,104.58999633789062,104.9499969482422,812600.0,0.124019513257445,85282367.5201416,107624758.5,0.7705108450871163,1.5400003705705916,-4.434532008521042,-7.687574150547816,0.5932469449941883,0.526603759966145,0.1616141959425804,-1.6660206519758012,-0.8172617061849438,0.221469772307319,-0.0393305044790193,-0.1963211333071671,40.44918777592045,0.6430438042390185,72.96222664015905,58.25049701789264,36.779324055666,23.658051689860837,46.441351888668,26.00397614314116,42.82306163021869,37.65407554671968,4.572564612326044,53.68706589488826,45.08349900596421,True,-0.5190242909815734,False,False,True,False,False,False,STRESS,0.448,STRESS,RISK_ON,0.156,0.93,0.907,Financials,36.4,39.4,39.4,39.4,0.0,88.9,REJECTED,STRESS,0.448,0.136,0.2125,0.136,0.1105,0.255,29.1,False,False,NORMAL GİRİŞ,⭐,İşlem Açma,0.0,16.0,118.0,-0.2104737256454074,0.0084745762711864,-0.3645033970273883,-1.031861359948116,0.3815710071512437,2.8868564948986264,29.93951612903226,0.15,False,"WMT, BRK-B, COST",
2026-09-28,PNW,92.7699966430664,92.8499984741211,90.68000030517578,91.31999969482422,936100.0,-0.4578135804722771,85484651.71432495,85992284.99298096,0.9178125842586464,1.577857426234654,-6.711615389902725,-15.33469340364897,0.6367069199431944,0.463782931557285,-0.3808169546553299,1.1870444716722532,-0.36155804978007,-0.6640898940412677,-0.5262669376217364,-0.1999970496803739,29.49308431718619,0.0612107105092962,53.47912524850894,42.54473161033797,15.50695825049702,51.29224652087475,27.67395626242545,64.1948310139165,30.815109343936385,43.658051689860834,1.7892644135188869,40.31908974384586,44.781312127236575,True,-0.5190242909815734,False,False,False,False,False,False,STRESS,0.448,STRESS,RISK_ON,0.156,0.93,0.907,Utilities,36.4,39.4,39.4,39.4,0.0,88.9,REJECTED,STRESS,0.448,0.136,0.2125,0.136,0.1105,0.255,37.6,False,False,NORMAL GİRİŞ,⭐,İşlem Açma,0.0,16.0,118.0,-0.2104737256454074,0.0084745762711864,-0.3645033970273883,-1.031861359948116,-0.0649172568289722,3.3333447588788423,31.10887096774194,0.15,False,"WMT, BRK-B, COST",
2026-09-28,BAC,56.41999816894531,56.66999816894531,55.369998931884766,55.470001220703125,29002800.0,-2.169311332779178,1608785351.4038086,1991328722.789383,0.7741678199096473,1.396427971976144,-9.318291285428923,-4.163785036794887,1.5637971088647773,0.496658184781295,-0.3608793954625616,0.1233553615870489,2.4686320128589143,-1.4679891048613989,-0.7942279194922341,-0.2049727172745154,7.692488269799023,-1.6502870417976043,13.12127236580517,25.844930417495032,49.10536779324055,24.45328031809145,38.638170974155074,61.89860834990059,20.87475149105368,28.111332007952285,92.84294234592446,22.43624683890833,34.612326043737575,True,-0.5190242909815734,False,False,False,False,False,False,STRESS,0.448,STRESS,RISK_ON,0.156,0.93,0.907,Finance,41.3,39.3,39.3,39.3,0.0,88.9,REJECTED,STRESS,0.448,0.136,0.2125,0.136,0.1105,0.255,49.0,False,False,NORMAL GİRİŞ,⭐,İşlem Açma,0.0,2.0,35.0,-0.113706142892541,0.0571428571428571,-2.0972182618281487,-1.937988913512056,-0.4955912342193498,-0.0926465551202238,57.87298387096774,0.15,False,"Finance · JPM, BAC, GS",
2026-09-28,NI,39.380001068115234,39.43999862670898,39.04999923706055,39.09999847412109,5991000.0,-0.8117699383261567,234248090.85845947,213496066.41304016,1.076609838104189,0.5964281899588448,-4.5410193502902985,-18.795434113974885,0.8558873426775381,0.3509066725481119,0.4589929849193275,-1.0309614594278802,-0.2013964435969964,-0.9368607676865076,-0.7320567119214367,-0.1380932215568508,12.820337258891191,-0.2927456473445833,38.9662027833002,57.85288270377733,10.139165009940358,75.14910536779324,31.610337972166995,48.54870775347913,36.8986083499006,74.35387673956262,25.64612326043737,34.70350489885135,34.220675944334,True,-0.5190242909815734,False,False,False,False,False,False,STRESS,0.448,STRESS,RISK_ON,0.156,0.93,0.907,Utilities,41.3,39.3,39.3,39.3,0.0,88.9,REJECTED,STRESS,0.448,0.136,0.2125,0.136,0.1105,0.255,45.6,False,False,NORMAL GİRİŞ,⭐,İşlem Açma,0.0,16.0,118.0,-0.2104737256454074,0.0084745762711864,-0.3645033970273883,-1.031861359948116,-1.4366905708852515,4.705118072935122,33.991935483870975,0.15,False,"WMT, BRK-B, COST",
2026-09-28,TKO,184.19000244140625,184.63999938964844,180.6999969482422,181.5800018310547,940300.0,-0.5967024409134325,170739675.72174072,190365443.11743164,0.8108131413296542,5.1714292253766745,-1.4972323798119302,-14.195254781658306,1.9409201790415584,0.6849474629115748,-0.2316396960945789,-0.6649338748577988,-0.6594969333780225,-0.991478894578626,-0.6024098415255681,0.0353487877941013,22.33513547007885,-0.077678149931859,47.31610337972167,73.1610337972167,20.07952286282306,31.610337972166995,43.96620278330021,33.89662027833002,56.42147117296222,34.63220675944334,20.07952286282306,39.73748969014904,60.087475149105366,True,-0.5190242909815734,False,False,False,True,False,False,STRESS,0.448,STRESS,RISK_ON,0.156,0.93,0.907,Consumer Services,41.2,39.2,39.2,39.2,0.0,88.9,REJECTED,STRESS,0.448,0.136,0.2125,0.136,0.1105,0.255,38.0,False,False,NORMAL GİRİŞ,⭐,İşlem Açma,0.0,12.0,2.0,,,,,,,50.0,0.15,True,"Consumer Services · LYV, TKO",
2026-09-28,CRM,224.97000122070312,230.57000732421875,221.17999267578125,227.2700042724609,10263200.0,-2.884368804703219,2332517507.849121,2937817651.2062078,0.7022467969979757,8.524997166224889,-9.831380967085524,43.90553047075345,2.160868289196237,1.2829471658396807,-0.7210714704401504,1.0889197574775544,0.5777923998027951,0.4304290016082383,0.2736423923923924,-0.3374917355795377,64.85625235625236,-2.3653445137216456,8.34990059642147,23.26043737574553,97.61431411530816,13.916500994035786,64.15506958250498,64.52286282306163,29.940357852882705,15.904572564612328,96.02385685884693,35.686420464253466,60.36381709741551,True,-0.5190242909815734,False,False,False,False,False,False,STRESS,0.448,STRESS,RISK_ON,0.156,0.93,0.907,Technology Services,41.1,39.1,39.1,39.1,0.0,88.9,REJECTED,STRESS,0.448,0.136,0.2125,0.136,0.1105,0.255,50.7,False,False,NORMAL GİRİŞ,⭐,İşlem Açma,0.0,11.0,61.0,-0.1802464195556996,0.0,-1.0560686257066632,-4.935067061756293,-1.1109066288528924,-0.6547542178350967,27.19758064516129,0.15,False,"CRM, NFLX, NOW",
2026-09-28,PSA,287.1300048828125,289.1400146484375,283.0899963378906,284.7900085449219,963800.0,-1.1042791479325187,274480610.2355957,246223714.0541992,1.0690240358485752,5.900002615792411,-8.486501110243605,-12.223760658060757,1.222529115701975,0.4080391612084494,0.1739987760805632,0.3558325751043895,0.1343839702469312,-0.5681738833653086,-0.4149565945512417,-0.269436164716853,28.09929027929805,-0.5852548569509453,29.82107355864811,30.81510934393638,25.04970178926441,74.55268389662028,27.6441351888668,70.93439363817097,23.57852882703777,68.82703777335985,32.40556660039761,32.5644021889636,40.493041749502986,True,-0.5190242909815734,False,False,False,False,False,False,STRESS,0.448,STRESS,RISK_ON,0.156,0.93,0.907,Finance,41.1,39.1,39.1,39.1,0.0,88.9,REJECTED,STRESS,0.448,0.136,0.2125,0.136,0.1105,0.255,48.6,False,False,NORMAL GİRİŞ,⭐,İşlem Açma,0.0,16.0,118.0,-0.2104737256454074,0.0084745762711864,-0.3645033970273883,-1.031861359948116,-1.9366943171049755,5.205121819154845,34.69758064516129,0.15,False,"WMT, BRK-B, COST",
2026-09-28,UBER,69.36000061035156,69.68000030517578,67.7300033569336,68.16000366210938,16638900.0,-2.097097137136117,1134107484.9334717,1262466004.9736023,0.89814744842328,1.720785413469587,-11.422997190241237,-9.72184945415977,1.5841055574776584,0.5085176506190375,-0.0558343634908357,0.5944589957165065,0.7391597451361076,-0.9440721588697538,-0.5843581517273759,-0.2202253456764913,22.05133221174537,-1.5780728461545437,14.11530815109344,16.898608349900595,31.21272365805169,45.12922465208747,24.7713717693837,71.70974155069582,25.2882703777336,46.95825049701789,88.07157057654076,22.75781711779481,35.86679920477137,True,-0.5190242909815734,False,False,False,False,False,False,STRESS,0.448,STRESS,RISK_ON,0.156,0.93,0.907,Transportation,41.1,39.1,39.1,39.1,0.0,88.9,REJECTED,STRESS,0.448,0.136,0.2125,0.136,0.1105,0.255,56.1,False,False,NORMAL GİRİŞ,⭐,İşlem Açma,0.0,11.0,61.0,-0.1802464195556996,0.0,-1.0560686257066632,-4.935067061756293,-1.0238414404535656,-0.7418194062344234,27.036290322580644,0.15,False,"CRM, NFLX, NOW",
2026-09-28,ARE,49.900001525878906,49.900001525878906,47.869998931884766,48.65999984741211,1869600.0,-2.543561886643974,90974735.71472168,87378669.22267151,1.029212208958264,1.8764286041259768,-6.924254308699107,-12.46627118652256,2.5482758648061687,0.6537881939785017,0.1644059589581766,0.4213058720724815,0.5194974205834976,-0.545937660792016,-0.396798101297935,-0.0860428603717233,38.916251529165486,-2.024537595662401,10.73558648111332,40.75546719681908,24.055666003976143,67.9920477137177,31.570576540755468,73.93638170974155,49.06560636182903,64.49304174950299,1.9880715705765408,27.193812031644185,68.17892644135189,True,-0.5190242909815734,False,False,False,True,False,False,STRESS,0.448,STRESS,RISK_ON,0.156,0.93,0.907,Real Estate,41.6,39.0,39.0,39.0,0.0,88.9,REJECTED,STRESS,0.448,0.136,0.2125,0.136,0.1105,0.255,50.2,False,False,NORMAL GİRİŞ,⭐,İşlem Açma,0.0,11.0,61.0,-0.1802464195556996,0.0,-1.0560686257066632,-4.935067061756293,-6.0145820447168425,4.248921198028853,34.65725806451613,0.15,True,"CRM, NFLX, NOW",
2026-09-28,MCK,865.02001953125,871.2000122070312,855.6400146484375,856.2899780273438,550000.0,-1.1942717213781484,470959487.9150391,768034640.3398438,0.5997230369974593,20.402143205915177,-3.842744267066767,14.54924592020972,1.4560130997978755,0.653429036530559,-1.5044171715134107,-0.6444348450269801,0.3506091022628557,-1.3394105854448692,-0.7565269578520015,-0.070983470081623,4.177143193363015,-0.675247430396575,27.435387673956264,61.23260437375746,85.48707753479125,4.174950298210735,74.57256461232605,34.19483101391649,40.71570576540755,3.0616302186878723,78.33001988071571,37.533022470429735,41.83697813121273,True,-0.5190242909815734,False,False,False,False,False,False,STRESS,0.448,STRESS,RISK_ON,0.156,0.93,0.907,Distribution Services,41.0,39.0,39.0,39.0,0.0,88.9,REJECTED,STRESS,0.448,0.136,0.2125,0.136,0.1105,0.255,38.8,False,False,NORMAL GİRİŞ,⭐,İşlem Açma,0.0,9.0,21.0,-0.0766607292329303,0.0,-0.006045672065269,-0.1080115499304419,-1.695215010703521,4.296552656693919,60.38306451612904,0.15,False,"Health Technology · BSX, MDT, ISRG",
2026-09-28,SPG,204.72999572753903,205.57000732421875,203.4900054931641,204.52999877929688,926300.0,-0.1415919024271961,189456137.8692627,219112902.7824402,0.7195317567278899,2.914288112095424,-4.821071813813161,-10.120408340966392,0.9670304852648556,0.3720123618899296,-1.1073584878524627,-0.7466165226701306,-0.8921234991069208,0.194840152434048,-0.0432725672156402,-0.088998419188897,49.999633202508896,0.3774323885543773,61.63021868787276,56.06361829025845,29.82107355864811,16.898608349900595,41.63021868787277,19.055666003976143,57.29622266401591,12.524850894632204,27.23658051689861,48.78922773376978,31.403578528827037,True,-0.5190242909815734,False,False,False,True,False,False,STRESS,0.448,STRESS,RISK_ON,0.156,0.93,0.907,Finance,36.0,39.0,39.0,39.0,0.0,88.9,REJECTED,STRESS,0.448,0.136,0.2125,0.136,0.1105,0.255,30.9,False,False,NORMAL GİRİŞ,⭐,İşlem Açma,0.0,16.0,118.0,-0.2104737256454074,0.0084745762711864,-0.3645033970273883,-1.031861359948116,1.8482244069263856,1.4202030951234843,26.875,0.15,True,"WMT, BRK-B, COST",
2026-09-28,FANG,190.57000732421875,190.57000732421875,184.5,185.22999572753903,2173500.0,-0.7714161116040619,402597395.71380615,441865199.3721008,0.6453145295973279,6.554286411830357,-7.625176676870615,2.5977599022593667,2.338181204078383,1.5484645810688948,0.1440495744003669,-0.0971769275328349,-0.6488312828570988,-1.7159210224581836,-0.8135927491930699,-0.1120555500984455,12.02627424560839,-0.2523918206224884,41.15308151093439,36.58051689860835,66.6003976143141,7.75347912524851,53.09145129224652,43.359840954274354,32.485089463220675,27.79324055666004,61.0337972166998,39.0445757347,71.4155069582505,True,-0.5190242909815734,False,False,False,False,False,False,STRESS,0.448,STRESS,RISK_ON,0.156,0.93,0.907,Energy Minerals,42.1,38.9,38.9,38.9,0.0,88.9,REJECTED,STRESS,0.448,0.136,0.2125,0.136,0.1105,0.255,40.5,False,False,NORMAL GİRİŞ,⭐,İşlem Açma,0.0,15.0,30.0,-0.1308529576753245,0.0333333333333333,-0.698864283433287,0.0804663215365764,0.2675961278339467,3.460193692061053,58.69959677419355,0.15,False,"Energy Minerals · XOM, CVX, VLO",
2026-09-28,FITB,51.84000015258789,52.06999969482422,51.43000030517578,51.56999969482422,5318500.0,-1.0172721589620235,274275043.3769226,277619712.1884613,0.931057783877654,1.122856957571847,-5.979945861760772,-9.17576665229972,1.473284413686195,0.4811156405462796,-0.0653869869318288,-0.8724762141202522,0.2749246341415564,-0.8190054531367152,-0.4992200724793172,-0.1955671090067642,21.874925494122976,-0.4982478679804503,32.20675944333996,49.10536779324055,32.80318091451292,53.08151093439364,40.13916500994036,46.77932405566601,30.019880715705767,51.57057654075547,37.37574552683897,33.92506710209619,44.87077534791253,True,-0.5190242909815734,False,False,False,False,False,False,STRESS,0.448,STRESS,RISK_ON,0.156,0.93,0.907,Finance,40.9,38.9,38.9,38.9,0.0,88.9,REJECTED,STRESS,0.448,0.136,0.2125,0.136,0.1105,0.255,40.8,False,False,NORMAL GİRİŞ,⭐,İşlem Açma,0.0,2.0,35.0,-0.113706142892541,0.0571428571428571,-2.0972182618281487,-1.937988913512056,0.5365403676222402,-1.1247781569618138,55.57459677419354,0.15,False,"Finance · JPM, BAC, GS",
2026-09-28,CMS,63.0,63.2599983215332,62.41999816894531,62.59999847412109,4128800.0,-0.5560004520673734,258462873.6999512,214585181.4605713,1.2465242659823383,1.012143543788365,-8.41258452944974,-19.671502022172348,0.6619027839602903,0.343285302076744,0.7458308905098578,-0.3383167835955188,-0.4417492788223958,-0.6194468540625953,-0.5285718502640769,-0.3484848056454373,21.42860386646745,-0.0369761610857999,48.31013916500994,31.21272365805169,8.548707753479125,88.66799204771371,18.74751491053678,59.43339960238569,15.506958250497018,86.52087475149105,26.24254473161034,37.45697569479785,37.10735586481113,True,-0.5190242909815734,False,False,False,False,False,False,STRESS,0.448,STRESS,RISK_ON,0.156,0.93,0.907,Utilities,40.6,38.6,38.6,38.6,0.0,88.9,REJECTED,STRESS,0.448,0.136,0.2125,0.136,0.1105,0.255,45.0,False,False,NORMAL GİRİŞ,⭐,İşlem Açma,0.0,16.0,118.0,-0.2104737256454074,0.0084745762711864,-0.3645033970273883,-1.031861359948116,-1.1779908725751795,4.44641837462505,33.528225806451616,0.15,False,"WMT, BRK-B, COST",
2026-09-28,ALGN,145.0,146.1999969482422,143.3300018310547,145.0,882800.0,-1.2126984562612964,128006000.0,127011496.51031494,0.957946080266506,4.402854919433594,-8.71317048602367,-16.392780949086095,2.1706970293612584,0.8271035361385326,0.0562737239416914,-0.3960931282215272,-0.36212950601189,0.2652802131320461,0.0900700735825783,-0.0381567230741681,58.18818850750712,-0.6936741652797229,27.037773359840955,28.82703777335984,13.320079522862825,57.85288270377733,20.29821073558648,49.43339960238568,64.93041749502983,56.58051689860834,7.3558648111332,34.29197988454793,67.81908548707753,True,-0.5190242909815734,False,False,False,True,False,False,STRESS,0.448,STRESS,RISK_ON,0.156,0.93,0.907,Health Care,41.0,38.5,38.5,38.5,0.0,88.9,REJECTED,STRESS,0.448,0.136,0.2125,0.136,0.1105,0.255,47.1,False,False,NORMAL GİRİŞ,⭐,İşlem Açma,0.0,11.0,61.0,-0.1802464195556996,0.0,-1.0560686257066632,-4.935067061756293,1.4793620555894949,-3.245022902277484,21.733870967741936,0.15,True,"CRM, NFLX, NOW",
2026-09-28,MTB,221.0399932861328,222.0,220.0200042724609,220.44000244140625,802900.0,-0.3390749996481812,176991277.96020508,208894031.81381223,0.7281548995601506,4.400000435965402,-7.642030148564505,-7.842808343893703,1.2893561626925554,0.4563701227491396,-0.6644171993611611,-2.341477208067701,-0.669311787262513,-0.6540941559585358,-0.4530290302941562,-0.1380128978912806,21.212074506207564,0.1799492913333922,56.46123260437376,36.38170974155069,36.38170974155069,17.892644135188867,36.38170974155069,19.46322067594433,39.80119284294234,19.085487077534797,24.652087475149106,42.39357325578974,42.18886679920477,True,-0.5190242909815734,False,False,False,False,False,False,STRESS,0.448,STRESS,RISK_ON,0.156,0.93,0.907,Finance,35.5,38.5,38.5,38.5,0.0,88.9,REJECTED,STRESS,0.448,0.136,0.2125,0.136,0.1105,0.255,26.5,False,False,NORMAL GİRİŞ,⭐,İşlem Açma,0.0,2.0,35.0,-0.113706142892541,0.0571428571428571,-2.0972182618281487,-1.937988913512056,0.9277166950372728,-1.5159544843768464,54.94959677419354,0.15,False,"Finance · JPM, BAC, GS",
2026-09-28,WYNN,80.62000274658203,82.0,79.51000213623047,80.5199966430664,2669200.0,-0.7396524694285755,214923975.03967285,173297462.11624146,1.2278902019955746,2.442857469831194,-13.983552352241846,-19.010262881647144,1.4591059183767203,0.5888811327460058,1.4362126207676644,0.3319279469422591,-0.7888343282782028,0.0255780916073053,-0.1218907126595969,-0.2853164377049098,40.562063186148194,-0.2206281784470021,41.5506958250497,9.74155069582505,9.542743538767397,87.67395626242545,9.63220675944334,67.47514910536779,29.0258449304175,90.4572564612326,16.302186878727635,36.81863176593093,56.60039761431412,True,-0.5190242909815734,False,False,False,False,False,False,STRESS,0.448,STRESS,RISK_ON,0.156,0.93,0.907,Consumer Services,40.5,38.5,38.5,38.5,0.0,88.9,REJECTED,STRESS,0.448,0.136,0.2125,0.136,0.1105,0.255,50.3,False,False,NORMAL GİRİŞ,⭐,İşlem Açma,0.0,10.0,5.0,-0.2405176294880411,0.0,-1.9728511929877124,-8.178420387959639,0.3155629706565022,0.0,10.897177419354838,0.15,False,"Industrials · LVS, WYNN, FTV",
2026-09-28,GL,166.97000122070312,168.13999938964844,166.41000366210938,166.69000244140625,451800.0,-0.2095251788756025,75310543.10302734,63973240.97137451,1.088438651858633,3.2671432495117188,-5.171235384340511,-7.006972138685496,0.9005510210967321,0.5106619034765797,-0.2920924207327813,-1.5875799402666282,-0.8142745228965983,-0.6788798367255805,-0.4447978866965963,-0.2322200933500357,16.184940508215952,0.3094991121059709,59.443339960238575,53.47912524850894,39.165009940357855,76.93836978131213,45.60636182902584,29.67196819085487,26.12326043737574,60.31809145129225,0.9940357852882704,49.10954772875401,49.85487077534792,True,-0.5190242909815734,False,False,False,False,False,False,STRESS,0.448,STRESS,RISK_ON,0.156,0.93,0.907,Financials,35.4,38.4,38.4,38.4,0.0,88.9,REJECTED,STRESS,0.448,0.136,0.2125,0.136,0.1105,0.255,29.0,False,False,NORMAL GİRİŞ,⭐,İşlem Açma,0.0,16.0,118.0,-0.2104737256454074,0.0084745762711864,-0.3645033970273883,-1.031861359948116,-1.1095210574088077,4.377948559458678,33.32661290322581,0.15,False,"WMT, BRK-B, COST",
2026-09-28,MCD,235.7400054931641,237.47999572753903,233.22999572753903,233.6000061035156,5330000.0,-1.2262130640525948,1245088032.5317383,1236525661.7088318,0.916665161822358,4.802858625139509,-10.174572751089894,-12.568303726508113,1.3154947739998757,0.3760905110311768,0.421078276443931,-0.0267324240491149,0.2682556009792405,-0.8322820827298816,-0.6808207792394302,-0.52366774412233,8.706126493566178,-0.7071887730710213,26.64015904572565,21.47117296222664,23.856858846918488,51.0934393638171,22.783300198807154,64.7117296222664,9.502982107355864,59.12524850894632,87.47514910536779,24.77518521396894,29.471172962226643,True,-0.5190242909815734,False,False,False,False,False,False,STRESS,0.448,STRESS,RISK_ON,0.156,0.93,0.907,Consumer Services,40.4,38.4,38.4,38.4,0.0,88.9,REJECTED,STRESS,0.448,0.136,0.2125,0.136,0.1105,0.255,51.6,False,False,NORMAL GİRİŞ,⭐,İşlem Açma,0.0,16.0,118.0,-0.2104737256454074,0.0084745762711864,-0.3645033970273883,-1.031861359948116,-3.693094883507269,6.96152238555714,36.875,0.15,False,"WMT, BRK-B, COST",
2026-09-28,FE,43.209999084472656,43.27999877929688,42.66999816894531,43.02000045776367,3481100.0,-0.6466484624258917,149756923.59352112,181550244.15512085,0.8450030706641131,0.6850002833775112,-6.983782794024496,-10.48689043328408,0.8475319837678299,0.3536942412718463,-0.475761297471048,-0.048537310911958,-0.0113527127166431,0.1311375967108694,-0.0590117442529454,-0.1306163132162361,57.377366986016966,-0.1276241714443182,44.73161033797216,40.357852882703774,27.83300198807157,37.37574552683897,33.46918489065607,50.377733598409534,50.09940357852883,33.638170974155074,18.09145129224652,42.1363450485023,33.37972166998012,True,-0.5190242909815734,False,False,False,True,False,False,STRESS,0.448,STRESS,RISK_ON,0.156,0.93,0.907,Utilities,40.1,38.1,38.1,38.1,0.0,88.9,REJECTED,STRESS,0.448,0.136,0.2125,0.136,0.1105,0.255,40.5,False,False,NORMAL GİRİŞ,⭐,İşlem Açma,0.0,16.0,118.0,-0.2104737256454074,0.0084745762711864,-0.3645033970273883,-1.031861359948116,-2.2684691925488885,5.536896694598759,35.34274193548387,0.15,True,"WMT, BRK-B, COST",
2026-09-28,CHD,95.8000030517578,95.97000122070312,94.8000030517578,95.62000274658205,1512300.0,-0.7885396643430465,144606130.153656,181613526.7261505,0.8404094516193567,1.567856924874442,-6.593725948439944,-2.3289042425106987,0.8638550756463572,0.5012673747967555,-0.5283040739039071,0.272859773936443,-0.10930498171778,0.2160622539275628,0.151710095595811,-0.15049666404535,70.08555368624229,-0.269515373361473,39.96023856858847,43.33996023856859,55.666003976143145,36.38170974155069,50.1192842942346,54.31411530815109,48.94632206759444,31.84890656063618,18.290258449304176,46.88529493124848,40.1610337972167,True,-0.5190242909815734,False,False,False,True,False,False,STRESS,0.448,STRESS,RISK_ON,0.156,0.93,0.907,Consumer Staples,40.0,38.0,38.0,38.0,0.0,88.9,REJECTED,STRESS,0.448,0.136,0.2125,0.136,0.1105,0.255,41.0,False,False,NORMAL GİRİŞ,⭐,İşlem Açma,0.0,16.0,118.0,-0.2104737256454074,0.0084745762711864,-0.3645033970273883,-1.031861359948116,2.203901562142047,1.0645259399078233,26.0483870967742,0.15,True,"WMT, BRK-B, COST",
2026-09-28,MOS,22.76000022888184,22.76000022888184,22.149999618530277,22.25,6946400.0,-3.302912739339714,154557400.0,203799113.05322647,0.8339421064289441,1.047142710004534,-6.355218855218858,-0.8467023172905597,2.482440540726785,0.7310948540183965,-0.3769102329625453,-0.4872594931506381,1.5983164473920228,-1.2905026932208077,-0.7459009242814618,-0.0518035131969793,16.393488756034717,-2.7838884483581405,5.7654075546719685,45.12922465208747,57.45526838966203,34.39363817097416,51.90854870775348,52.34592445328032,44.33399602385685,33.6779324055666,23.45924453280318,25.915690823913607,66.31212723658052,True,-0.5190242909815734,False,False,False,False,False,False,STRESS,0.448,STRESS,RISK_ON,0.156,0.93,0.907,Process Industries,40.2,38.0,38.0,38.0,0.0,88.9,REJECTED,STRESS,0.448,0.136,0.2125,0.136,0.1105,0.255,40.4,False,False,NORMAL GİRİŞ,⭐,İşlem Açma,0.0,15.0,30.0,-0.1308529576753245,0.0333333333333333,-0.698864283433287,0.0804663215365764,-5.159161007026592,8.886950826921591,65.97782258064517,0.15,False,"Energy Minerals · XOM, CVX, VLO",
2026-09-28,PNC,225.63999938964844,225.8500061035156,223.0,223.6699981689453,1336200.0,-0.8730726936854838,298867851.5533447,377818436.94421387,0.792345757344853,4.7928586687360495,-8.14751009447443,-9.346249678212892,1.3384688832406015,0.3783335757146622,-0.5868007454795909,-1.1849621077929655,0.4528812049959163,-1.0193305159142811,-0.6024569274753986,-0.1186232997184223,23.50865733651715,-0.3540484027039103,37.17693836978131,32.40556660039761,32.007952286282304,28.429423459244536,32.186878727634195,36.53081510934393,38.56858846918489,26.123260437375748,53.47912524850894,33.800169908602015,32.6441351888668,True,-0.5190242909815734,False,False,False,False,False,False,STRESS,0.448,STRESS,RISK_ON,0.156,0.93,0.907,Finance,39.9,37.9,37.9,37.9,0.0,88.9,REJECTED,STRESS,0.448,0.136,0.2125,0.136,0.1105,0.255,38.5,False,False,NORMAL GİRİŞ,⭐,İşlem Açma,0.0,2.0,35.0,-0.113706142892541,0.0571428571428571,-2.0972182618281487,-1.937988913512056,-0.3067105206073783,-0.2815272687321952,57.48991935483871,0.15,False,"Finance · JPM, BAC, GS",
2026-09-28,SO,82.95999908447266,83.06999969482422,81.91000366210938,82.3499984741211,5048900.0,-0.6394773128144848,415776907.29599,458148137.6758576,0.8264245015410855,1.214287349155971,-7.523864711823592,-14.88372250736838,0.724833762248782,0.3586218018772601,-0.1080083062799263,0.0750327304055523,-0.1158765443212224,-0.3495545504079133,-0.3694010904809823,-0.2582692969806444,37.93071696822609,-0.1204530218329114,45.12922465208747,37.57455268389662,17.09741550695825,33.20079522862823,26.312127236580515,55.37773359840954,27.83300198807157,38.8469184890656,63.618290258449306,35.40042756163374,26.063618290258447,True,-0.5190242909815734,False,False,False,False,False,False,STRESS,0.448,STRESS,RISK_ON,0.156,0.93,0.907,Utilities,39.9,37.9,37.9,37.9,0.0,88.9,REJECTED,STRESS,0.448,0.136,0.2125,0.136,0.1105,0.255,45.5,False,False,NORMAL GİRİŞ,⭐,İşlem Açma,0.0,16.0,118.0,-0.2104737256454074,0.0084745762711864,-0.3645033970273883,-1.031861359948116,-1.5713736347226113,4.839801136772481,34.274193548387096,0.15,False,"WMT, BRK-B, COST",
2026-09-28,IBM,222.5,223.13999938964844,219.22999572753903,220.6699981689453,5285800.0,-2.1462447145525143,1166417476.3214111,1144127535.1333618,0.954673852578042,7.732140677315848,-7.588258231523381,-20.62230281692614,2.122012771703374,0.9789386640478586,-0.4398288577489371,-0.0505424743973307,0.9286138182433188,-0.6436419992048613,-0.3554984272925236,-0.2235435671320667,36.82867244756992,-1.6272204235709409,13.518886679920476,37.17693836978131,7.75347912524851,57.65407554671968,20.994035785288272,60.81510934393639,27.713717693836976,46.67992047713717,85.6858846918489,21.56557102209297,59.079522862823055,True,-0.5190242909815734,False,False,False,False,False,False,STRESS,0.448,STRESS,RISK_ON,0.156,0.93,0.907,Technology Services,39.8,37.8,37.8,37.8,0.0,88.9,REJECTED,STRESS,0.448,0.136,0.2125,0.136,0.1105,0.255,53.0,False,False,NORMAL GİRİŞ,⭐,İşlem Açma,0.0,11.0,61.0,-0.1802464195556996,0.0,-1.0560686257066632,-4.935067061756293,-2.095589140786369,0.3299282940983801,29.09274193548387,0.15,False,"CRM, NFLX, NOW",
2026-09-28,ABNB,155.94000244140625,158.6999969482422,154.11000061035156,156.0800018310547,3917600.0,-0.882707422920681,611459015.1733398,724487825.6821289,0.7507591241015794,5.271785191127232,-15.357916577519148,6.054224251582996,2.448133415643193,0.7460000743692412,-0.1806171580350069,-0.2546502412055884,-0.4921207915390247,-0.0612706505595471,-0.0641605997141052,-0.2642084367643459,42.91945081612978,-0.3636831319391076,36.97813121272366,6.759443339960239,72.96222664015905,20.87475149105368,43.17097415506959,41.44135188866799,29.90059642147117,28.986083499005964,76.73956262425448,41.27107033012192,55.97813121272367,True,-0.5190242909815734,False,False,False,False,False,False,STRESS,0.448,STRESS,RISK_ON,0.156,0.93,0.907,Consumer Services,39.7,37.7,37.7,37.7,0.0,88.9,REJECTED,STRESS,0.448,0.136,0.2125,0.136,0.1105,0.255,42.5,False,False,NORMAL GİRİŞ,⭐,İşlem Açma,0.0,11.0,61.0,-0.1802464195556996,0.0,-1.0560686257066632,-4.935067061756293,-3.6899678202322983,1.9243069735443097,31.69354838709677,0.15,False,"CRM, NFLX, NOW",
2026-09-28,COF,199.32000732421875,199.4900054931641,196.0800018310547,196.4600067138672,2495900.0,-1.8681270186741816,490344530.7571411,699183973.576355,0.6938538928681138,4.800713675362723,-9.327545708281171,-2.8771966018058204,1.4886057897474825,0.6598860340368502,-1.0492507480809323,-0.2680946607191661,1.8064090469572247,-1.428566646071668,-0.8048369414439005,-0.0911106763989961,11.14382623792946,-1.3491027276926082,17.495029821073558,25.44731610337972,53.28031809145129,12.922465208747516,40.75546719681908,48.25049701789264,36.97813121272365,10.77534791252485,75.94433399602386,26.044800118822764,44.08548707753479,True,-0.5190242909815734,False,False,False,False,False,False,STRESS,0.448,STRESS,RISK_ON,0.156,0.93,0.907,Finance,39.6,37.6,37.6,37.6,0.0,88.9,REJECTED,STRESS,0.448,0.136,0.2125,0.136,0.1105,0.255,42.9,False,False,NORMAL GİRİŞ,⭐,İşlem Açma,0.0,2.0,35.0,-0.113706142892541,0.0571428571428571,-2.0972182618281487,-1.937988913512056,-0.3279648334493679,-0.2602729558902057,57.57056451612903,0.15,False,"Finance · JPM, BAC, GS",
2026-09-28,JKHY,147.49000549316406,148.66000366210938,146.19000244140625,147.82000732421875,910800.0,0.020308572602623,134634462.67089844,137461633.83544922,0.8686032539243549,4.697142464773996,-12.86252810409174,8.110880804665221,2.0391789539185785,0.6561305330946461,-0.2787238196500748,-1.5353232849522247,-1.2701362521321056,0.4552666483627483,0.2360345083212869,-0.3231329400278859,65.9920679046666,0.5393328635841965,68.98608349900597,11.530815109343935,75.7455268389662,40.75546719681908,46.84890656063619,16.341948310139166,31.689860834990057,39.08548707753479,10.139165009940358,60.93419685010882,67.06163021868787,True,-0.5190242909815734,False,False,True,False,False,False,STRESS,0.448,STRESS,RISK_ON,0.156,0.93,0.907,Financials,34.6,37.2,37.2,37.2,0.0,88.9,REJECTED,STRESS,0.448,0.136,0.2125,0.136,0.1105,0.255,24.3,False,False,NORMAL GİRİŞ,⭐,İşlem Açma,0.0,11.0,61.0,-0.1802464195556996,0.0,-1.0560686257066632,-4.935067061756293,0.2916585982567943,-2.057319444944784,24.213709677419352,0.15,False,"CRM, NFLX, NOW",
2026-09-28,WM,207.07000732421875,208.0,205.8000030517578,206.44000244140625,1625600.0,-0.1885603569094396,335588867.96875,477482032.8933716,0.7167848741459629,3.19785635811942,-5.198382420368175,-7.579351550608293,0.9056571072096552,0.4458497817969936,-0.7547105957116257,-0.6472123662520454,-0.8234252968880953,-0.506159197541789,-0.3588646751607377,-0.2366941890360643,29.090921701496057,0.3304639340721338,60.23856858846919,53.08151093439364,37.57455268389662,16.302186878727635,44.55268389662028,24.46322067594433,28.031809145129223,16.858846918489064,65.20874751491054,44.54129892959295,29.99005964214712,True,-0.5190242909815734,False,False,False,False,False,False,STRESS,0.448,STRESS,RISK_ON,0.156,0.93,0.907,Industrial Services,34.2,37.2,37.2,37.2,0.0,88.9,REJECTED,STRESS,0.448,0.136,0.2125,0.136,0.1105,0.255,32.2,False,False,NORMAL GİRİŞ,⭐,İşlem Açma,0.0,16.0,118.0,-0.2104737256454074,0.0084745762711864,-0.3645033970273883,-1.031861359948116,1.7779618756725126,1.4904656263773577,27.016129032258064,0.15,False,"WMT, BRK-B, COST",
2026-09-28,AFL,114.05999755859376,114.41000366210938,113.0999984741211,113.5500030517578,1482900.0,-0.1494883636304123,168383299.52545166,226356874.47587585,0.6269355244438901,1.7485711233956474,-2.5990709797925726,-5.43803876435891,0.8089616928558998,0.4940646137410175,-0.9936056307230416,-0.602484113983299,-0.9362539396271536,-0.5992256891111151,-0.3473233161527038,-0.0749588651685708,34.35135843452433,0.3695359273511611,61.0337972166998,67.79324055666004,44.93041749502982,5.7654075546719685,55.21868787276343,20.05964214711729,49.184890656063615,7.355864811133201,28.429423459244536,48.65680582357172,36.664015904572565,True,-0.5190242909815734,False,False,False,True,False,False,STRESS,0.448,STRESS,RISK_ON,0.156,0.93,0.907,Finance,34.1,37.1,37.1,37.1,0.0,88.9,REJECTED,STRESS,0.448,0.136,0.2125,0.136,0.1105,0.255,27.9,False,False,NORMAL GİRİŞ,⭐,İşlem Açma,0.0,16.0,118.0,-0.2104737256454074,0.0084745762711864,-0.3645033970273883,-1.031861359948116,0.6525826782033342,2.615844823846536,29.45564516129032,0.15,True,"WMT, BRK-B, COST",
2026-09-28,DOW,28.30500030517578,28.405000686645508,27.84499931335449,27.88999938964844,7993900.0,-0.4639581227387723,222949866.12091064,248446029.36414337,0.9050172820385672,0.9003571101597377,-8.044842104686978,-0.1074520428064662,1.746260463523995,0.9302404260787616,-0.511009457621411,-1.4164796855651425,-1.0515070348707132,-1.3243038760285322,-0.7950892705090564,-0.2546357323927545,8.03570820362259,0.055066168242801,52.88270377733598,33.20079522862823,59.64214711729622,48.70775347912525,47.74353876739563,19.85089463220676,16.14314115308151,39.80119284294235,32.60437375745527,44.80655292771812,70.78727634194831,True,-0.5190242909815734,False,False,False,False,False,False,STRESS,0.448,STRESS,RISK_ON,0.156,0.93,0.907,Process Industries,35.1,37.1,37.1,37.1,0.0,88.9,REJECTED,STRESS,0.448,0.136,0.2125,0.136,0.1105,0.255,25.3,False,False,NORMAL GİRİŞ,⭐,İşlem Açma,0.0,15.0,30.0,-0.1308529576753245,0.0333333333333333,-0.698864283433287,0.0804663215365764,1.057932554919594,2.669857264975406,57.006048387096776,0.15,False,"Energy Minerals · XOM, CVX, VLO",
2026-09-28,VZ,47.040000915527344,47.09999847412109,46.43000030517578,46.68000030517578,16722400.0,-0.8496208800379823,780601637.1032715,958144332.691002,0.7879493099011742,1.1057139805385046,-5.563422405066188,5.850340828062994,1.3723235637097406,0.4748347907028588,-0.7807138548273039,-0.8380057421424674,0.095170028393832,-0.8203717828741856,-0.3813432325946845,-0.2065209809829676,37.31353481063108,-0.3305965890564089,38.36978131212724,51.0934393638171,71.76938369781311,27.83300198807157,62.46520874751491,35.19880715705765,27.912524850894638,23.141153081510936,84.09542743538768,43.58423618484044,31.783300198807154,True,-0.5190242909815734,False,False,False,False,False,False,STRESS,0.448,STRESS,RISK_ON,0.156,0.93,0.907,Communications,38.9,36.9,36.9,36.9,0.0,88.9,REJECTED,STRESS,0.448,0.136,0.2125,0.136,0.1105,0.255,40.4,False,False,NORMAL GİRİŞ,⭐,İşlem Açma,0.0,16.0,118.0,-0.2104737256454074,0.0084745762711864,-0.3645033970273883,-1.031861359948116,-0.0295588870877603,3.2979863891376304,31.008064516129032,0.15,False,"WMT, BRK-B, COST",
2026-09-28,CDW,134.0,134.63999938964844,128.6699981689453,130.3300018310547,1610400.0,-3.7657765048661807,209883434.94873047,218826874.17526245,1.0017261488220202,5.730000087193081,-12.512585197654102,-6.787296644932994,2.9464204998472927,0.5927902458352674,-0.1272639288077346,0.5455467690199187,1.0246632305775558,-0.8946281760222807,-0.5207697124600639,-0.1813265871548692,27.805750798722045,-3.246752213884607,3.5785288270377733,12.72365805168986,40.15904572564612,64.81113320079523,27.813121272365805,74.25447316103379,31.371769383697814,57.17693836978131,27.037773359840955,22.814372296572007,63.50695825049701,True,-0.5190242909815734,False,False,False,False,False,False,STRESS,0.448,STRESS,RISK_ON,0.156,0.93,0.907,Technology Services,38.8,36.8,36.8,36.8,0.0,88.9,REJECTED,STRESS,0.448,0.136,0.2125,0.136,0.1105,0.255,48.5,False,False,NORMAL GİRİŞ,⭐,İşlem Açma,0.0,11.0,61.0,-0.1802464195556996,0.0,-1.0560686257066632,-4.935067061756293,-8.223535573785146,6.457874727097156,36.471774193548384,0.15,False,"CRM, NFLX, NOW",
2026-09-28,SW,45.66999816894531,46.20000076293945,44.92499923706055,45.06999969482422,5132500.0,-2.8873091079370306,231321773.4336853,174363047.4243164,1.156838702988284,1.406785420009068,-7.320584629191407,-2.382500119505704,2.2267349730346826,1.0344915881363936,0.3796587638847629,0.3652017353588043,0.4508013119640784,-0.9605120912268804,-0.6366656294691744,-0.33592861006238,11.372571312314127,-2.368284816955457,8.151093439363818,38.17097415506958,55.46719681908549,83.30019880715706,47.68389662027833,77.05765407554672,13.320079522862825,77.8131212723658,16.898608349900595,27.555746196837774,81.18290258449304,True,-0.5190242909815734,False,False,False,False,False,False,STRESS,0.448,STRESS,RISK_ON,0.156,0.93,0.907,Process Industries,41.7,36.8,36.8,36.8,0.0,88.9,REJECTED,STRESS,0.448,0.136,0.2125,0.136,0.1105,0.255,46.1,False,False,NORMAL GİRİŞ,⭐,İşlem Açma,0.0,5.0,58.0,-0.1344888979117103,0.0517241379310344,2.951486161549844,0.7464781743023456,-1.996967120469728,-0.9896637135106467,59.40524193548387,0.15,False,"HD, DE, LOW",
2026-09-28,DPZ,291.2300109863281,293.7699890136719,286.32000732421875,292.2699890136719,610400.0,0.0444904356531772,178401601.2939453,224926125.2746582,0.715319485541851,9.0392826625279,-11.982777505971251,-0.6053429642333352,1.8729573956429784,0.5381824799039385,-0.8329668618646923,-0.2970640297585113,-1.3310354635838444,0.8338600523999475,0.3913405647199544,-0.4167603188500474,79.86572232622348,0.5635147266347507,70.17892644135189,14.910536779324056,58.05168986083499,15.705765407554672,38.638170974155074,20.854870775347912,32.24652087475149,15.308151093439363,28.031809145129227,56.93388833600207,54.554671968190846,True,-0.5190242909815734,False,False,True,False,False,False,STRESS,0.448,STRESS,RISK_ON,0.156,0.93,0.907,Consumer Services,33.7,36.7,36.7,36.7,0.0,88.9,REJECTED,STRESS,0.448,0.136,0.2125,0.136,0.1105,0.255,24.6,False,False,NORMAL GİRİŞ,⭐,İşlem Açma,0.0,16.0,118.0,-0.2104737256454074,0.0084745762711864,-0.3645033970273883,-1.031861359948116,0.827635768865759,2.440791733184111,29.07258064516129,0.15,False,"WMT, BRK-B, COST",
2026-09-28,HAL,32.970001220703125,32.970001220703125,32.34000015258789,32.43000030517578,10525600.0,-1.0073200038612784,341345211.2121582,347206434.7099304,0.9726099991545012,0.9521429879324776,-8.622146223793237,-4.869462290478799,1.4796194026227667,0.8350274957500281,-0.0210565205445393,-0.8976835469095185,-0.4114479678162496,-1.2446880511600875,-0.7785714285714286,-0.3289460930788925,14.285714285714285,-0.4882957128797049,32.80318091451292,29.62226640159046,46.3220675944334,60.83499005964215,38.80715705765408,40.40755467196819,9.78131212723658,56.85884691848906,50.6958250497018,34.08065890372053,61.95029821073558,True,-0.5190242909815734,False,False,False,False,False,False,STRESS,0.448,STRESS,RISK_ON,0.156,0.93,0.907,Industrial Services,38.7,36.7,36.7,36.7,0.0,88.9,REJECTED,STRESS,0.448,0.136,0.2125,0.136,0.1105,0.255,36.6,False,False,NORMAL GİRİŞ,⭐,İşlem Açma,0.0,15.0,30.0,-0.1308529576753245,0.0333333333333333,-0.698864283433287,0.0804663215365764,-0.4729921975734075,4.200782017468407,60.55443548387097,0.15,False,"Energy Minerals · XOM, CVX, VLO",
2026-09-28,BF-B,26.100000381469727,26.209999084472656,25.549999237060547,26.030000686645508,2041900.0,-0.4969386908443063,53150658.40206146,60340317.28696823,0.7680502529574392,0.687856946672712,-4.582108919921168,-6.096678619604945,1.7465804860807117,0.6024668841603326,-0.199528753027886,0.1012325513136843,-0.844311732523623,0.4880884842426159,0.202275525243476,-0.2860352988551997,72.727509175505,0.0220856001372671,50.49701789264414,57.45526838966203,42.54473161033797,23.061630218687878,49.2544731610338,42.13717693836978,35.666003976143145,30.059642147117295,0.7952286282306162,47.17632944637754,63.67196819085487,True,-0.5190242909815734,False,False,False,False,False,False,STRESS,0.448,STRESS,RISK_ON,0.156,0.93,0.907,Consumer Staples,33.6,36.6,36.6,36.6,0.0,88.9,REJECTED,STRESS,0.448,0.136,0.2125,0.136,0.1105,0.255,29.5,False,False,NORMAL GİRİŞ,⭐,İşlem Açma,0.0,16.0,118.0,-0.2104737256454074,0.0084745762711864,-0.3645033970273883,-1.031861359948116,1.6088696002222238,1.6595579018276465,27.298387096774192,0.15,False,"WMT, BRK-B, COST",
2026-09-28,USB,59.119998931884766,59.33000183105469,58.65999984741211,58.77999877929688,5759300.0,-0.9270234869096616,338531646.9696045,421598120.12677,0.7408231597118157,1.2214281899588448,-5.801284007537055,-4.079636456760971,1.420263696994282,0.4905953504789995,-0.6417556803041166,-1.3445937970710875,0.4309783648359354,-1.0160637318502266,-0.5813450468864761,-0.1431238030317171,17.9102353148824,-0.4079991959280882,34.99005964214712,49.70178926441352,49.50298210735586,20.07952286282306,49.592445328031815,34.24453280318091,35.06958250497018,20.63618290258449,57.45526838966203,35.436152756140324,38.4234592445328,True,-0.5190242909815734,False,False,False,False,False,False,STRESS,0.448,STRESS,RISK_ON,0.156,0.93,0.907,Finance,38.5,36.5,36.5,36.5,0.0,88.9,REJECTED,STRESS,0.448,0.136,0.2125,0.136,0.1105,0.255,36.4,False,False,NORMAL GİRİŞ,⭐,İşlem Açma,0.0,2.0,35.0,-0.113706142892541,0.0571428571428571,-2.0972182618281487,-1.937988913512056,1.0539461107724857,-1.6421839001120593,54.56653225806451,0.15,False,"Finance · JPM, BAC, GS",
2026-09-28,HII,261.69000244140625,262.510009765625,256.8099975585937,257.04998779296875,593800.0,-2.639952091029818,152636282.75146484,115884003.97491457,1.3222146761820996,6.775715419224331,-13.535609070951349,-7.332640761033648,1.0528696232834345,0.4361891235896886,0.8310425239470354,0.341877322013037,0.8330790788238991,-1.4303998729306082,-0.8700023557378278,-0.2877899102592829,4.210345972223709,-2.1209278000482445,9.542743538767397,10.73558648111332,37.97216699801193,91.65009940357854,25.71570576540756,83.23061630218687,11.013916500994034,89.34393638170974,5.36779324055666,23.2490664063675,49.01988071570577,True,-0.5190242909815734,False,False,False,False,False,False,STRESS,0.448,STRESS,RISK_ON,0.156,0.93,0.907,Electronic Technology,38.4,36.4,36.4,36.4,0.0,88.9,REJECTED,STRESS,0.448,0.136,0.2125,0.136,0.1105,0.255,47.2,False,False,NORMAL GİRİŞ,⭐,İşlem Açma,0.0,1.0,13.0,-0.1712524359611602,0.0,-1.734018036381213,-3.837534486151572,-3.4624093353920244,6.658302651575509,40.27217741935485,0.15,False,"Electronic Technology · GE, BA, HWM",
2026-09-28,LYB,58.7400016784668,59.68000030517578,58.15999984741211,58.27000045776367,3176200.0,0.2236000507051638,185077175.45394897,207113451.01776123,0.8872984079360158,1.9750003814697263,-7.5959396483290975,8.672138115933748,2.0441234595731994,1.0783241843026437,-0.7750991958979204,-0.7849261063529726,-1.1707089901508496,-0.936725657624924,-0.6095393754438977,-0.401091120776362,7.236880080510165,0.7426243416867373,75.3479125248509,36.97813121272366,76.54075546719682,44.333996023856855,58.737574552683895,19.940357852882705,10.258449304174947,33.28031809145129,24.45328031809145,57.44436395238501,79.60834990059642,True,-0.5190242909815734,False,False,True,False,False,False,STRESS,0.448,STRESS,RISK_ON,0.156,0.93,0.907,Process Industries,36.0,36.3,36.3,36.3,0.0,88.9,REJECTED,STRESS,0.448,0.136,0.2125,0.136,0.1105,0.255,20.6,False,False,NORMAL GİRİŞ,⭐,İşlem Açma,0.0,15.0,30.0,-0.1308529576753245,0.0333333333333333,-0.698864283433287,0.0804663215365764,-0.8681368371818321,4.5959266570768325,61.381048387096776,0.15,False,"Energy Minerals · XOM, CVX, VLO",
2026-09-28,ADSK,206.9600067138672,208.2100067138672,202.08999633789065,207.19000244140625,1695000.0,-1.0553923206753413,351187054.1381836,447158999.92456055,0.716542839327422,7.157858712332589,-23.427451237561435,6.120673243908126,3.013152624328428,1.0807869516000812,-0.5924116660550716,0.2041626763126476,-0.4689827482997501,0.6517148552314397,0.3835776314510036,-0.2889158777419395,83.33329177896735,-0.5363680296937678,30.81510934393638,1.5904572564612325,73.35984095427436,16.10337972166998,41.06361829025846,45.07952286282306,37.45526838966203,18.64811133200795,62.02783300198808,42.6663311659683,68.76143141153082,True,-0.5190242909815734,False,False,False,False,False,False,STRESS,0.448,STRESS,RISK_ON,0.156,0.93,0.907,Technology Services,38.8,36.2,36.2,36.2,0.0,88.9,REJECTED,STRESS,0.448,0.136,0.2125,0.136,0.1105,0.255,40.9,False,False,NORMAL GİRİŞ,⭐,İşlem Açma,0.0,11.0,61.0,-0.1802464195556996,0.0,-1.0560686257066632,-4.935067061756293,-2.5685298860011136,0.8028690393131246,29.7983870967742,0.15,False,"CRM, NFLX, NOW",
2026-09-28,SJM,120.79000091552734,123.08999633789062,119.97000122070312,120.62999725341795,986000.0,-0.30578739386945,118941177.29187012,156750672.32196045,0.7292198235376776,2.4942855834960938,-8.502732665793411,4.090083055844307,1.101790054146051,0.5514295071397207,-0.9743846916908172,0.8291747390069072,-0.928027333734558,-0.5422485542151865,-0.3403862142493838,-0.1845886992618791,21.153752102977425,0.2132368971121234,57.05765407554672,30.417495029821072,68.19085487077535,18.290258449304176,51.19284294234593,43.25049701789264,35.14910536779324,15.506958250497018,13.518886679920476,48.4831684508544,49.47117296222663,True,-0.5190242909815734,False,False,False,False,False,False,STRESS,0.448,STRESS,RISK_ON,0.156,0.93,0.907,Consumer Staples,33.1,36.1,36.1,36.1,0.0,88.9,REJECTED,STRESS,0.448,0.136,0.2125,0.136,0.1105,0.255,29.3,False,False,NORMAL GİRİŞ,⭐,İşlem Açma,0.0,16.0,118.0,-0.2104737256454074,0.0084745762711864,-0.3645033970273883,-1.031861359948116,2.6933821756893908,0.5750453263604793,25.221774193548388,0.15,False,"WMT, BRK-B, COST",
2026-09-28,VTR,86.87999725341797,87.87000274658203,86.51000213623047,87.04000091552734,2166000.0,0.5196958039826116,188528641.98303223,272459071.60720825,0.559593042031483,1.5585686819893974,-6.297770572152716,-2.5307940475617574,0.7267389300641676,0.510579563797085,-1.0937868184490078,-0.1746218685111261,-0.2582847213173597,-0.086907256542666,-0.0683823446914023,-0.3351338656320081,38.97048098823054,1.038720094964185,82.50497017892644,45.92445328031809,54.47316103379721,2.584493041749503,50.62624254473161,36.24254473161034,23.30019880715706,4.095427435387674,36.58051689860835,56.84635227377335,40.37972166998012,True,-0.5190242909815734,False,False,True,False,False,False,STRESS,0.448,STRESS,RISK_ON,0.156,0.93,0.907,Finance,32.9,35.9,35.9,35.9,0.0,88.9,REJECTED,STRESS,0.448,0.136,0.2125,0.136,0.1105,0.255,26.0,True,False,NORMAL GİRİŞ,⭐,İşlem Açma,0.0,16.0,118.0,-0.2104737256454074,0.0084745762711864,-0.3645033970273883,-1.031861359948116,2.079249281186452,1.1891782208634183,26.491935483870968,0.15,False,"WMT, BRK-B, COST",
2026-09-28,AON,277.5,278.3999938964844,270.0,272.1000061035156,1833800.0,-2.1187756170261696,498976991.19262695,707518206.2669678,0.8245503597122302,7.601429530552456,-22.15928421343528,-16.93378328188917,2.508589273607385,0.6999204457949187,0.6580634819975529,0.5575346440744811,0.325502491799173,-0.858718787189443,-0.5642845984210776,-0.363443119194664,25.000090826191368,-1.599751326044596,13.916500994035786,2.3856858846918487,12.326043737574553,33.00198807157058,7.852882703777337,73.01192842942345,12.246520874751493,52.246520874751496,76.1431411530815,15.921480255581365,58.415506958250496,True,-0.5190242909815734,False,False,False,False,False,False,STRESS,0.448,STRESS,RISK_ON,0.156,0.93,0.907,Finance,37.7,35.7,35.7,35.7,0.0,88.9,REJECTED,STRESS,0.448,0.136,0.2125,0.136,0.1105,0.255,51.3,False,False,NORMAL GİRİŞ,⭐,İşlem Açma,0.0,16.0,118.0,-0.2104737256454074,0.0084745762711864,-0.3645033970273883,-1.031861359948116,-4.369215044369473,7.637642546419343,37.479838709677416,0.15,False,"WMT, BRK-B, COST",
2026-09-28,ICE,153.67999267578125,155.4600067138672,152.50999450683594,152.91000366210938,2346900.0,-0.9072606562337436,358864487.5946045,467280294.2077637,0.7321353088622718,3.369287763323103,-5.166209586883297,24.408106469863625,1.572132286680488,0.5688178675164002,-1.1752521798867464,-0.2235352025416299,0.1656492996966754,-1.264802310208844,-0.518300126207767,-0.0887590523010779,13.559576272939813,-0.3882363652521703,36.18290258449304,53.677932405566594,93.24055666003976,18.687872763419485,75.43737574552684,41.74950298210735,39.44333996023856,12.882703777335983,64.21471172962227,44.9812061362403,42.59840954274354,True,-0.5190242909815734,False,False,False,False,False,False,STRESS,0.448,STRESS,RISK_ON,0.156,0.93,0.907,Finance,37.7,35.7,35.7,35.7,0.0,88.9,REJECTED,STRESS,0.448,0.136,0.2125,0.136,0.1105,0.255,39.8,False,False,NORMAL GİRİŞ,⭐,İşlem Açma,0.0,11.0,61.0,-0.1802464195556996,0.0,-1.0560686257066632,-4.935067061756293,1.176009971664027,-2.941670818352016,22.41935483870968,0.15,False,"CRM, NFLX, NOW",
2026-09-28,YUM,138.77999877929688,140.3000030517578,137.5500030517578,138.27999877929688,1840700.0,-0.2524749990534092,254531993.75305176,309943816.6595459,0.805161572529936,4.093573434012277,-8.271974275756634,-12.613752035328062,1.758170566406644,0.5387908705544475,-0.971755551094211,-0.6971644101091179,-1.0365801473145944,-0.3080026401868616,-0.3398198908025568,-0.2235374806317328,26.54529918323864,0.2665492919281642,58.64811133200796,31.809145129224653,23.45924453280318,30.417495029821072,27.21669980119285,21.08349900596421,32.20675944333996,22.862823061630216,44.93041749502982,41.54916212508331,49.37375745526839,True,-0.5190242909815734,False,False,False,False,False,False,STRESS,0.448,STRESS,RISK_ON,0.156,0.93,0.907,Consumer Services,32.6,35.6,35.6,35.6,0.0,88.9,REJECTED,STRESS,0.448,0.136,0.2125,0.136,0.1105,0.255,29.5,False,False,NORMAL GİRİŞ,⭐,İşlem Açma,0.0,16.0,118.0,-0.2104737256454074,0.0084745762711864,-0.3645033970273883,-1.031861359948116,1.3141478097134565,1.9542796923364136,27.94354838709677,0.15,False,"WMT, BRK-B, COST",
2026-09-28,SPGI,400.0,400.6499938964844,395.1199951171875,395.9200134277344,1709500.0,-1.82989699692796,676825262.9547119,688807110.1455688,0.9508394585860608,8.86714608328683,-9.065432502415216,2.4298668809507484,1.7279352586041266,0.7558299957453024,-0.2108190047513441,0.0265454399969507,0.818782313354972,-1.146602961063101,-0.7228705292841888,-0.3414839153950092,14.46688041852688,-1.3108727059463865,18.290258449304176,27.435387673956264,66.00397614314116,57.05765407554672,48.64811133200796,63.74751491053678,10.576540755467196,50.13916500994036,75.3479125248509,31.206131381812924,56.06560636182903,True,-0.5190242909815734,False,False,False,False,False,False,STRESS,0.448,STRESS,RISK_ON,0.156,0.93,0.907,Commercial Services,37.5,35.5,35.5,35.5,0.0,88.9,REJECTED,STRESS,0.448,0.136,0.2125,0.136,0.1105,0.255,47.4,False,False,NORMAL GİRİŞ,⭐,İşlem Açma,0.0,11.0,61.0,-0.1802464195556996,0.0,-1.0560686257066632,-4.935067061756293,0.6454473689869511,-2.41110821567494,23.44758064516129,0.15,False,"CRM, NFLX, NOW",
2026-09-28,FDXF,112.79000091552734,113.58999633789062,110.5,112.3000030517578,1490400.0,-0.777520101647966,167371924.54833984,192197472.54333496,0.8681495029867395,4.782143729073661,-15.722324163784007,-24.978286424104613,2.140684251565573,0.5754272784232867,0.4715564102446719,-0.936447202070086,-0.8033332527004392,0.338278886137471,0.0194195480627734,-0.2958522739227978,58.25259498483996,-0.2584958106663926,40.55666003976143,6.163021868787276,4.572564612326044,40.55666003976143,5.288270377733599,36.01391650099404,32.763419483101394,53.83697813121272,20.47713717693837,32.62247619828519,60.46520874751491,True,-0.5190242909815734,False,False,False,False,False,False,STRESS,0.448,STRESS,RISK_ON,0.156,0.93,0.907,Transportation,37.3,35.3,35.3,35.3,0.0,88.9,REJECTED,STRESS,0.448,0.136,0.2125,0.136,0.1105,0.255,35.5,False,False,NORMAL GİRİŞ,⭐,İşlem Açma,0.0,,,,,,,,,50.0,0.15,False,,
2026-09-28,FTV,55.59999847412109,55.88999938964844,55.119998931884766,55.7599983215332,1829500.0,-0.5883434304812751,102012916.929245,123591780.13114928,0.780366915343306,1.0744285583496094,-6.942592921339785,-8.09296469172045,1.4649460735192754,0.5976528795946318,-0.7063106485591949,0.0633609133237591,-0.4797796364702991,0.9433943727295996,0.4577906475568613,-0.0855612002203481,83.11675443767928,-0.0693191394997017,47.514910536779325,40.55666003976143,34.99005964214712,25.844930417495032,37.49502982107356,43.66799204771372,68.58846918489066,23.30019880715706,6.560636182902585,48.13473707398662,51.90854870775348,True,-0.5190242909815734,False,False,False,True,False,False,STRESS,0.448,STRESS,RISK_ON,0.156,0.93,0.907,Industrials,37.2,35.2,35.2,35.2,0.0,88.9,REJECTED,STRESS,0.448,0.136,0.2125,0.136,0.1105,0.255,39.6,False,False,NORMAL GİRİŞ,⭐,İşlem Açma,0.0,10.0,5.0,-0.2405176294880411,0.0,-1.9728511929877124,-8.178420387959639,4.892292690901712,-4.5767297202452095,3.598790322580645,0.15,True,"Industrials · LVS, WYNN, FTV",
2026-09-28,CNP,36.900001525878906,37.04999923706055,36.59000015258789,36.619998931884766,6036400.0,-0.5971802925947345,221052961.5524292,252958292.4194336,0.905638863675576,0.6071423121861049,-6.795625014291762,-18.240681107647315,0.9394065923581398,0.4214159840287634,-0.1123379475681722,-0.4335170193334164,-0.3817642224490334,-1.04539361531452,-0.7521797721128489,-0.1667625486815192,6.5214867397542005,-0.078156001613161,47.11729622266402,41.74950298210736,10.337972166998012,48.9065606361829,24.473161033797226,45.50695825049701,31.570576540755468,48.03180914512922,33.20079522862823,33.90065762029749,36.30019880715705,True,-0.5190242909815734,False,False,False,False,False,False,STRESS,0.448,STRESS,RISK_ON,0.156,0.93,0.907,Utilities,36.9,34.9,34.9,34.9,0.0,88.9,REJECTED,STRESS,0.448,0.136,0.2125,0.136,0.1105,0.255,39.4,False,False,NORMAL GİRİŞ,⭐,İşlem Açma,0.0,16.0,118.0,-0.2104737256454074,0.0084745762711864,-0.3645033970273883,-1.031861359948116,-1.5384626957857748,4.806890197835645,34.233870967741936,0.15,False,"WMT, BRK-B, COST",
2026-09-28,HCA,431.1600036621094,443.1499938964844,431.1600036621094,432.6000061035156,1045200.0,-0.6909803147918336,452153526.3793945,560784492.612915,0.6755429162357808,14.234285627092634,3.162113345618267,10.26431985917866,1.885183950236984,0.6304436784976225,-0.8468234224058061,-0.3432496556727305,-0.507799510343608,-0.671180414492616,-0.3638444034941256,-0.166145044104327,12.010038484249964,-0.1719560238102602,43.33996023856859,87.67395626242545,79.52286282306163,10.934393638170974,83.19085487077535,32.79324055666004,35.62624254473161,12.365805168986084,71.57057654075547,45.6075644846079,48.54075546719682,True,-0.5190242909815734,False,False,False,False,False,False,STRESS,0.448,STRESS,RISK_ON,0.156,0.93,0.907,Health Services,36.8,34.8,34.8,34.8,0.0,88.9,REJECTED,STRESS,0.448,0.136,0.2125,0.136,0.1105,0.255,37.3,False,False,NORMAL GİRİŞ,⭐,İşlem Açma,0.0,16.0,118.0,-0.2104737256454074,0.0084745762711864,-0.3645033970273883,-1.031861359948116,3.624205314708057,-0.3557778126581867,23.77016129032258,0.15,False,"WMT, BRK-B, COST",
2026-09-28,NOC,509.0499877929688,513.8400268554688,503.9400024414063,505.7999877929688,542100.0,-0.9245477791814172,274194173.3825684,425525456.72058105,0.6697801994143593,11.232862200055804,-7.214795041005129,1.9716922287344785,1.2452300940650645,0.4104604040330001,-0.9915455638059668,-0.0207989675500946,0.2785459593224218,-0.8123760615341542,-0.4910623790088901,-0.1503322446153816,18.78768449217642,-0.4055234881998437,35.188866799204774,38.36978131212724,64.21471172962227,10.536779324055663,52.584493041749504,46.809145129224646,36.18290258449304,10.377733598409542,58.64811133200796,37.27638276333295,32.02783300198807,True,-0.5190242909815734,False,False,False,False,False,False,STRESS,0.448,STRESS,RISK_ON,0.156,0.93,0.907,Electronic Technology,36.8,34.8,34.8,34.8,0.0,88.9,REJECTED,STRESS,0.448,0.136,0.2125,0.136,0.1105,0.255,38.7,False,False,NORMAL GİRİŞ,⭐,İşlem Açma,0.0,1.0,13.0,-0.1712524359611602,0.0,-1.734018036381213,-3.837534486151572,-0.5235358760033781,3.719429192186863,35.796370967741936,0.15,False,"Electronic Technology · GE, BA, HWM",
2026-09-28,TYL,320.75,325.7900085449219,317.3699951171875,324.0199890136719,603700.0,-0.4760937050946712,195610867.3675537,237114153.52478027,0.6103590168740964,11.523570469447543,-12.398618737517063,11.442816513730648,2.2827154729352714,1.0998585470216693,-0.5511862387143548,-0.8682440218375486,-0.8999999172873998,0.9409314321601976,0.4935242672349741,-0.2921470127485167,78.97842388920905,0.0429305858869022,51.689860834990064,13.12127236580517,81.31212723658051,4.970178926441352,50.62624254473161,19.055666003976143,40.95427435387674,12.524850894632204,29.62226640159046,53.01016843265848,73.9662027833002,True,-0.5190242909815734,False,False,False,False,False,False,STRESS,0.448,STRESS,RISK_ON,0.156,0.93,0.907,Technology Services,33.5,34.8,34.8,34.8,0.0,88.9,REJECTED,STRESS,0.448,0.136,0.2125,0.136,0.1105,0.255,26.4,False,False,NORMAL GİRİŞ,⭐,İşlem Açma,0.0,11.0,61.0,-0.1802464195556996,0.0,-1.0560686257066632,-4.935067061756293,0.2206696984969447,-1.9863305451849336,24.41532258064516,0.15,False,"CRM, NFLX, NOW",
2026-09-28,FIS,35.15999984741211,35.15999984741211,34.27000045776367,34.310001373291016,8891500.0,-3.1064628039005338,305067377.21061707,222909384.62257385,1.4511877657273893,1.0714285714285714,-15.388405984485775,-11.32075116750836,1.9213234742201497,0.7433503594960794,1.499004925603873,0.1827885475705511,0.3707310022701412,-1.4037147257501623,-0.9303354364188112,-0.3088984172211481,4.494487972979924,-2.5874385129189603,6.958250497017893,6.560636182902585,26.838966202783297,94.03578528827038,17.713717693836976,80.15904572564612,8.986083499005964,94.5924453280318,27.634194831013914,19.68006509948487,69.58449304174951,True,-0.5190242909815734,False,False,False,False,False,False,STRESS,0.448,STRESS,RISK_ON,0.156,0.93,0.907,Technology Services,37.4,34.6,34.6,34.6,0.0,88.9,REJECTED,STRESS,0.448,0.136,0.2125,0.136,0.1105,0.255,51.2,False,False,NORMAL GİRİŞ,⭐,İşlem Açma,0.0,11.0,61.0,-0.1802464195556996,0.0,-1.0560686257066632,-4.935067061756293,0.2586190427272705,-2.02427988941526,24.375,0.15,False,"CRM, NFLX, NOW",
2026-09-28,AWK,130.44000244140625,131.0500030517578,128.47000122070312,128.92999267578125,1744500.0,-1.5124978465654304,224918372.2229004,264874035.88659668,0.9130209505466612,2.382855006626674,-5.677084881277894,-2.694345150353772,0.866402776274019,0.4324054373495733,-0.446812248403977,0.5189299567715259,0.9634297730103124,-0.9821497687597572,-0.6172533607754771,-0.2620543438809506,17.829113512298694,-0.993473555583857,21.47117296222664,50.49701789264414,53.677932405566594,50.6958250497018,52.246520874751496,68.39960238568588,19.76143141153081,42.266401590457264,35.387673956262425,31.76700677866525,38.07554671968191,True,-0.5190242909815734,False,False,False,False,False,False,STRESS,0.448,STRESS,RISK_ON,0.156,0.93,0.907,Utilities,36.4,34.4,34.4,34.4,0.0,88.9,REJECTED,STRESS,0.448,0.136,0.2125,0.136,0.1105,0.255,42.0,False,False,NORMAL GİRİŞ,⭐,İşlem Açma,0.0,16.0,118.0,-0.2104737256454074,0.0084745762711864,-0.3645033970273883,-1.031861359948116,-1.6942860850048866,4.962713587054757,34.435483870967744,0.15,False,"WMT, BRK-B, COST",
2026-09-28,GPN,85.05000305175781,85.63999938964844,83.76000213623047,84.69999694824219,1889300.0,-2.0696045320139467,160023704.23431396,198694318.2434082,0.7659966105268279,2.3035714285714284,-8.66940160853764,19.09448389797832,1.744415601304841,0.8833957074381926,-1.2535896269040523,0.6291426343885833,0.9554055639985836,-0.1304976565024697,-0.0837804110951037,-0.0992000567252868,49.99979709027454,-1.5505802410323732,14.512922465208748,29.02584493041749,89.26441351888667,22.664015904572565,62.15705765407554,60.02982107355865,51.13320079522863,14.870775347912526,22.266401590457257,38.51588428159207,65.11133200795229,True,-0.5190242909815734,False,False,False,True,False,False,STRESS,0.448,STRESS,RISK_ON,0.156,0.93,0.907,Finance,36.4,34.4,34.4,34.4,0.0,88.9,REJECTED,STRESS,0.448,0.136,0.2125,0.136,0.1105,0.255,40.8,False,False,NORMAL GİRİŞ,⭐,İşlem Açma,0.0,11.0,61.0,-0.1802464195556996,0.0,-1.0560686257066632,-4.935067061756293,2.0675595871881502,-3.8332204338761393,20.74596774193548,0.15,True,"CRM, NFLX, NOW",
2026-09-28,ADM,81.9000015258789,82.08999633789062,80.30999755859375,80.37999725341797,2834700.0,-0.9122355376094292,227853178.21426392,296791513.1835937,0.7274616983601508,2.337857927594866,1.6182013317546984,4.566147070922288,1.7807212005701512,0.7049791691634437,-0.7048061664654791,-0.7066376504350276,-0.1429096032813833,-1.6154793936400529,-0.8910127385258971,-0.1684708214552913,3.932569821866374,-0.3932112466278559,35.984095427435385,83.89662027833002,68.78727634194831,17.693836978131213,75.58648111332008,34.01590457256461,25.36779324055666,18.489065606361827,41.5506958250497,38.7690025090256,59.99602385685885,True,-0.5190242909815734,False,False,False,False,False,False,STRESS,0.448,STRESS,RISK_ON,0.156,0.93,0.907,Process Industries,36.3,34.3,34.3,34.3,0.0,88.9,REJECTED,STRESS,0.448,0.136,0.2125,0.136,0.1105,0.255,29.8,False,False,NORMAL GİRİŞ,⭐,İşlem Açma,0.0,15.0,30.0,-0.1308529576753245,0.0333333333333333,-0.698864283433287,0.0804663215365764,-1.195867824711816,4.923657644606816,62.0866935483871,0.15,False,"Energy Minerals · XOM, CVX, VLO",
2026-09-28,EXR,133.0500030517578,133.57000732421875,130.77000427246094,131.67999267578125,1206900.0,-1.2523534692889249,158924583.1604004,183058725.6690979,0.7959191748661267,2.729998997279576,-7.78066203811103,-11.183061732239809,1.197029514168976,0.5118143285950166,0.2179705088184158,0.3300962548177155,0.2496559654028889,-0.552823088685247,-0.4126849444962153,-0.194629092707939,32.49955041116942,-0.7333291783073514,26.043737574552683,35.58648111332008,27.037773359840955,29.22465208747515,30.884691848906563,65.02982107355865,33.39960238568588,42.42544731610338,19.284294234592444,28.37619758584855,46.74950298210736,True,-0.5190242909815734,False,False,False,False,False,False,STRESS,0.448,STRESS,RISK_ON,0.156,0.93,0.907,Finance,36.3,34.3,34.3,34.3,0.0,88.9,REJECTED,STRESS,0.448,0.136,0.2125,0.136,0.1105,0.255,41.9,False,False,NORMAL GİRİŞ,⭐,İşlem Açma,0.0,16.0,118.0,-0.2104737256454074,0.0084745762711864,-0.3645033970273883,-1.031861359948116,-2.137113066901014,5.405540568950884,35.060483870967744,0.15,False,"WMT, BRK-B, COST",
2026-09-28,VRSN,284.0199890136719,285.07000732421875,280.1700134277344,282.07000732421875,470700.0,-1.8033046739012184,132770352.44750977,194506593.76220703,0.6319562853268531,7.437140328543527,-4.295454373759466,11.715318358833503,1.563672151056502,0.4953438252288195,-1.4029116813994036,-0.0817124721732928,1.6013394129331049,-0.615232661984233,-0.302550400777265,-0.0226390309134047,38.775433941817234,-1.2842803829196447,18.48906560636183,59.24453280318092,81.90854870775348,6.560636182902585,71.70974155069584,48.757455268389656,55.66600397614314,4.811133200795229,21.669980119284293,37.87754339418172,45.19880715705766,True,-0.5190242909815734,False,False,False,True,False,False,STRESS,0.448,STRESS,RISK_ON,0.156,0.93,0.907,Information Technology,36.3,34.3,34.3,34.3,0.0,88.9,REJECTED,STRESS,0.448,0.136,0.2125,0.136,0.1105,0.255,36.6,False,False,NORMAL GİRİŞ,⭐,İşlem Açma,0.0,11.0,61.0,-0.1802464195556996,0.0,-1.0560686257066632,-4.935067061756293,-5.712995054363379,3.9473342076753895,34.29435483870968,0.15,True,"CRM, NFLX, NOW",
2026-09-28,BR,162.00999450683594,163.85000610351562,160.7100067138672,162.9199981689453,836800.0,-0.5190242909815734,136331454.46777344,153086371.20437622,0.7817711301488243,3.868570600237165,-11.011580637456142,20.289425700638898,1.542750857293684,0.6085311269326227,-0.7341571161530677,-0.475853618210648,-0.7197815820151329,0.6889382967897012,0.3546155416142247,-0.2222479341881196,70.38190715462405,0.0,50.09940357852882,18.290258449304176,90.25844930417496,26.24254473161034,57.87276341948311,30.656063618290258,45.964214711729625,23.220675944334,13.12127236580517,56.12964200770893,56.28429423459245,True,-0.5190242909815734,False,False,False,True,False,False,STRESS,0.448,STRESS,RISK_ON,0.156,0.93,0.907,Industrials,36.0,34.0,34.0,34.0,0.0,88.9,REJECTED,STRESS,0.448,0.136,0.2125,0.136,0.1105,0.255,30.3,False,False,NORMAL GİRİŞ,⭐,İşlem Açma,0.0,11.0,61.0,-0.1802464195556996,0.0,-1.0560686257066632,-4.935067061756293,1.7266422609066523,-3.4923031075946414,21.270161290322577,0.15,True,"CRM, NFLX, NOW",
2026-09-28,OMC,75.5199966430664,75.8499984741211,74.68000030517578,75.0999984741211,2763500.0,-1.3788614979882596,207538845.78323364,204296222.51319885,0.8352210305844734,2.084997994559152,-14.5522829967902,1.5825760504816433,2.0420191943341317,0.665103990492954,0.0805902402194621,-0.6064504255162821,-0.1938359367062622,-0.5236122534685241,-0.3166673187526898,-0.1270198398697461,35.897335576509256,-0.8598372070066862,23.658051689860837,8.34990059642147,63.22067594433399,34.99005964214712,38.52882703777336,45.09940357852883,43.33996023856859,43.33996023856859,23.658051689860837,35.40484290158731,61.87872763419483,True,-0.5190242909815734,False,False,False,False,False,False,STRESS,0.448,STRESS,RISK_ON,0.156,0.93,0.907,Commercial Services,36.0,34.0,34.0,34.0,0.0,88.9,REJECTED,STRESS,0.448,0.136,0.2125,0.136,0.1105,0.255,39.9,False,False,NORMAL GİRİŞ,⭐,İşlem Açma,0.0,11.0,61.0,-0.1802464195556996,0.0,-1.0560686257066632,-4.935067061756293,2.11109066570776,-3.876751512395749,20.58467741935484,0.15,False,"CRM, NFLX, NOW",
2026-09-28,T,25.399999618530277,25.399999618530277,24.86000061035156,24.899999618530277,29162600.0,-1.891251213980849,726148728.875351,928472638.4319304,0.7662799610167492,0.6307148252214704,-2.0841540757755683,14.115488627544792,1.4096038839477087,0.6536128638357613,-0.9885302396902788,-0.15908667520754,1.6754355651525106,-1.839475053459182,-0.8851878212033979,-0.2128936710397375,7.407237341716264,-1.3722269229992756,16.898608349900595,69.98011928429423,84.69184890656064,22.86282306163022,78.07157057654075,51.91848906560636,17.8131212723658,17.852882703777336,83.49900596421472,32.92362631866467,44.439363817097416,True,-0.5190242909815734,False,False,False,False,False,False,STRESS,0.448,STRESS,RISK_ON,0.156,0.93,0.907,Communications,35.6,33.6,33.6,33.6,0.0,88.9,REJECTED,STRESS,0.448,0.136,0.2125,0.136,0.1105,0.255,41.2,False,False,NORMAL GİRİŞ,⭐,İşlem Açma,0.0,16.0,118.0,-0.2104737256454074,0.0084745762711864,-0.3645033970273883,-1.031861359948116,-0.0933480926443128,3.361775594694183,31.290322580645164,0.15,False,"WMT, BRK-B, COST",
2026-09-28,VRSK,168.82000732421875,169.5800018310547,166.3000030517578,167.77000427246094,1152100.0,-0.8510149425389968,193287821.92230225,192264110.96115112,0.9369256542458893,5.465001787458148,-12.171498129797442,-6.383569961240488,2.4563884921284203,0.6817840889585214,-0.4232785565819917,-1.3995324952245545,-0.4499787132919637,-0.3616307138740025,-0.201066952613999,-0.1443710942319643,44.8171270666828,-0.3319906515574233,38.17097415506958,13.916500994035786,41.5506958250497,54.87077534791253,29.11530815109344,31.53081510934394,42.38568588469185,45.16898608349901,20.675944333996025,40.52843238857683,65.45924453280318,True,-0.5190242909815734,False,False,False,False,False,False,STRESS,0.448,STRESS,RISK_ON,0.156,0.93,0.907,Technology Services,35.7,33.6,33.6,33.6,0.0,88.9,REJECTED,STRESS,0.448,0.136,0.2125,0.136,0.1105,0.255,35.3,False,False,NORMAL GİRİŞ,⭐,İşlem Açma,0.0,11.0,61.0,-0.1802464195556996,0.0,-1.0560686257066632,-4.935067061756293,0.2886788772782589,-2.054339723966248,24.254032258064512,0.15,False,"CRM, NFLX, NOW",
2026-09-28,GDDY,96.0,96.125,93.4800033569336,93.70999908447266,2266700.0,-3.5309865418233555,212412454.92477417,198058462.85888672,0.8399867333458094,5.380499158586774,-3.3718301871801915,9.936648386288894,3.9894746466164,0.9297899448614104,0.3584736694528307,-0.7235615655986554,0.1511881815849189,-1.8507608024115765,-0.8439531563234637,-0.0514379797367738,8.695501680199605,-3.011962250841782,4.970178926441352,64.01590457256461,78.92644135188867,35.984095427435385,72.21669980119285,49.12524850894632,40.63618290258449,49.02584493041749,22.0675944333996,29.828794700823146,76.04771371769384,True,-0.5190242909815734,False,False,False,False,False,False,STRESS,0.448,STRESS,RISK_ON,0.156,0.93,0.907,Technology Services,37.5,33.5,33.5,33.5,0.0,88.9,REJECTED,STRESS,0.448,0.136,0.2125,0.136,0.1105,0.255,41.1,False,False,NORMAL GİRİŞ,⭐,İşlem Açma,0.0,11.0,61.0,-0.1802464195556996,0.0,-1.0560686257066632,-4.935067061756293,-7.797133244626664,6.031472397938675,36.25,0.15,False,"CRM, NFLX, NOW",
2026-09-28,VICI,23.440000534057617,23.479999542236328,23.13999938964844,23.190000534057617,10684300.0,-1.3611216150951069,247768922.7060318,243229047.193718,1.002635080732192,0.3945717130388532,-10.01163937113847,-14.679909734887351,0.976670069836488,0.3610713079544986,0.426606987687269,0.1694233454395407,0.3467806218840988,-0.9465480848565352,-0.7191138686622761,-0.449978159509018,14.706212343906024,-0.8420973241135332,24.2544731610338,22.664015904572565,17.693836978131213,65.00994035785288,19.930417495029825,70.52683896620279,8.74751491053678,67.63419483101393,31.411530815109344,24.40799697991744,39.87077534791253,True,-0.5190242909815734,False,False,False,False,False,False,STRESS,0.448,STRESS,RISK_ON,0.156,0.93,0.907,Finance,35.5,33.5,33.5,33.5,0.0,88.9,REJECTED,STRESS,0.448,0.136,0.2125,0.136,0.1105,0.255,43.6,False,False,NORMAL GİRİŞ,⭐,İşlem Açma,0.0,16.0,118.0,-0.2104737256454074,0.0084745762711864,-0.3645033970273883,-1.031861359948116,-1.5081217606721595,4.77654926272203,34.112903225806456,0.15,False,"WMT, BRK-B, COST",
2026-09-28,NSC,313.1600036621094,314.67999267578125,311.69000244140625,313.04998779296875,722400.0,0.01597054088458,226147311.18164065,318920513.5620117,0.6346473156632434,4.843573434012277,-10.025008538220693,-1.1369057972623442,1.006360410743321,0.3195600010991972,-1.0116651765265905,-0.8661126348915734,-1.3306347983096805,0.1410436855251701,-0.0662269331264799,-0.3892409492025575,45.48460847554503,0.5349948318661535,68.19085487077535,22.266401590457257,57.05765407554672,6.958250497017893,41.40159045725646,9.284294234592446,23.41948310139165,7.5149105367793245,46.52087475149106,50.97092605630202,32.16500994035785,True,-0.5190242909815734,False,False,True,False,False,False,STRESS,0.448,STRESS,RISK_ON,0.156,0.93,0.907,Transportation,30.4,33.4,33.4,33.4,0.0,88.9,REJECTED,STRESS,0.448,0.136,0.2125,0.136,0.1105,0.255,20.6,False,False,NORMAL GİRİŞ,⭐,İşlem Açma,0.0,4.0,10.0,-0.1381315028332713,0.0,1.8642427892004376,-4.648592127244914,1.126738169877478,0.3700999954294959,33.059475806451616,0.15,False,"Transportation · UNP, FDX, CSX",
2026-09-28,IP,34.59000015258789,34.83000183105469,33.93000030517578,34.0,5515800.0,-2.912622628300243,187537200.0,180462857.6202011,1.058131225690731,1.1692853655133928,-14.744232698094285,-11.064608945854037,2.3185729223975504,1.08010137415972,0.5317795597661247,0.0332096753151535,0.6935392791895366,-1.1489208981502546,-0.7594445386343407,-0.3426910031007807,7.777730682829653,-2.3935983373186698,7.75347912524851,7.5546719681908545,27.23658051689861,72.36580516898609,18.37972166998012,72.82306163021869,10.377733598409542,73.558648111332,17.693836978131213,18.46465179591716,82.96421471172961,True,-0.5190242909815734,False,False,False,False,False,False,STRESS,0.448,STRESS,RISK_ON,0.156,0.93,0.907,Process Industries,38.4,33.2,33.2,33.2,0.0,88.9,REJECTED,STRESS,0.448,0.136,0.2125,0.136,0.1105,0.255,43.2,False,False,NORMAL GİRİŞ,⭐,İşlem Açma,0.0,5.0,58.0,-0.1344888979117103,0.0517241379310344,2.951486161549844,0.7464781743023456,-5.012744095942157,2.0261132619617817,64.18346774193547,0.15,False,"HD, DE, LOW",
2026-09-28,IT,185.2899932861328,187.00999450683597,182.63999938964844,185.72999572753903,896400.0,-1.1548686745252223,166488368.17016602,173620678.6178589,0.8404984482095808,7.970716203962054,-5.528995052116448,39.86745668163197,3.8694456427049535,1.021092287924585,-0.9439262831286316,-0.9886015392037782,-0.6564753686527266,0.4525293036122981,0.2731123774407106,-0.1089260670143204,70.70937735690941,-0.6358443835436489,28.23061630218688,51.491053677932406,97.0178926441352,36.58051689860835,76.53081510934395,24.87077534791252,58.01192842942346,26.719681908548708,16.50099403578529,51.439725012032895,75.74353876739563,True,-0.5190242909815734,False,False,False,True,False,False,STRESS,0.448,STRESS,RISK_ON,0.156,0.93,0.907,Technology Services,37.1,33.2,33.2,33.2,0.0,88.9,REJECTED,STRESS,0.448,0.136,0.2125,0.136,0.1105,0.255,33.5,False,False,NORMAL GİRİŞ,⭐,İşlem Açma,0.0,11.0,61.0,-0.1802464195556996,0.0,-1.0560686257066632,-4.935067061756293,4.073956450768412,-5.839617297456401,18.72983870967742,0.15,True,"CRM, NFLX, NOW",
2026-09-28,SYF,72.37999725341797,72.37999725341797,71.33000183105469,71.5199966430664,2586800.0,-1.9468134779410675,185007927.31628415,206345867.63076785,0.8569847837826198,2.058643341064453,-10.5217106930234,-8.74059379473472,1.6050431533020844,0.7999684646948396,-0.6540860833256896,-0.3928397257540363,1.1818056091671547,-1.222168243856066,-0.7195302452316077,-0.1649659192691424,18.094822888283375,-1.427789186959494,16.10337972166998,20.27833001988072,33.59840954274354,39.165009940357855,27.60437375745527,51.66003976143141,29.86083499005964,32.007952286282304,24.055666003976143,23.75878646377864,65.14115308151094,True,-0.5190242909815734,False,False,False,False,False,False,STRESS,0.448,STRESS,RISK_ON,0.156,0.93,0.907,Finance,35.3,33.2,33.2,33.2,0.0,88.9,REJECTED,STRESS,0.448,0.136,0.2125,0.136,0.1105,0.255,35.7,False,False,NORMAL GİRİŞ,⭐,İşlem Açma,0.0,2.0,35.0,-0.113706142892541,0.0571428571428571,-2.0972182618281487,-1.937988913512056,-0.8395330753807162,0.2512952860411426,58.76008064516129,0.15,False,"Finance · JPM, BAC, GS",
2026-09-28,VLTO,97.13999938964844,97.26499938964844,95.81999969482422,96.1999969482422,1239200.0,-0.9676780392345984,119211036.21826172,169264348.10580444,0.6947453992459388,1.5930720738002233,-2.205960203067825,8.922097993933642,0.9993249074906322,0.5239394073020137,-0.6985419394125408,0.0915754013968972,0.1703696552797302,-1.1251839011849272,-0.5534630594670511,-0.1711946966447936,26.297393333650128,-0.448653748253025,33.99602385685885,69.38369781312127,77.13717693836978,13.320079522862825,73.64811133200796,49.98011928429423,30.019880715705767,15.944333996023856,15.705765407554672,41.197333766764615,46.88866799204771,True,-0.5190242909815734,False,False,False,False,False,False,STRESS,0.448,STRESS,RISK_ON,0.156,0.93,0.907,Industrials,35.2,33.2,33.2,33.2,0.0,88.9,REJECTED,STRESS,0.448,0.136,0.2125,0.136,0.1105,0.255,30.3,False,False,NORMAL GİRİŞ,⭐,İşlem Açma,0.0,9.0,21.0,-0.0766607292329303,0.0,-0.006045672065269,-0.1080115499304419,2.7809489891624795,-0.1796113431720813,50.86693548387097,0.15,False,"Health Technology · BSX, MDT, ISRG",
2026-09-28,UHS,178.25999450683594,183.4600067138672,177.3699951171875,177.47999572753906,764400.0,-0.7715558974076386,135665708.73413086,137250630.62057495,0.9716166918765016,6.270003182547433,2.8392604748748607,20.71826671713988,1.6134609471209111,0.5677399056948168,-0.01050784813274,-0.0355600309493935,-0.7716787720161195,-1.0980495921252085,-0.587766558510705,-0.2778281158486238,1.806246319982962,-0.2525316064260652,40.95427435387674,86.48111332007953,91.25248508946322,60.43737574552684,89.10536779324056,49.12524850894632,16.540755467196817,56.938369781312126,9.940357852882704,48.90627075525874,61.37375745526839,True,-0.5190242909815734,False,False,False,False,False,False,STRESS,0.448,STRESS,RISK_ON,0.156,0.93,0.907,Health Care,35.1,33.1,33.1,33.1,0.0,88.9,REJECTED,STRESS,0.448,0.136,0.2125,0.136,0.1105,0.255,33.1,False,False,NORMAL GİRİŞ,⭐,İşlem Açma,0.0,16.0,118.0,-0.2104737256454074,0.0084745762711864,-0.3645033970273883,-1.031861359948116,3.6357948487894367,-0.3673673467395666,23.72983870967742,0.15,False,"WMT, BRK-B, COST",
2026-09-28,CTVA,78.41000366210938,78.88999938964844,77.66000366210938,77.73999786376953,3224300.0,-0.9933759712733692,250657075.1121521,397706355.0186157,0.6515145698161017,2.3028575352260043,-5.655342398337959,-6.753031229735484,1.645168147972343,0.5786311500634189,-0.7205595695940968,-1.597901909694579,0.0078198234183543,-1.318788962119737,-0.7235851455792779,-0.1253788431449464,6.503616221513727,-0.4743516802917957,33.20079522862823,50.6958250497018,40.357852882703774,8.548707753479125,45.00994035785288,26.87872763419483,33.51888667992048,12.76341948310139,55.46719681908549,30.35215088656489,47.8986083499006,True,-0.5190242909815734,False,False,False,False,False,False,STRESS,0.448,STRESS,RISK_ON,0.156,0.93,0.907,Process Industries,35.0,33.0,33.0,33.0,0.0,88.9,REJECTED,STRESS,0.448,0.136,0.2125,0.136,0.1105,0.255,31.8,False,False,NORMAL GİRİŞ,⭐,İşlem Açma,0.0,15.0,30.0,-0.1308529576753245,0.0333333333333333,-0.698864283433287,0.0804663215365764,0.6703480680565699,3.05744175183843,57.73185483870968,0.15,False,"Energy Minerals · XOM, CVX, VLO",
2026-09-28,TFC,47.54999923706055,47.59999847412109,47.04999923706055,47.09000015258789,6402000.0,-1.1959708280510406,301470180.9768677,328934270.5,0.8401012530657397,1.0714291163853236,-6.381709438195038,-6.899960157002982,1.5414544919574382,0.4442946237326223,-0.2055519992214411,-1.3775559005544298,0.4392693667537706,-1.4951591299795326,-0.8463614673426783,-0.2595319428361207,7.272903820944798,-0.6769465370694672,27.23658051689861,44.53280318091451,39.761431411530815,36.18290258449304,41.90854870775348,40.20874751491054,13.876739562624255,37.69383697813121,48.111332007952285,28.144785411915556,44.0337972166998,True,-0.5190242909815734,False,False,False,False,False,False,STRESS,0.448,STRESS,RISK_ON,0.156,0.93,0.907,Finance,34.6,32.6,32.6,32.6,0.0,88.9,REJECTED,STRESS,0.448,0.136,0.2125,0.136,0.1105,0.255,33.4,False,False,NORMAL GİRİŞ,⭐,İşlem Açma,0.0,2.0,35.0,-0.113706142892541,0.0571428571428571,-2.0972182618281487,-1.937988913512056,-0.0974874717388663,-0.4907503176007073,57.08669354838709,0.15,False,"Finance · JPM, BAC, GS",
2026-09-28,EQT,50.720001220703125,50.720001220703125,49.720001220703125,49.869998931884766,5264100.0,-1.850034276716972,262520661.3773346,345315743.8785553,0.708033757396788,1.462141854422433,-8.94650551052627,-4.09615590022161,1.6120108117015723,0.6084641320120825,-0.878240533084933,-0.6204480229023412,1.5666484440070003,-1.2847929104208975,-0.7675035476684571,-0.1715799119479255,14.999771118164062,-1.3310099857353983,17.693836978131213,28.031809145129227,49.30417495029821,14.910536779324056,39.73161033797217,43.53876739562624,27.673956262425445,14.353876739562622,50.09940357852882,25.08944033249235,51.781312127236575,True,-0.5190242909815734,False,False,False,False,False,False,STRESS,0.448,STRESS,RISK_ON,0.156,0.93,0.907,Energy Minerals,34.0,32.0,32.0,32.0,0.0,88.9,REJECTED,STRESS,0.448,0.136,0.2125,0.136,0.1105,0.255,34.3,False,False,NORMAL GİRİŞ,⭐,İşlem Açma,0.0,15.0,30.0,-0.1308529576753245,0.0333333333333333,-0.698864283433287,0.0804663215365764,1.8834616657213088,1.8443281541736911,55.2116935483871,0.15,False,"Energy Minerals · XOM, CVX, VLO",
2026-09-28,CTSH,56.650001525878906,57.400001525878906,55.630001068115234,56.75,4846200.0,-1.0116898875459523,275021850.0,306619449.9890747,0.7942799778738399,2.077856881277902,-10.99435382685069,46.48941662364481,2.560267878549285,0.9378051585859616,-0.9934359435738992,-0.3039999793876762,-0.3923490031077634,0.1699532652344044,0.171467688229399,-0.323857482844073,63.27675944783888,-0.4926655965643789,32.60437375745527,18.48906560636183,98.40954274353876,29.02584493041749,62.445328031809154,37.27634194831014,27.276341948310137,21.391650099403577,44.333996023856855,47.635827038223255,71.10536779324056,True,-0.5190242909815734,False,False,False,False,False,False,STRESS,0.448,STRESS,RISK_ON,0.156,0.93,0.907,Technology Services,35.0,31.9,31.9,31.9,0.0,88.9,REJECTED,STRESS,0.448,0.136,0.2125,0.136,0.1105,0.255,32.5,False,False,NORMAL GİRİŞ,⭐,İşlem Açma,0.0,11.0,61.0,-0.1802464195556996,0.0,-1.0560686257066632,-4.935067061756293,-1.669780662009257,-0.095880184678732,28.145161290322577,0.15,False,"CRM, NFLX, NOW",
2026-09-28,HWM,230.9900054931641,231.8999938964844,227.0,228.32000732421875,1818100.0,-1.7893962834530153,415108605.3161621,791990763.5403748,0.445329502436563,6.262855529785156,-14.694561059511011,-14.98677911746704,3.3220572502157677,1.3712486121910217,-0.684212407697727,-0.5424706318122561,1.210710822579243,-0.8600137976196566,-0.4988756749687039,-0.0949398275906722,26.938958539638648,-1.2703719924714418,18.687872763419485,7.952286282306163,16.69980119284294,0.9940357852882704,12.763419483101393,43.19085487077535,43.18091451292247,8.78727634194831,79.92047713717693,19.30224575456029,65.83697813121272,True,-0.5190242909815734,False,False,False,False,False,False,STRESS,0.448,STRESS,RISK_ON,0.156,0.93,0.907,Electronic Technology,34.0,31.9,31.9,31.9,0.0,88.9,REJECTED,STRESS,0.448,0.136,0.2125,0.136,0.1105,0.255,43.7,False,False,NORMAL GİRİŞ,⭐,İşlem Açma,0.0,1.0,13.0,-0.1712524359611602,0.0,-1.734018036381213,-3.837534486151572,3.855097725390766,-0.6592044092072813,27.006048387096776,0.15,False,"Electronic Technology · GE, BA, HWM",
2026-09-28,BXP,63.25,63.400001525878906,61.84999847412109,62.43000030517578,1345100.0,-1.529970342835374,83974593.41049194,83806502.84423828,0.9633144146241024,1.3564278738839286,-10.776046441080778,-6.918144766399603,1.451148161288129,0.4436736066676999,0.1660868601062295,0.5013741303678162,0.2631728057439404,-0.3698353389182622,-0.3764505665429558,-0.3235523695093795,37.41939929711265,-1.0109460518538005,21.07355864811133,19.284294234592444,39.36381709741551,59.24453280318092,30.32803180914513,71.46123260437376,20.556660039761432,59.32405566600398,1.5904572564612325,30.14253635118244,53.10536779324056,True,-0.5190242909815734,False,False,False,False,False,False,STRESS,0.448,STRESS,RISK_ON,0.156,0.93,0.907,Real Estate,33.7,31.7,31.7,31.7,0.0,88.9,REJECTED,STRESS,0.448,0.136,0.2125,0.136,0.1105,0.255,39.8,False,False,NORMAL GİRİŞ,⭐,İşlem Açma,0.0,11.0,61.0,-0.1802464195556996,0.0,-1.0560686257066632,-4.935067061756293,0.108460979986602,-1.8741218266745912,24.637096774193548,0.15,False,"CRM, NFLX, NOW",
2026-09-28,GNRC,207.41000366210935,208.3600006103516,200.7100067138672,205.2100067138672,961100.0,-1.407702836731617,197227337.45269772,188805924.72634888,0.6358079411492307,11.551428658621653,4.014398456012569,-27.694582039439357,4.772375145936413,2.587304875463002,-0.11697485113684,-0.4389805144543094,-0.4398455899058557,0.2736727843898002,-0.0323523486586217,-0.2008734261405611,58.82357634387154,-0.8886785457500435,22.86282306163022,89.86083499005964,3.5785288270377733,7.157057654075547,42.40556660039762,38.13121272365805,42.544731610337976,22.82306163021869,19.681908548707757,25.91814292265753,86.13320079522862,True,-0.5190242909815734,False,False,False,False,False,False,STRESS,0.448,STRESS,RISK_ON,0.156,0.93,0.907,Producer Manufacturing,37.4,31.6,31.6,31.6,0.0,88.9,REJECTED,STRESS,0.448,0.136,0.2125,0.136,0.1105,0.255,32.7,False,False,NORMAL GİRİŞ,⭐,İşlem Açma,0.0,3.0,98.0,0.0280415811195512,0.0510204081632653,1.926375573838679,8.561067407099477,-0.1011474196156103,0.5289158701147212,75.07056451612902,0.15,False,"Electronic Technology · MU, NVDA, SNDK",
2026-09-28,CHTR,112.75,114.62000274658205,110.3499984741211,111.4000015258789,2898100.0,-1.337350179129615,322848344.42214966,376903379.39401245,0.9513773650251214,6.387854984828404,-24.89212410606869,-23.787369825628435,3.905585852563166,0.8867684879202631,0.23722051132032,-0.8594961502382299,-0.6982716125204297,-0.5640167373758069,-0.4217790408056061,-0.3391368413594747,24.590210799781303,-0.8183258881480415,25.04970178926441,1.3916500994035783,5.566600397614314,57.25646123260437,3.687872763419484,38.83697813121272,17.296222664015904,59.72166998011929,53.28031809145129,22.39043261079324,71.81908548707753,True,-0.5190242909815734,False,False,False,False,False,False,STRESS,0.448,STRESS,RISK_ON,0.156,0.93,0.907,Consumer Services,34.5,31.2,31.2,31.2,0.0,88.9,REJECTED,STRESS,0.448,0.136,0.2125,0.136,0.1105,0.255,39.4,False,False,NORMAL GİRİŞ,⭐,İşlem Açma,0.0,16.0,118.0,-0.2104737256454074,0.0084745762711864,-0.3645033970273883,-1.031861359948116,-7.620121126262286,10.888548628312156,38.66935483870968,0.15,False,"WMT, BRK-B, COST",
2026-09-28,CLX,82.80000305175781,83.31999969482422,80.83999633789062,81.41999816894531,3204400.0,-2.8401011887106087,260902242.1325684,251166462.56256104,0.8788182960074158,2.617142813546317,-21.43201952239185,-16.139666115001226,2.0910669692281783,0.6469721377406334,0.5510853690325631,0.6365692905613293,1.0166572866872765,-0.7482204604290074,-0.5431452444017856,-0.4365630479120341,23.387138950159816,-2.3210768977290352,8.548707753479125,2.783300198807157,13.916500994035786,42.54473161033797,8.906560636182903,77.9324055666004,11.292246520874754,56.14314115308151,32.80318091451292,14.547461409926518,65.51491053677933,True,-0.5190242909815734,False,False,False,False,False,False,STRESS,0.448,STRESS,RISK_ON,0.156,0.93,0.907,Consumer Non-Durables,33.2,31.1,31.1,31.1,0.0,88.9,REJECTED,STRESS,0.448,0.136,0.2125,0.136,0.1105,0.255,44.6,False,False,NORMAL GİRİŞ,⭐,İşlem Açma,0.0,16.0,118.0,-0.2104737256454074,0.0084745762711864,-0.3645033970273883,-1.031861359948116,-2.0085855901332765,5.277013092183147,34.818548387096776,0.15,False,"WMT, BRK-B, COST",
2026-09-28,XYL,102.18000030517578,102.8000030517578,100.9000015258789,100.91000366210938,2042400.0,-1.6759170197203854,206098591.4794922,245253433.7963104,0.7518968608379689,2.500713348388672,-10.421656758003216,-13.552639713775916,1.717224122639647,0.7734592304197757,0.0750667393634445,-0.6319497923252809,0.6196228290456247,-1.436345345526622,-0.8449977312608167,-0.2432181391651499,0.5264277998851576,-1.156892728738812,19.681908548707757,20.675944333996025,21.47117296222664,21.272365805168985,21.113320079522865,49.761431411530815,16.06361829025845,34.95029821073558,31.809145129224653,17.975107988736028,66.26043737574552,True,-0.5190242909815734,False,False,False,False,False,False,STRESS,0.448,STRESS,RISK_ON,0.156,0.93,0.907,Producer Manufacturing,33.0,30.8,30.8,30.8,0.0,88.9,REJECTED,STRESS,0.448,0.136,0.2125,0.136,0.1105,0.255,33.1,False,False,NORMAL GİRİŞ,⭐,İşlem Açma,0.0,5.0,58.0,-0.1344888979117103,0.0517241379310344,2.951486161549844,0.7464781743023456,-7.150875999119355,4.164245165138981,66.58266129032259,0.15,False,"HD, DE, LOW",
2026-09-28,FDS,270.0599975585937,271.510009765625,264.6600036621094,267.6700134277344,762300.0,-1.9810947013869096,204044851.2359619,211097762.9165649,0.9014420944959172,11.82857186453683,-12.0865722640213,14.574956522444293,2.827968315545314,1.0013859595884844,-0.1394333664679348,-0.7724022414583464,-0.0319385198530489,-0.4469224879527962,-0.2236473151237854,-0.2474156389016429,43.94170925015927,-1.462070410405336,15.50695825049702,14.512922465208748,85.6858846918489,46.3220675944334,53.658051689860834,42.90258449304175,27.912524850894638,45.52683896620278,25.24850894632207,37.01444925503581,77.69781312127238,True,-0.5190242909815734,False,False,False,False,True,False,STRESS,0.448,STRESS,RISK_ON,0.156,0.93,0.907,Commercial Services,34.8,30.5,30.5,30.5,0.0,88.9,REJECTED,STRESS,0.448,0.136,0.2125,0.136,0.1105,0.255,35.4,False,False,NORMAL GİRİŞ,⭐,İşlem Açma,0.0,11.0,61.0,-0.1802464195556996,0.0,-1.0560686257066632,-4.935067061756293,-3.023850471706346,1.2581896250183568,30.64516129032258,0.15,False,"CRM, NFLX, NOW",
2026-09-28,HSY,166.0399932861328,166.77000427246094,164.30999755859375,164.41000366210938,1398100.0,-1.1780919111631594,229861626.11999512,225367414.0599976,0.9800670856305664,3.110001700265067,-9.326051366584275,-9.455885195445878,0.8897485406961263,0.5201396958693676,-0.0286521278993459,-0.4355239563932653,0.155163724506257,-1.3551605234668698,-0.8034499655747771,-0.3032938123729799,4.0652776657838094,-0.6590676201815859,27.83300198807157,25.64612326043737,31.809145129224653,62.02783300198808,29.035785288270382,54.12524850894633,10.33797216699801,57.4155069582505,28.23061630218688,27.84290947631993,46.610337972167,True,-0.5190242909815734,False,False,False,False,False,False,STRESS,0.448,STRESS,RISK_ON,0.156,0.93,0.907,Consumer Non-Durables,32.2,30.2,30.2,30.2,0.0,88.9,REJECTED,STRESS,0.448,0.136,0.2125,0.136,0.1105,0.255,36.5,False,False,NORMAL GİRİŞ,⭐,İşlem Açma,0.0,16.0,118.0,-0.2104737256454074,0.0084745762711864,-0.3645033970273883,-1.031861359948116,-0.0108559486317991,3.2792834506816693,30.94758064516129,0.15,False,"WMT, BRK-B, COST",
2026-09-28,DVA,178.7100067138672,182.3600006103516,177.50999450683594,178.07000732421875,439400.0,-0.2241238828646241,78243961.21826172,114025787.424469,0.6058851107250214,5.782141549246652,-0.4528134368186776,-18.948562892936383,2.309975766996826,0.4261734697459924,-1.0617083603571955,-0.0593401826257059,-1.0015061963553542,-0.7738050978591466,-0.482368255466415,-0.1495034698369259,11.546641497561742,0.2949004081169493,59.24453280318092,78.72763419483101,9.940357852882704,4.572564612326044,40.89463220675945,26.918489065606355,36.81908548707754,5.606361829025845,5.168986083499006,37.53438581973629,56.02584493041749,True,-0.5190242909815734,False,False,False,False,False,False,STRESS,0.448,STRESS,RISK_ON,0.156,0.93,0.907,Health Care,27.1,30.1,30.1,30.1,0.0,88.9,REJECTED,STRESS,0.448,0.136,0.2125,0.136,0.1105,0.255,21.3,False,False,NORMAL GİRİŞ,⭐,İşlem Açma,0.0,16.0,118.0,-0.2104737256454074,0.0084745762711864,-0.3645033970273883,-1.031861359948116,-0.2740165801141279,3.542444082163998,31.633064516129032,0.15,False,"WMT, BRK-B, COST",
2026-09-28,GEN,21.489999771118164,21.559999465942383,20.739999771118164,20.850000381469727,18006200.0,-3.561519092850207,375429276.8688202,185083237.57320404,1.914461541078704,1.2749998910086495,-31.639343011574677,-16.733225313619304,3.628257741729568,0.7300871788707036,2.501019520416524,-0.971367812528034,-0.3124833709628711,-1.207201247917297,-0.7536574586663441,-0.5068204347158413,13.414713571953593,-3.0424948018686337,4.572564612326044,0.3976143141153081,12.72365805168986,98.80715705765408,7.176938369781312,56.56063618290258,5.248508946322068,99.04572564612326,19.4831013916501,16.430934577871305,77.51888667992048,True,-0.5190242909815734,False,False,False,False,False,False,STRESS,0.448,STRESS,RISK_ON,0.156,0.93,0.907,Technology Services,34.2,30.0,30.0,30.0,0.0,88.9,REJECTED,STRESS,0.448,0.136,0.2125,0.136,0.1105,0.255,42.2,False,False,NORMAL GİRİŞ,⭐,İşlem Açma,0.0,11.0,61.0,-0.1802464195556996,0.0,-1.0560686257066632,-4.935067061756293,-25.71408936999208,23.948428523304088,37.41935483870968,0.15,False,"CRM, NFLX, NOW",
2026-09-28,GPC,128.1300048828125,129.82000732421875,127.54000091552734,128.1300048828125,741400.0,-1.1418838982868218,94995585.6201172,116545143.83621216,0.7603361723729483,3.089287894112723,-6.269199061585584,9.34460222120881,1.263504756325401,0.8344313589267898,-1.150723834646247,-0.570726679496051,0.511939359639609,-0.471389873040911,-0.2653497632551992,-0.2383331018671136,25.87729424952735,-0.6228596073052484,28.628230616302183,46.3220675944334,77.73359840954275,21.868787276341948,63.598409542743546,39.6520874751491,28.310139165009943,15.029821073558647,5.7654075546719685,38.50820656212967,66.42544731610339,True,-0.5190242909815734,False,False,False,False,False,False,STRESS,0.448,STRESS,RISK_ON,0.156,0.93,0.907,Consumer Discretionary,32.2,30.0,30.0,30.0,0.0,88.9,REJECTED,STRESS,0.448,0.136,0.2125,0.136,0.1105,0.255,24.5,False,False,NORMAL GİRİŞ,⭐,İşlem Açma,0.0,5.0,58.0,-0.1344888979117103,0.0517241379310344,2.951486161549844,0.7464781743023456,0.0803616589367006,-3.0669924929170755,55.47379032258064,0.15,False,"HD, DE, LOW",
2026-09-28,SBAC,166.32000732421875,167.22999572753906,162.2100067138672,163.42999267578125,868600.0,-1.6370757271274794,141955291.6381836,157446403.56903076,0.9045090076017912,4.952856881277902,-12.585583720698946,-8.952650319899025,1.4634625937662535,0.4317446081931552,-0.1392580069215185,0.2018040473677067,0.6094961968588177,-0.8288650849723713,-0.5417374388279279,-0.3441299849888792,24.302562387914524,-1.118051436145906,19.880715705765407,12.127236580516898,33.39960238568588,48.31013916500994,23.82703777335984,65.2882703777336,13.75745526838966,46.79920477137177,13.916500994035786,24.97598188491472,51.14512922465209,True,-0.5190242909815734,False,False,False,False,False,False,STRESS,0.448,STRESS,RISK_ON,0.156,0.93,0.907,Finance,31.8,29.8,29.8,29.8,0.0,88.9,REJECTED,STRESS,0.448,0.136,0.2125,0.136,0.1105,0.255,35.9,False,False,NORMAL GİRİŞ,⭐,İşlem Açma,0.0,16.0,118.0,-0.2104737256454074,0.0084745762711864,-0.3645033970273883,-1.031861359948116,-5.221786346332241,8.490213848382112,37.983870967741936,0.15,False,"WMT, BRK-B, COST",
2026-09-28,EG,369.7799987792969,371.760009765625,368.6900024414063,369.7999877929688,270100.0,-0.1700739398183381,99882976.70288086,136184548.35968018,0.6311853712683297,7.012858799525669,-2.0812403238445354,2.4972942135227605,1.1914729613842734,0.7341232894544042,-0.6242340130168947,-2.180411319810167,-1.0664325834260835,-0.2505387630749527,-0.1493563490327839,-0.2776903762932655,36.155788385454976,0.3489503511632352,60.63618290258449,70.17892644135189,66.2027833001988,6.36182902584493,67.9920477137177,10.934393638170972,26.282306163021868,12.485089463220676,9.343936381709742,50.8958969299968,61.67196819085487,True,-0.5190242909815734,False,False,False,False,False,False,STRESS,0.448,STRESS,RISK_ON,0.156,0.93,0.907,Financials,26.7,29.7,29.7,29.7,0.0,88.9,REJECTED,STRESS,0.448,0.136,0.2125,0.136,0.1105,0.255,15.5,False,False,NORMAL GİRİŞ,⭐,İşlem Açma,0.0,16.0,118.0,-0.2104737256454074,0.0084745762711864,-0.3645033970273883,-1.031861359948116,2.1706135416914965,1.0978139603583736,26.149193548387096,0.15,False,"WMT, BRK-B, COST",
2026-09-28,MRSH,171.1699981689453,171.6699981689453,168.49000549316406,169.02999877929688,1919400.0,-1.2213630186579505,324436179.6569824,450058266.4794922,0.7130941987256887,3.472141810825893,-11.036842747738485,1.391637441843252,1.1313949019060316,0.4846362130606423,-0.512124907407453,-0.1139195420591478,0.3667913593091727,-1.2045257952027513,-0.6660402391508801,-0.2978529195332721,16.980960058348206,-0.7023387276763771,26.838966202783297,18.09145129224652,62.42544731610338,15.308151093439363,42.4751491053678,49.512922465208746,13.1610337972167,19.68190854870776,62.62425447316103,30.2338812941052,37.666003976143145,True,-0.5190242909815734,False,False,False,False,False,False,STRESS,0.448,STRESS,RISK_ON,0.156,0.93,0.907,Finance,31.5,29.5,29.5,29.5,0.0,88.9,REJECTED,STRESS,0.448,0.136,0.2125,0.136,0.1105,0.255,35.3,False,False,NORMAL GİRİŞ,⭐,İşlem Açma,0.0,16.0,118.0,-0.2104737256454074,0.0084745762711864,-0.3645033970273883,-1.031861359948116,-0.0686506060758649,3.337078108125735,31.16935483870968,0.15,False,"WMT, BRK-B, COST",
2026-09-28,D,60.630001068115234,60.880001068115234,59.84000015258789,60.27999877929688,3409200.0,-0.6591982924640583,205506571.8383789,305138628.66630554,0.6575355147676436,1.0907137734549386,-9.353385294290415,-12.86499164600048,0.9531266064105784,0.4136124570191778,-0.471200526536604,0.0438733788096025,0.0405381479266545,-0.146407354523515,-0.236060411546785,-0.390149669078701,42.30752301654256,-0.1401740014824848,44.53280318091451,25.24850894632207,23.061630218687878,9.542743538767397,24.045725646123262,48.82703777335984,19.32405566600397,17.017892644135188,42.94234592445328,33.02101075095843,36.40357852882704,True,-0.5190242909815734,False,False,False,False,False,False,STRESS,0.448,STRESS,RISK_ON,0.156,0.93,0.907,Utilities,31.4,29.4,29.4,29.4,0.0,88.9,REJECTED,STRESS,0.448,0.136,0.2125,0.136,0.1105,0.255,32.4,False,False,NORMAL GİRİŞ,⭐,İşlem Açma,0.0,16.0,118.0,-0.2104737256454074,0.0084745762711864,-0.3645033970273883,-1.031861359948116,-1.9755432539333588,5.243970755983229,34.73790322580645,0.15,False,"WMT, BRK-B, COST",
2026-09-28,CBOE,257.75,258.5,252.82000732421875,253.25999450683597,818900.0,-1.8486239177720187,207394609.50164795,262027670.9121704,0.7867381446468373,9.026427132742745,-19.331105428623687,9.394840182642628,2.0845437343332014,0.8323438111840064,-0.5785551941735381,-0.8513842627075217,0.8089835595754772,-1.6122652020631183,-0.8205138296386243,-0.1768254162928834,7.746263203705096,-1.3295996267904453,17.892644135188867,3.9761431411530817,77.9324055666004,27.23658051689861,44.65208747514911,41.610337972167,24.49304174950298,25.566600397614312,34.59244532803181,30.15434799035063,68.71968190854871,True,-0.5190242909815734,False,False,False,False,False,False,STRESS,0.448,STRESS,RISK_ON,0.156,0.93,0.907,Finance,31.5,28.8,28.8,28.8,0.0,88.9,REJECTED,STRESS,0.448,0.136,0.2125,0.136,0.1105,0.255,31.9,False,False,NORMAL GİRİŞ,⭐,İşlem Açma,0.0,16.0,118.0,-0.2104737256454074,0.0084745762711864,-0.3645033970273883,-1.031861359948116,-4.626418264123127,7.894845766172997,37.6008064516129,0.15,False,"WMT, BRK-B, COST",
2026-09-28,CINF,162.44000244140625,163.14999389648438,161.5800018310547,161.9199981689453,395800.0,-0.381441579178654,64087935.27526856,89590397.08813477,0.6262658227848101,2.6514293125697543,-6.144216224817233,-13.02105813872727,0.9666327731926307,0.5062705419335439,-1.0077152581704172,-1.2225381639781552,-0.3992538745053544,-0.6837920459739353,-0.4608313652311669,-0.1876573744648394,21.655927146203265,0.1375827118029193,55.069582504970185,47.514910536779325,22.664015904572565,5.566600397614314,33.84691848906561,21.3220675944334,32.24652087475149,6.759443339960239,2.1868787276341948,37.51251120368593,48.75944333996024,True,-0.5190242909815734,False,False,False,False,False,False,STRESS,0.448,STRESS,RISK_ON,0.156,0.93,0.907,Financials,25.4,28.4,28.4,28.4,0.0,88.9,REJECTED,STRESS,0.448,0.136,0.2125,0.136,0.1105,0.255,17.9,False,False,NORMAL GİRİŞ,⭐,İşlem Açma,0.0,16.0,118.0,-0.2104737256454074,0.0084745762711864,-0.3645033970273883,-1.031861359948116,-0.8869978869409265,4.155425388990796,32.92338709677419,0.15,False,"WMT, BRK-B, COST",
2026-09-28,AIZ,264.3999938964844,265.92999267578125,262.9800109863281,263.5299987792969,335700.0,-0.5547174417747658,88467020.59020996,93677595.8190918,0.8778191802314179,5.878572736467634,-7.666164892856997,-1.6605721399743034,1.1089801779589523,0.4647600877933816,-0.1604496745724708,-1.675112949751957,-0.4050185874678621,-0.6711354434005474,-0.4776304763875239,-0.3463784003215458,18.643769720167587,-0.0356931507931923,48.5089463220676,35.984095427435385,55.8648111332008,42.14711729622266,46.918489065606366,31.749502982107355,14.950298210735586,42.306163021868784,2.982107355864811,42.47471494418375,51.29423459244533,True,-0.5190242909815734,False,False,False,False,False,False,STRESS,0.448,STRESS,RISK_ON,0.156,0.93,0.907,Financials,29.8,27.8,27.8,27.8,0.0,88.9,REJECTED,STRESS,0.448,0.136,0.2125,0.136,0.1105,0.255,23.1,False,False,NORMAL GİRİŞ,⭐,İşlem Açma,0.0,16.0,118.0,-0.2104737256454074,0.0084745762711864,-0.3645033970273883,-1.031861359948116,-2.9253957678641305,6.193823269914001,36.00806451612903,0.15,False,"WMT, BRK-B, COST",
2026-09-28,LDOS,122.98999786376952,122.98999786376952,121.11000061035156,122.3499984741211,961200.0,-1.019336728427256,117602818.5333252,147843338.8343811,0.7338384898746015,3.439284188406808,-12.519663610667042,21.814016800200207,1.7955950679176336,0.5949097058863921,-1.1367789346411423,-0.7448255775793309,-0.193702989370802,-0.0390742973470801,0.0223401578637664,-0.3053433282375055,65.95742953959784,-0.5003124374456824,31.809145129224653,12.524850894632204,91.65009940357854,19.284294234592444,56.04373757455269,30.36779324055666,25.646123260437378,13.638170974155068,12.326043737574553,44.75478867960591,62.783300198807154,True,-0.5190242909815734,False,False,False,False,False,False,STRESS,0.448,STRESS,RISK_ON,0.156,0.93,0.907,Industrials,29.8,27.8,27.8,27.8,0.0,88.9,REJECTED,STRESS,0.448,0.136,0.2125,0.136,0.1105,0.255,22.0,False,False,NORMAL GİRİŞ,⭐,İşlem Açma,0.0,1.0,13.0,-0.1712524359611602,0.0,-1.734018036381213,-3.837534486151572,-1.1482372467613295,4.344130562944814,37.06653225806452,0.15,False,"Electronic Technology · GE, BA, HWM",
2026-09-28,ERIE,222.3000030517578,223.41000366210935,219.2700042724609,221.9199981689453,111400.0,-0.4217905585712334,24721887.796020508,44507478.43322754,0.3676871028962786,7.463572910853794,-14.461918682953543,-6.563934921078973,1.8964460362880884,0.6305992577693198,-1.7417503656365605,-1.4203397649292793,-0.7270358359079632,0.2561028098388702,0.1127998776348136,-0.3049773169782331,64.0095238446257,0.09723373241034,54.27435387673957,8.747514910536779,41.35188866799205,0.198807157057654,26.67992047713718,13.1013916500994,30.13916500994036,0.4373757455268389,0.3976143141153081,42.728984193607694,67.58051689860835,True,-0.5190242909815734,False,True,False,False,False,False,STRESS,0.448,STRESS,RISK_ON,0.156,0.93,0.907,Financials,24.8,27.3,27.3,27.3,0.0,88.9,REJECTED,STRESS,0.448,0.136,0.2125,0.136,0.1105,0.255,13.1,False,False,NORMAL GİRİŞ,⭐,İşlem Açma,0.0,16.0,118.0,-0.2104737256454074,0.0084745762711864,-0.3645033970273883,-1.031861359948116,-3.8784180609047807,7.146845562954651,37.096774193548384,0.15,False,"WMT, BRK-B, COST",
2026-09-28,APTV,44.5,44.77999877929688,43.459999084472656,43.63999938964844,2771200.0,-2.567540750998809,120935166.30859376,164436353.96902466,0.5351397905941149,1.3578567504882812,-3.96126894883706,-26.321122083997228,2.333658761999961,0.7812751103904703,-0.3675833556191231,0.1933382474854345,1.2776768164977776,-1.1513354063181829,-0.6931818050458054,-0.1599018284678427,13.636389908389448,-2.048516460017236,10.536779324055663,60.63618290258449,3.9761431411530817,1.7892644135188869,29.47316103379721,58.290258449304176,31.570576540755468,14.353876739562624,14.7117296222664,12.984911356644114,72.42345924453281,True,-0.5190242909815734,False,False,False,False,False,False,STRESS,0.448,STRESS,RISK_ON,0.156,0.93,0.907,Consumer Discretionary,30.2,26.9,26.9,26.9,0.0,88.9,REJECTED,STRESS,0.448,0.136,0.2125,0.136,0.1105,0.255,32.8,False,False,NORMAL GİRİŞ,⭐,İşlem Açma,0.0,5.0,58.0,-0.1344888979117103,0.0517241379310344,2.951486161549844,0.7464781743023456,-1.0875727168694782,-1.899058117110897,57.9133064516129,0.15,False,"HD, DE, LOW",
2026-09-28,MSI,453.9400024414063,456.7999877929688,451.4299926757813,452.0799865722656,614800.0,-1.0506080938643914,277938775.7446289,415420821.2371826,0.6653607644938908,8.709287370954241,-7.082668111097624,9.568586178445385,1.097387310858236,0.3682600141920228,-1.1692669108867555,-0.9955880437548978,0.5183806865363982,-0.9235973862546418,-0.5727214089245528,-0.3534880943231456,12.104180400536476,-0.5315838028828179,31.01391650099404,39.36381709741551,78.33001988071571,10.337972166998012,60.79522862823062,31.98807157057654,12.365805168986082,7.952286282306163,57.05765407554672,35.2660840440298,33.988071570576544,True,-0.5190242909815734,False,False,False,False,False,False,STRESS,0.448,STRESS,RISK_ON,0.156,0.93,0.907,Electronic Technology,28.0,26.0,26.0,26.0,0.0,88.9,REJECTED,STRESS,0.448,0.136,0.2125,0.136,0.1105,0.255,26.3,False,False,NORMAL GİRİŞ,⭐,İşlem Açma,0.0,16.0,118.0,-0.2104737256454074,0.0084745762711864,-0.3645033970273883,-1.031861359948116,0.0563123112757582,3.212115190774112,30.705645161290324,0.15,False,"WMT, BRK-B, COST",
2026-09-28,STZ,113.5,113.69000244140624,111.91999816894533,112.91999816894533,1410400.0,-0.6248342001533347,159262365.41748047,264305781.86798096,0.5761379070883672,2.7742859976632253,-14.083543963368095,-19.14649995063345,1.5888651885859628,0.5549480610699392,-0.9422734134605314,-1.082786657100655,-0.2771140491493411,0.0309640857523479,-0.0759903102612953,-0.360624618210021,56.49703876757558,-0.1058099091717612,45.52683896620278,9.343936381709742,9.145129224652088,3.180914512922465,9.234592445328031,24.00596421471173,23.02186878727634,6.759443339960239,34.99005964214712,31.05228836979931,52.66202783300199,True,-0.5190242909815734,False,False,False,False,False,False,STRESS,0.448,STRESS,RISK_ON,0.156,0.93,0.907,Consumer Non-Durables,26.2,24.2,24.2,24.2,0.0,88.9,REJECTED,STRESS,0.448,0.136,0.2125,0.136,0.1105,0.255,22.5,False,False,NORMAL GİRİŞ,⭐,İşlem Açma,0.0,16.0,118.0,-0.2104737256454074,0.0084745762711864,-0.3645033970273883,-1.031861359948116,-2.5525671815631528,5.820994683613023,35.564516129032256,0.15,False,"WMT, BRK-B, COST",
2026-09-28,NCLH,14.449999809265137,14.619999885559082,14.170000076293944,14.3100004196167,23314000.0,-2.053382916565893,333623349.7829437,251665751.72472,1.315171547977897,0.5714286395481655,-14.054051533833633,-34.717151370361776,1.9137355855044436,1.3803770341369532,1.4604061045446608,-0.3209363984026255,-0.2433578845975761,-0.2272009296516159,-0.3477762424792152,-0.3752197098486148,31.111200591702183,-1.53435862558432,14.7117296222664,9.542743538767397,1.1928429423459244,91.25248508946322,4.950298210735586,65.09940357852882,19.32405566600398,92.68389662027832,33.00198807157058,21.46300872716226,77.25844930417496,True,-0.5190242909815734,True,False,False,False,False,False,STRESS,0.448,STRESS,RISK_ON,0.156,0.93,0.907,Consumer Services,43.3,24.1,24.1,24.1,0.0,88.9,REJECTED,STRESS,0.448,0.136,0.2125,0.136,0.1105,0.255,50.5,False,False,NORMAL GİRİŞ,⭐,İşlem Açma,0.0,5.0,58.0,-0.1344888979117103,0.0517241379310344,2.951486161549844,0.7464781743023456,-0.7566554271754233,-2.2299754068049515,57.24798387096774,0.15,False,"HD, DE, LOW",
2026-09-28,LVS,38.869998931884766,39.290000915527344,38.41999816894531,38.77999877929688,3766000.0,-0.5386070534228793,146045475.40283203,205859405.94625852,0.6325642957263278,0.9749995640345982,-12.341774911173433,-16.36834423270028,1.134614936165665,0.4296288638212292,-0.7722276824700184,-0.0720300383996174,-0.4489966667545081,-0.1025996207784824,-0.1413799075706155,-0.2698470574278349,41.37924986626678,-0.0195827624413058,49.30417495029821,13.518886679920476,13.518886679920476,6.759443339960239,13.518886679920476,37.91252485089463,28.78727634194831,10.81510934393638,23.856858846918488,33.25919735243185,41.41948310139165,True,-0.5190242909815734,False,False,False,False,False,False,STRESS,0.448,STRESS,RISK_ON,0.156,0.93,0.907,Consumer Discretionary,25.6,23.6,23.6,23.6,0.0,88.9,REJECTED,STRESS,0.448,0.136,0.2125,0.136,0.1105,0.255,26.9,False,False,NORMAL GİRİŞ,⭐,İşlem Açma,0.0,10.0,5.0,-0.2405176294880411,0.0,-1.9728511929877124,-8.178420387959639,0.0,0.3155629706565022,11.794354838709676,0.15,False,"Industrials · LVS, WYNN, FTV",
2026-09-28,FSLR,178.1300048828125,178.22999572753906,172.1999969482422,172.97000122070312,2243100.0,-2.667269885817969,387989009.7381592,421265141.9906616,0.9252434172670032,10.695713588169642,-17.67253630618604,-25.70017129694884,3.7420486678732807,0.9775671975095624,0.1681839363948531,-1.0039677239979494,0.5893443811757109,-1.1921690012662256,-0.7946098253462961,-0.2345641201347642,12.769559342277736,-2.1482455948363954,9.343936381709742,4.572564612326044,4.174950298210735,52.286282306163024,4.353876739562624,49.73161033797217,20.0,55.2286282306163,57.25646123260437,13.771985755301332,72.0337972166998,True,-0.5190242909815734,True,False,False,False,False,False,STRESS,0.448,STRESS,RISK_ON,0.156,0.93,0.907,Electronic Technology,41.1,22.9,22.9,22.9,0.0,88.9,REJECTED,STRESS,0.448,0.136,0.2125,0.136,0.1105,0.255,43.4,False,False,NORMAL GİRİŞ,⭐,İşlem Açma,0.0,3.0,98.0,0.0280415811195512,0.0510204081632653,1.926375573838679,8.561067407099477,-13.6688768434556,14.096645293954712,85.09072580645162,0.15,False,"Electronic Technology · MU, NVDA, SNDK",
2026-09-28,FICO,852.8599853515625,853.5499877929688,832.0,840.8900146484375,371100.0,-2.572154875652255,312054284.4360352,323556614.86206055,0.851556942564079,37.045706612723215,-27.325294974008905,-28.58804821587425,4.260264011124234,1.6920228898919571,0.3832951715153985,-0.0734916017529945,0.2873203548281848,-0.6353329320411278,-0.3461702187920414,-0.054471844046356,41.25299157402818,-2.053130584670681,10.337972166998012,0.9940357852882704,2.982107355864811,38.36978131212724,2.087475149105368,61.66998011928429,51.84890656063618,51.01391650099404,47.11729622266402,18.455319038118528,75.13717693836979,True,-0.5190242909815734,True,False,False,True,False,False,STRESS,0.448,STRESS,RISK_ON,0.156,0.93,0.907,Commercial Services,41.5,22.7,22.7,22.7,0.0,88.9,REJECTED,STRESS,0.448,0.136,0.2125,0.136,0.1105,0.255,53.7,False,False,NORMAL GİRİŞ,⭐,İşlem Açma,0.0,11.0,61.0,-0.1802464195556996,0.0,-1.0560686257066632,-4.935067061756293,-6.286453677556247,4.520792830868258,35.060483870967744,0.15,False,"CRM, NFLX, NOW",
2026-09-28,TPL,344.0,344.4100036621094,337.260009765625,338.1499938964844,252200.0,-0.8561331588909371,85281428.46069336,116449393.12133788,0.6375851651477039,14.667140415736608,-8.536422088533069,-19.484262608580327,2.810296645731211,0.952787837393615,-0.7910243904941003,-1.690597828328667,-0.5129751467815361,-1.166688873590177,-0.7812617642162951,-0.1707796734924179,12.447341127059936,-0.3371088679093637,37.77335984095427,29.82107355864811,8.946322067594433,7.3558648111332,18.33996023856859,19.26441351888668,29.502982107355862,10.616302186878729,5.566600397614314,25.104575066980345,81.13717693836978,True,-0.5190242909815734,False,False,False,False,False,False,STRESS,0.448,STRESS,RISK_ON,0.156,0.93,0.907,Energy,27.3,22.4,22.4,22.4,0.0,88.9,REJECTED,STRESS,0.448,0.136,0.2125,0.136,0.1105,0.255,17.9,False,False,NORMAL GİRİŞ,⭐,İşlem Açma,0.0,15.0,30.0,-0.1308529576753245,0.0333333333333333,-0.698864283433287,0.0804663215365764,-5.408677247970584,9.136467067865585,66.15927419354838,0.15,False,"Energy Minerals · XOM, CVX, VLO",
2026-09-28,CPRT,27.450000762939453,27.549999237060547,27.11000061035156,27.21999931335449,8004000.0,-1.3410686378654946,217868874.50408936,264448078.94115448,0.7742688146402973,0.9914282390049526,-16.910869006854412,-3.131675041443094,2.443527421169629,1.0304023741429402,-0.7655562374043636,-1.2633947843199351,0.1193473985850009,-0.7632989762502392,-0.5102318736290888,-0.3320699658487649,24.999783255160697,-0.8220443468839211,24.85089463220676,5.36779324055666,52.48508946322068,24.652087475149106,31.282306163021875,31.44135188866799,15.62624254473161,21.709741550695824,35.188866799204774,28.71170794778247,76.6958250497018,True,-0.5190242909815734,False,False,False,False,False,False,STRESS,0.448,STRESS,RISK_ON,0.156,0.93,0.907,Retail Trade,26.4,22.3,22.3,22.3,0.0,88.9,REJECTED,STRESS,0.448,0.136,0.2125,0.136,0.1105,0.255,25.5,False,False,NORMAL GİRİŞ,⭐,İşlem Açma,0.0,11.0,61.0,-0.1802464195556996,0.0,-1.0560686257066632,-4.935067061756293,-3.086408235512883,1.320747388824894,30.786290322580644,0.15,False,"CRM, NFLX, NOW",
2026-09-28,NRG,99.87999725341795,100.12000274658205,96.86000061035156,97.0,2841600.0,-3.357579609807071,275635200.0,291620801.21536255,1.0220167350924425,3.768572126116072,-15.217201293593218,-34.94735430219302,2.576985137115112,1.066552050356377,0.3026600492390023,0.1839808952733728,0.7976064825402479,-1.2061879834603195,-0.9003063457330416,-0.3133397331260386,4.294456991071742,-2.838555318825497,5.566600397614314,6.958250497017893,0.9940357852882704,67.19681908548708,3.677932405566601,72.80318091451292,11.411530815109344,66.79920477137176,40.55666003976143,11.312149476443157,77.7375745526839,True,-0.5190242909815734,True,False,False,False,False,False,STRESS,0.448,STRESS,RISK_ON,0.156,0.93,0.907,Utilities,41.4,22.1,22.1,22.1,0.0,88.9,REJECTED,STRESS,0.448,0.136,0.2125,0.136,0.1105,0.255,46.7,False,False,NORMAL GİRİŞ,⭐,İşlem Açma,0.0,3.0,98.0,0.0280415811195512,0.0510204081632653,1.926375573838679,8.561067407099477,-6.303679032272424,6.731447482771535,84.14314516129032,0.15,False,"Electronic Technology · MU, NVDA, SNDK",
2026-09-28,CSGP,27.68000030517578,27.75,26.850000381469727,27.020000457763672,5182600.0,-3.809183656147619,140033854.372406,181866170.30963895,0.6823412311791999,1.1464285169328965,-13.784299751870863,-7.844473199987478,2.045775110887222,0.8709694409212387,-0.558805629999877,0.4796035649897265,1.676038427597534,-1.229621866145521,-0.6722221044846024,-0.2269988426391909,18.888905372155666,-3.290159365166045,3.37972166998012,10.337972166998012,36.18290258449304,11.332007952286284,24.55268389662028,63.00198807157057,20.55666003976143,16.262425447316105,18.48906560636183,14.481335865247376,74.41749502982108,True,-0.5190242909815734,False,False,False,False,False,False,STRESS,0.448,STRESS,RISK_ON,0.156,0.93,0.907,Real Estate,25.7,22.0,22.0,22.0,0.0,88.9,REJECTED,STRESS,0.448,0.136,0.2125,0.136,0.1105,0.255,32.0,False,False,NORMAL GİRİŞ,⭐,İşlem Açma,0.0,11.0,61.0,-0.1802464195556996,0.0,-1.0560686257066632,-4.935067061756293,-4.1966024576302825,2.430941610942294,32.358870967741936,0.15,False,"CRM, NFLX, NOW",
2026-09-28,CIEN,352.4200134277344,356.989990234375,339.3299865722656,344.19000244140625,1830200.0,-3.563923983690098,629936542.4682617,869452889.9536133,0.6481417540057335,21.247857230050226,-13.920219471950425,-28.133547190318787,4.334233622951215,1.820273568982344,-0.3086251934079459,-0.194386322119561,0.3265328986555256,-0.6665024854045102,-0.456992515764244,-0.2094320683758993,27.51990295204801,-3.044899692708525,4.3737574552683895,10.139165009940358,3.180914512922465,8.34990059642147,6.312127236580517,48.76739562624254,29.18489065606361,18.92644135188867,82.30616302186878,9.582010175920509,71.54870775347914,True,-0.5190242909815734,True,False,False,False,False,False,STRESS,0.448,STRESS,RISK_ON,0.156,0.93,0.907,Electronic Technology,39.5,21.4,21.4,21.4,0.0,88.9,REJECTED,STRESS,0.448,0.136,0.2125,0.136,0.1105,0.255,43.6,False,False,NORMAL GİRİŞ,⭐,İşlem Açma,0.0,3.0,98.0,0.0280415811195512,0.0510204081632653,1.926375573838679,8.561067407099477,-6.171857138925185,6.599625589424297,83.96169354838709,0.15,False,"Electronic Technology · MU, NVDA, SNDK",
2026-09-28,BRO,60.77999877929688,60.90999984741211,60.06999969482422,60.2400016784668,1800400.0,-0.9536304164216912,108456099.02191162,123458357.4286499,0.8274790705797731,1.7849993024553572,-15.618431603212224,-5.816132460183243,1.6112716353072594,1.0200662393412718,-0.4845425207137522,-1.8774412896867751,-0.2185682456739282,-0.9751625376685495,-0.6166625038033433,-0.4381013611480831,20.238327709683425,-0.4346061254401179,34.39363817097416,6.36182902584493,43.737574552683895,33.39960238568588,26.91848906560637,29.67196819085487,8.866799204771372,30.93439363817097,6.36182902584493,30.980095196415657,79.17097415506959,True,-0.5190242909815734,False,False,False,False,False,False,STRESS,0.448,STRESS,RISK_ON,0.156,0.93,0.907,Financials,24.3,19.8,19.8,19.8,0.0,88.9,REJECTED,STRESS,0.448,0.136,0.2125,0.136,0.1105,0.255,19.0,False,False,NORMAL GİRİŞ,⭐,İşlem Açma,0.0,16.0,118.0,-0.2104737256454074,0.0084745762711864,-0.3645033970273883,-1.031861359948116,-4.246397710923705,7.514825212973575,37.358870967741936,0.15,False,"WMT, BRK-B, COST",
2026-09-28,PCG,12.3100004196167,12.4399995803833,11.90999984741211,11.949999809265137,33090900.0,-3.160456551866131,395436248.6884117,590475611.8240356,0.5404619231330194,0.4435714312962123,-33.42618490660091,-30.68445586273122,5.278830366068316,1.752222155645803,0.2758069765446372,0.4174799814871711,1.5528906344337274,-1.292207108943479,-0.77264221900332,-0.1089278876598211,7.5471664162520575,-2.641432260884557,6.560636182902585,0.198807157057654,1.9880715705765408,1.9880715705765408,1.182902584493042,68.69781312127236,36.262425447316105,26.958250497017893,72.56461232604374,7.948553619756418,72.77733598409543,True,-0.5190242909815734,True,False,False,False,False,False,STRESS,0.448,STRESS,RISK_ON,0.156,0.93,0.907,Utilities,36.5,18.1,18.1,18.1,0.0,88.9,REJECTED,STRESS,0.448,0.136,0.2125,0.136,0.1105,0.255,51.4,False,False,NORMAL GİRİŞ,⭐,İşlem Açma,0.0,16.0,118.0,-0.2104737256454074,0.0084745762711864,-0.3645033970273883,-1.031861359948116,-5.582937461346932,8.8513649633968,38.08467741935484,0.15,False,"WMT, BRK-B, COST",
2026-09-28,EIX,52.869998931884766,52.959999084472656,51.33000183105469,51.470001220703125,5498700.0,-2.2412160892260946,283018095.7122803,275481131.2282562,0.733252389801115,1.563570840018136,-30.143863706971874,-31.791676092362675,5.9750616743225455,1.7816557896423846,0.7167947069383208,0.1450835893326958,0.2065700464340671,-1.339313688283838,-0.8420248119561707,-0.1243912642845983,8.5889340828563,-1.7221917982445212,11.72962226640159,0.7952286282306162,1.5904572564612325,19.08548707753479,1.2326043737574552,64.34393638170974,33.63817097415507,44.53280318091451,36.779324055666,11.77141825918026,82.54671968190854,True,-0.5190242909815734,True,False,False,False,False,False,STRESS,0.448,STRESS,RISK_ON,0.156,0.93,0.907,Utilities,34.6,14.5,14.5,14.5,0.0,88.9,REJECTED,STRESS,0.448,0.136,0.2125,0.136,0.1105,0.255,45.7,False,False,NORMAL GİRİŞ,⭐,İşlem Açma,0.0,16.0,118.0,-0.2104737256454074,0.0084745762711864,-0.3645033970273883,-1.031861359948116,-4.265272570583295,7.533700072633165,37.399193548387096,0.15,False,"WMT, BRK-B, COST",
2026-09-28,MGM,32.689998626708984,32.880001068115234,31.71999931335449,31.86000061035156,9314200.0,-2.2099483739648877,296750417.6849365,93459459.93674468,2.404257049156631,1.2864296776907784,-25.85524642692213,-35.88247009387893,2.683458876234453,0.9882390406867976,2.9269838744006926,-0.0649247720293555,-0.3108657005265803,-1.0948465309210893,-0.7392218522629177,-0.4475933885884287,12.069059070168947,-1.690924082983314,12.524850894632204,1.1928429423459244,0.5964214711729622,99.60238568588468,0.8648111332007953,70.48707753479125,7.196819085487078,99.60238568588468,2.783300198807157,17.698953620734592,86.8807157057654,True,-0.5190242909815734,True,False,False,False,False,False,STRESS,0.448,STRESS,RISK_ON,0.156,0.93,0.907,Consumer Services,32.8,11.9,11.9,11.9,0.0,88.9,REJECTED,STRESS,0.448,0.136,0.2125,0.136,0.1105,0.255,43.8,False,False,NORMAL GİRİŞ,⭐,İşlem Açma,0.0,10.0,5.0,-0.2405176294880411,0.0,-1.9728511929877124,-8.178420387959639,-14.062080571701715,14.37764354235822,22.348790322580648,0.15,False,"Industrials · LVS, WYNN, FTV",
2026-09-28,PNR,53.29999923706055,53.63999938964844,52.709999084472656,53.02999877929688,2241800.0,-1.1740608831656951,118882651.26342772,144187664.41110992,0.5856620177882624,1.410714558192662,-14.605477005963165,-30.49803567588876,1.2306617274203804,0.7785780906542907,-0.577834775462847,-0.6456170040768554,0.2400368527959154,-0.2982840303463319,-0.3021512014241532,-0.2594588564230491,34.40855804490677,-0.6550365921841217,28.031809145129227,8.151093439363818,2.1868787276341948,3.9761431411530817,4.8707753479125255,37.39562624254472,28.151093439363816,11.68986083499006,11.133200795228628,20.083002921786903,63.04771371769383,True,-0.5190242909815734,True,False,False,False,False,False,STRESS,0.448,STRESS,RISK_ON,0.156,0.93,0.907,Industrials,28.8,11.8,11.8,11.8,0.0,88.9,REJECTED,STRESS,0.448,0.136,0.2125,0.136,0.1105,0.255,24.2,False,False,NORMAL GİRİŞ,⭐,İşlem Açma,0.0,5.0,58.0,-0.1344888979117103,0.0517241379310344,2.951486161549844,0.7464781743023456,-6.17831559757237,3.191684763591995,65.37298387096774,0.15,False,"HD, DE, LOW",
2026-09-29,AMGN,414.37,424.57,414.11,423.64,3738330.0,1.3177708016270495,1583706121.2,1085691425.289917,1.1963593945765347,9.477140764508928,-2.0304333749595393,16.988843477300342,2.840963914079776,1.036025283223161,1.213993916642842,0.456772709900778,-0.44891206204837814,1.3552081272929486,0.8510038240917774,0.10197495924589217,91.10898661567869,1.5404889196547256,88.02660753880266,69.40133037694012,87.36141906873614,84.70066518847007,79.27937915742794,74.03547671840354,87.71618625277162,86.38580931263859,83.37028824833703,86.99670797420646,51.093126385809306,True,-0.22271811802767605,False,False,True,True,False,True,NORMAL,0.833,NORMAL,RISK_ON,0.15,0.9,0.91,Health Technology,83.1,83.1,83.1,83.1,83.1,80.9,SELECTED,NORMAL,0.833,0.17,0.2125,0.17,0.1275,0.17,82.5,True,True,🎯 UYGUN GİRİŞ BÖLGESİ,⭐⭐⭐⭐,İşlem Açma,0.0,6.0,25.0,0.03811842104059654,0.12,3.005418467305465,7.571076560583823,1.7734828151962923,-2.028071016590083,78.55203619909503,0.15,True,"Health Technology · LLY, JNJ, TMO",0.5842081862394803
2026-09-29,BE,272.82,302.354,271.2,291.25,23694914.0,10.79621311293466,6901143702.5,3787021069.4091797,1.4016620062739318,20.82257488141741,38.1838022488969,-3.782623059134449,5.72551300263947,2.66851012306319,1.2889575905482833,2.2307258802959384,0.1575417479861709,0.9820040903652348,0.42414457212557044,-0.012227580717836804,64.35770687552164,11.018931230962338,99.77827050997783,99.55654101995566,47.893569844789354,92.23946784922394,71.1419068736142,91.44124168514412,73.70288248337029,91.44124168514412,96.0088691796009,82.22845361438144,61.16851441241685,True,-0.22271811802767605,False,False,True,True,False,True,NORMAL,0.833,NORMAL,RISK_ON,0.15,0.9,0.91,Electronic Technology,82.9,82.9,82.9,82.9,82.9,80.9,SELECTED,NORMAL,0.833,0.17,0.2125,0.17,0.1275,0.17,87.0,True,True,⚠️ UZAMIŞ HAREKET,⭐⭐⭐⭐,İşlem Açma,0.0,3.0,96.0,0.02554887949189778,0.03125,0.8583284322582763,8.254331631412981,5.977301618212843,-8.1584674144206,66.10859728506787,0.15,True,"Electronic Technology · MU, NVDA, SNDK",0.5752525793726762
2026-09-29,AMAT,504.71,513.28,499.17,512.01,7161163.0,5.187359217642573,3666587067.63,2738220083.1868286,1.127710238134982,19.239281877790177,10.903892390668645,-29.182572614107883,3.2615336820948437,2.076213559281156,0.07820862828759147,1.6120349309154753,1.1923472047638866,1.2842077826524159,0.6838058114812212,0.32294628226170213,90.99929128277827,5.410077335670249,98.89135254988913,94.2350332594235,2.4390243902439024,79.6008869179601,43.747228381374725,86.60753880266076,93.56984478935698,70.82039911308205,95.1219512195122,75.65868744313369,54.37915742793792,True,-0.22271811802767605,False,False,True,True,False,True,NORMAL,0.833,NORMAL,RISK_ON,0.15,0.9,0.91,Producer Manufacturing,81.5,81.5,81.5,81.5,81.5,80.9,SELECTED,NORMAL,0.833,0.17,0.2125,0.17,0.1275,0.17,87.2,True,True,NORMAL GİRİŞ,⭐⭐⭐⭐,İşlem Açma,0.0,3.0,96.0,0.02554887949189778,0.03125,0.8583284322582763,8.254331631412981,9.025270729943218,-11.206436526150975,65.76923076923076,0.15,True,"Electronic Technology · MU, NVDA, SNDK",0.5808225970363423
2026-09-29,META,725.0,740.45,715.1,738.79,23591089.0,3.2377525839000887,17428860642.309998,13473141154.3396,1.0027423887119966,29.895003836495537,27.813916473478418,31.156242787906763,3.5356444167423313,1.2920811751422678,0.6849285931181397,-0.32321962299732326,0.1511991600174764,1.308279866746926,0.7227613412228754,0.03760733159956123,93.4516765285993,3.4604707019277647,96.0088691796009,98.66962305986696,94.67849223946784,66.29711751662971,96.47450110864744,67.20620842572062,82.39467849223946,72.23946784922394,99.33481152993349,91.26756233135217,52.312638580931264,True,-0.22271811802767605,False,False,True,True,False,True,NORMAL,0.833,NORMAL,RISK_ON,0.15,0.9,0.91,Technology Services,80.1,80.1,80.1,80.1,80.1,80.9,WATCH,NORMAL,0.833,0.17,0.2125,0.17,0.1275,0.17,79.2,True,True,🎯 UYGUN GİRİŞ BÖLGESİ,⭐,İşlem Açma,0.0,3.0,96.0,0.02554887949189778,0.03125,0.8583284322582763,8.254331631412981,0.9515050350104748,-3.1326708312182316,71.04072398190046,0.15,True,"Electronic Technology · MU, NVDA, SNDK",0.5992006612024694
2026-09-29,LITE,945.0,998.88,934.505,973.49,6036663.0,5.662526837694326,5876631063.87,3903028433.6517334,1.3604468067604707,60.536433279854904,8.769832402234634,13.452439223364344,4.924694209724066,1.7156733641318849,1.1427367215606736,1.0141264503112484,-0.3516971042247505,0.6776350148085624,0.31530485436893235,-0.11187628415043885,60.5592233009709,5.885244955722002,99.33481152993349,91.7960088691796,83.14855875831486,91.35254988913526,87.03991130820401,80.57649667405765,56.45232815964523,89.57871396895787,96.23059866962306,86.71335026801283,62.12416851441241,True,-0.22271811802767605,False,False,True,True,False,True,NORMAL,0.833,NORMAL,RISK_ON,0.15,0.9,0.91,Producer Manufacturing,78.0,78.0,78.0,78.0,78.0,80.9,WATCH,NORMAL,0.833,0.17,0.2125,0.17,0.1275,0.17,78.3,True,True,NORMAL GİRİŞ,⭐,İşlem Açma,0.0,3.0,96.0,0.02554887949189778,0.03125,0.8583284322582763,8.254331631412981,3.5960211994200018,-5.777186995627758,67.30769230769229,0.15,True,"Electronic Technology · MU, NVDA, SNDK",0.5613365049427007
2026-09-29,NTAP,205.15,210.04,200.79,209.18,2720856.0,2.3335434922135523,569148658.08,436649587.6881714,1.037091416385082,7.677855355398996,11.849000106940434,35.16412509692428,2.7731546808199803,1.2743096968613883,0.37383333465382296,0.6281899917313579,-0.16758859711339574,1.039883635371992,0.6437837837837856,0.22666545603120566,90.70270270270287,2.5562616102412283,94.90022172949001,95.1219512195122,95.1219512195122,71.61862527716187,95.1219512195122,74.57871396895787,90.1108647450111,71.08647450110865,56.54101995565411,91.72880685563614,59.882483370288234,True,-0.22271811802767605,False,False,True,True,False,True,NORMAL,0.833,NORMAL,RISK_ON,0.15,0.9,0.91,Electronic Technology,76.6,76.6,76.6,76.6,76.6,80.9,WATCH,NORMAL,0.833,0.17,0.2125,0.17,0.1275,0.17,74.9,True,True,🎯 UYGUN GİRİŞ BÖLGESİ,⭐,İşlem Açma,0.0,3.0,96.0,0.02554887949189778,0.03125,0.8583284322582763,8.254331631412981,9.08817243807048,-11.269338234278237,65.72398190045249,0.15,True,"Electronic Technology · MU, NVDA, SNDK",0.5961877827037034
2026-09-29,MRNA,197.78,208.9032,190.0,203.46,13277850.0,3.1326040444763503,2701511361.0,2566739031.8459473,0.8684892413845882,12.690940982491629,47.44546706283064,190.53262887334,4.699779343827813,1.4018104718799669,0.29548931684647106,0.8389931981504531,-0.6925972100343565,0.6082198140308781,0.3684688306741723,0.22408649265192598,71.20487536501761,3.3553221625040264,95.78713968957871,100.0,100.0,44.567627494456765,100.0,63.62527716186253,83.94678492239468,54.146341463414636,94.67849223946784,88.07614163849732,55.128603104212864,True,-0.22271811802767605,False,False,True,True,False,True,NORMAL,0.833,NORMAL,RISK_ON,0.15,0.9,0.91,Health Technology,74.7,74.7,74.7,74.7,74.7,80.9,REJECTED,NORMAL,0.833,0.17,0.2125,0.17,0.1275,0.17,74.0,True,True,🎯 UYGUN GİRİŞ BÖLGESİ,⭐,İşlem Açma,0.0,3.0,96.0,0.02554887949189778,0.03125,0.8583284322582763,8.254331631412981,12.102482200043823,-14.283647996251581,65.61085972850678,0.15,True,"Electronic Technology · MU, NVDA, SNDK",0.5803144626342017
2026-09-29,TJX,130.84,134.35,129.77,133.8,12020538.0,2.7255278310940545,1608347984.4,1098459844.2871094,1.294398799127343,2.975000523158481,-0.9769094138543433,-11.683168316831672,1.5198346270141792,0.4167412513291097,1.607478841758349,1.5590350573122165,0.6150003444016426,1.619807064744102,0.708733624454154,-0.0933485254201412,87.99126637554619,2.9482459491217305,95.1219512195122,72.50554323725056,24.390243902439025,88.24833702882484,46.04212860310422,93.62527716186253,70.15521064301552,90.82039911308203,83.5920177383592,75.70710889919542,22.0,True,-0.22271811802767605,False,False,True,True,False,True,NORMAL,0.833,NORMAL,RISK_ON,0.15,0.9,0.91,Retail Trade,74.5,74.5,74.5,74.5,74.5,80.9,REJECTED,NORMAL,0.833,0.17,0.2125,0.17,0.1275,0.17,84.0,True,True,🎯 UYGUN GİRİŞ BÖLGESİ,⭐,İşlem Açma,0.0,13.0,12.0,-0.13861084651358005,0.0,0.21731553295660233,-0.8512872043160149,3.596607077094843,-1.964952556237698,31.153846153846153,0.15,True,"Retail Trade · NKE, TJX, SBUX",0.5546984133313841
2026-09-29,AIG,72.72,75.87,72.72,75.27,11134687.0,3.4212713141889006,838107890.49,322549875.3051758,2.5148358026922035,1.5028565543038508,-2.1578057974782405,0.9928887696229571,1.2106365861361246,0.45365075515760295,3.6847066522907106,3.108754416938106,0.2271326660996498,1.6016399642276233,0.7047619047619011,-0.02143484697366833,80.95238095238072,3.6439894322165767,96.89578713968959,69.17960088691795,61.19733924611973,99.33481152993349,64.78935698447894,95.0,79.33481152993349,99.42350332594236,41.24168514412417,85.22384119945096,28.290465631929045,True,-0.22271811802767605,False,False,True,True,False,True,NORMAL,0.833,NORMAL,RISK_ON,0.15,0.9,0.91,Finance,73.8,73.8,73.8,73.8,73.8,80.9,REJECTED,NORMAL,0.833,0.17,0.2125,0.17,0.1275,0.17,80.4,True,True,🎯 UYGUN GİRİŞ BÖLGESİ,⭐,İşlem Açma,0.0,16.0,99.0,-0.17851639791542123,0.020202020202020204,0.019313729597758567,-0.5542398222371903,1.6129167225886532,-0.3461299391902539,27.624434389140276,0.15,True,"WMT, COST, BRK-B",0.5749608952362721
2026-09-29,MRVL,258.545,264.395,256.88,263.27,17098834.0,4.513698443433856,4501610027.179999,4381425541.965244,0.9247894270430654,12.565357448032923,21.535407626257964,-11.621739568297029,3.541635367133628,2.264791677391586,-0.7981668214233764,0.32670150703986167,0.42859380162119015,1.3290313202535406,0.6682634730538903,0.181931479884146,85.02994011976045,4.736416561461532,98.22616407982262,98.22616407982262,24.6119733924612,56.09756097560976,57.73835920177384,63.44789356984479,91.30820399113082,41.108647450110865,96.67405764966742,76.91097627361684,55.35254988913525,True,-0.22271811802767605,False,False,True,True,False,True,NORMAL,0.833,NORMAL,RISK_ON,0.15,0.9,0.91,Electronic Technology,73.2,73.2,73.2,73.2,73.2,80.9,REJECTED,NORMAL,0.833,0.17,0.2125,0.17,0.1275,0.17,74.0,True,True,NORMAL GİRİŞ,⭐,İşlem Açma,0.0,3.0,96.0,0.02554887949189778,0.03125,0.8583284322582763,8.254331631412981,1.0010469937125122,-3.182212789920269,70.88235294117648,0.15,True,"Electronic Technology · MU, NVDA, SNDK",0.6138175834568907
2026-09-29,RCL,257.2,261.99,254.21,260.67,4041201.0,7.452905698933576,1053419864.6700001,600629916.88797,1.3381216567247947,10.982857448032926,-6.706989728356183,-17.90696942021225,2.705998194943743,1.3492256686674127,1.4938591234392364,1.6096827372485314,2.4628636043296157,1.7453085351253486,0.5640745501285374,-0.20379755877176708,83.03341902313633,7.675623816961252,99.55654101995566,43.45898004434589,10.42128603104213,90.9090909090909,25.288248337028826,96.23059866962306,55.07760532150776,91.88470066518846,69.84478935698448,71.79447272271275,64.08425720620843,True,-0.22271811802767605,False,False,True,True,False,True,NORMAL,0.833,NORMAL,RISK_ON,0.15,0.9,0.91,Consumer Services,73.0,73.0,73.0,73.0,73.0,80.9,REJECTED,NORMAL,0.833,0.17,0.2125,0.17,0.1275,0.17,77.7,True,True,⚠️ UZAMIŞ HAREKET,⭐,İşlem Açma,0.0,5.0,47.0,-0.09611548836367505,0.06382978723404255,0.3392823562719416,1.8889759365361414,12.14858626505333,-16.644256873595243,54.41176470588236,0.15,True,"HD, DE, F",0.5616647077478869
2026-09-29,PFE,28.6,28.76,28.26,28.72,33309392.0,2.390827025244846e-06,956645738.24,800007829.8532486,0.9945392498600797,0.4457144056047712,2.7181688125894166,19.269102990033215,0.8681178556859438,0.45736543728411566,-0.2559186916625415,0.6295733508165541,-1.4890820909387439,0.9624113830476583,0.5699999999999917,0.19518055212386973,91.99999999999946,0.2227205088547013,59.64523281596452,81.1529933481153,89.13525498891353,65.18847006651885,85.54323725055434,47.12860310421286,87.98226164079823,55.609756097560975,78.27050997782705,73.28203991130815,14.243902439024392,True,-0.22271811802767605,False,False,True,True,False,True,NORMAL,0.833,NORMAL,RISK_ON,0.15,0.9,0.91,Health Technology,70.6,70.6,70.6,70.6,70.6,80.9,REJECTED,NORMAL,0.833,0.17,0.2125,0.17,0.1275,0.17,67.3,True,False,NORMAL GİRİŞ,⭐,İşlem Açma,0.0,6.0,25.0,0.03811842104059654,0.12,3.005418467305465,7.571076560583823,1.335598399179072,-1.5901866005728627,79.68325791855203,0.15,True,"Health Technology · LLY, JNJ, TMO",0.5535642544853262
2026-09-29,DASH,180.23,188.1395,179.12,187.1,5754145.0,4.882561040502464,1076600529.5,837530606.5,1.4017559266788553,7.538036097935268,-20.96815071386332,1.3927274697881131,2.8387439906140286,0.9424886280540683,1.2690317942292701,0.9862788702053731,0.9542972452546281,1.469408937510585,0.7659820389156826,-0.17822356243174373,88.4749708963911,5.1052791585301405,98.66962305986696,3.325942350332594,62.52771618625277,92.46119733924611,35.886917960088695,91.1640798226164,54.90022172949002,91.48558758314856,79.37915742793791,80.95281859739964,56.66962305986697,True,-0.22271811802767605,False,False,True,True,False,True,NORMAL,0.833,NORMAL,RISK_ON,0.15,0.9,0.91,Transportation,70.5,70.5,70.5,70.5,70.5,80.9,REJECTED,NORMAL,0.833,0.17,0.2125,0.17,0.1275,0.17,78.0,True,True,NORMAL GİRİŞ,⭐,İşlem Açma,0.0,11.0,54.0,-0.1644316755552538,0.0,-1.5237123163531487,-6.819868411692198,0.37767654160856834,-0.7579407497036117,25.995475113122172,0.15,True,"Technology Services · CRM, NFLX, NOW",0.5617923046008134
2026-09-29,TT,454.59,456.305,448.545,455.59,1187424.0,0.7808703403243911,540978500.16,440677263.7734375,1.0971352542513826,11.276429704938616,1.4767462580185242,-7.2420392540109235,1.4038504799828833,0.9044988893129713,0.39818849656456107,-0.6238973647488314,-0.5409658864332966,1.0267355351190195,0.5066365979381398,0.24372242352034434,90.78608247422638,1.0035884583520671,79.82261640798227,80.04434589800444,37.250554323725055,76.94013303769401,56.50776053215078,52.41685144124168,90.06651884700665,74.72283813747228,56.98447893569845,72.93781002125857,43.56097560975609,True,-0.22271811802767605,False,False,True,True,False,True,NORMAL,0.833,NORMAL,RISK_ON,0.15,0.9,0.91,Producer Manufacturing,70.4,70.4,70.4,70.4,70.4,80.9,REJECTED,NORMAL,0.833,0.17,0.2125,0.17,0.1275,0.17,69.1,True,True,NORMAL GİRİŞ,⭐,İşlem Açma,0.0,3.0,96.0,0.02554887949189778,0.03125,0.8583284322582763,8.254331631412981,4.712933599230134,-6.894099395437891,66.6289592760181,0.15,True,"Electronic Technology · MU, NVDA, SNDK",0.5941104436210782
2026-09-29,CI,269.97,276.61,269.01,275.26,1978744.0,1.2618230501300953,544669073.4399999,425119785.0,1.308952834557121,6.41499720982143,-1.2980493402180215,-0.15235055136391118,1.6533684766159753,0.5749414777773204,0.7498359795176717,0.5489186730243959,-0.41580177042563177,1.3231187199551921,0.6678289473684154,-0.025875944525303136,82.23684210526291,1.4845411681577714,87.58314855875831,72.28381374722838,58.98004434589801,89.80044345898004,64.96674057649668,75.04434589800442,75.78713968957871,86.51884700665188,54.988913525498894,79.53854008635777,39.14412416851441,True,-0.22271811802767605,False,False,True,True,False,True,NORMAL,0.833,NORMAL,RISK_ON,0.15,0.9,0.91,Health Services,69.9,69.9,69.9,69.9,69.9,80.9,REJECTED,NORMAL,0.833,0.17,0.2125,0.17,0.1275,0.17,73.6,True,True,🎯 UYGUN GİRİŞ BÖLGESİ,⭐,İşlem Açma,0.0,14.0,9.0,-0.1474787699916338,0.0,0.667922296595147,1.58134060200813,1.3998708851903907,-0.5552732608612665,38.97624434389141,0.15,True,"Health Services · UNH, CVS, ELV",0.5895471374269577
2026-09-29,KLAC,194.94,197.47,192.57,196.53,7780320.0,3.8906813460354073,1529066289.6,1663791436.365509,0.8111081804922953,7.407146911621093,11.957388629372234,-34.861290643333,3.1020008262989216,1.990920866874888,-0.9316624786705986,0.844794742162888,1.616660309309391,1.028355709006369,0.485000000000001,0.3380734431329946,80.81632653061232,4.113399464063083,97.5609756097561,95.34368070953437,1.1086474501108647,33.48115299334812,43.51441241685144,67.38359201773835,91.48558758314856,25.853658536585368,90.46563192904657,68.99848409430292,55.54988913525499,True,-0.22271811802767605,False,False,True,True,False,True,NORMAL,0.833,NORMAL,RISK_ON,0.15,0.9,0.91,Electronic Technology,68.5,68.5,68.5,68.5,68.5,80.9,REJECTED,NORMAL,0.833,0.17,0.2125,0.17,0.1275,0.17,70.9,True,False,🎯 UYGUN GİRİŞ BÖLGESİ,⭐,İşlem Açma,0.0,3.0,96.0,0.02554887949189778,0.03125,0.8583284322582763,8.254331631412981,5.013786357693678,-7.1949521539014345,66.42533936651583,0.15,True,"Electronic Technology · MU, NVDA, SNDK",0.5948673697965801
2026-09-29,VST,140.0,143.51,138.8501,140.83,4860995.0,2.0359336621899704,684573925.85,651332196.6835022,1.064631359240631,4.153931056431361,2.728134801954929,-11.22108050179662,2.08627878516471,0.9945511983700712,0.49624118273680834,1.1321171069883738,0.03363964641197263,0.20420019194322156,-0.0024796669456371018,-0.12317745563233715,42.488036223953685,2.2586517802176465,94.01330376940133,81.37472283813747,26.607538802660752,73.8359201773836,51.252771618625275,81.77383592017738,49.40133037694014,74.45676274944569,71.3968957871397,67.99492335631997,57.90243902439023,True,-0.22271811802767605,False,False,True,True,False,True,NORMAL,0.833,NORMAL,RISK_ON,0.15,0.9,0.91,Utilities,68.4,68.4,68.4,68.4,68.4,80.9,REJECTED,NORMAL,0.833,0.17,0.2125,0.17,0.1275,0.17,68.5,True,False,🎯 UYGUN GİRİŞ BÖLGESİ,⭐,İşlem Açma,0.0,3.0,96.0,0.02554887949189778,0.03125,0.8583284322582763,8.254331631412981,0.9533111148575524,-3.1344769110653092,70.99547511312217,0.15,True,"Electronic Technology · MU, NVDA, SNDK",0.573952504422878
2026-09-29,KR,59.89,60.89,59.79,60.79,10458116.0,1.8428570926433352,635748871.64,451372370.45230865,1.2935872404087532,1.6828572845458984,5.318780318780325,9.472357284350807,1.7659175408587784,0.552584738753209,1.3874197245837943,-0.6051241223843878,-0.16452135854760241,1.550200541415169,0.8181818181818159,-0.0434612967682485,90.90909090909079,2.0655752106710112,93.34811529933481,86.47450110864744,77.8270509977827,88.02660753880266,81.71840354767184,63.769401330376944,76.89578713968957,89.35698447893571,58.98004434589801,87.43569844789356,37.70288248337029,True,-0.22271811802767605,False,False,True,True,False,True,NORMAL,0.833,NORMAL,RISK_ON,0.15,0.9,0.91,Retail Trade,68.1,68.1,68.1,68.1,68.1,80.9,REJECTED,NORMAL,0.833,0.17,0.2125,0.17,0.1275,0.17,71.9,True,True,🎯 UYGUN GİRİŞ BÖLGESİ,⭐,İşlem Açma,0.0,16.0,99.0,-0.17851639791542123,0.020202020202020204,0.019313729597758567,-0.5542398222371903,5.301262114342387,-4.034475330943987,22.556561085972852,0.15,True,"WMT, COST, BRK-B",0.5921750328443405
2026-09-29,MRK,148.17,150.36,146.0879,149.28,8203975.0,0.39679706026385375,1224689388.0,1241130458.1604004,0.8323656697829745,3.350150348772323,0.6268958543983905,16.171206225680933,1.1062253828259059,0.6112392888102598,-0.3316429064792624,0.9049189301166332,-0.8982924508599094,0.7493986808311603,0.3888380421806597,0.02046883012473512,74.71969289108385,0.6195151782915298,73.39246119733924,77.38359201773835,86.25277161862527,37.028824833702885,82.26164079822617,52.915742793791566,74.19068736141907,37.472283813747225,86.69623059866962,72.78460787003965,26.913525498891357,True,-0.22271811802767605,False,False,True,True,False,True,NORMAL,0.833,NORMAL,RISK_ON,0.15,0.9,0.91,Health Technology,68.0,68.0,68.0,68.0,68.0,80.9,REJECTED,NORMAL,0.833,0.17,0.2125,0.17,0.1275,0.17,63.0,True,True,NORMAL GİRİŞ,⭐,İşlem Açma,0.0,6.0,25.0,0.03811842104059654,0.12,3.005418467305465,7.571076560583823,-2.5730166739417415,2.318428472547951,89.45701357466064,0.15,True,"Health Technology · LLY, JNJ, TMO",0.573133230590142
2026-09-29,CAT,826.53,829.74,815.5,826.64,2313854.0,0.8159019078445517,1912724270.56,1832497278.7733154,0.9516882839122038,20.67143537248884,3.297719462667925,-22.37393182458448,1.6060645064818098,1.259767730396798,-0.37903168965069767,-0.5039624711955073,-0.5087221409032999,0.9165840110014263,0.314009831460673,0.1848698233843471,78.23033707865153,1.0386200258722278,80.48780487804879,83.37028824833703,5.986696230598669,59.86696230598669,40.809312638580934,45.44345898004434,87.00665188470066,50.554323725055426,91.35254988913526,63.70884302050373,44.28381374722837,True,-0.22271811802767605,False,False,True,True,False,True,NORMAL,0.833,NORMAL,RISK_ON,0.15,0.9,0.91,Producer Manufacturing,67.5,67.5,67.5,67.5,67.5,80.9,REJECTED,NORMAL,0.833,0.17,0.2125,0.17,0.1275,0.17,68.1,True,False,NORMAL GİRİŞ,⭐,İşlem Açma,0.0,3.0,96.0,0.02554887949189778,0.03125,0.8583284322582763,8.254331631412981,2.959853034182297,-5.141018830390054,67.87330316742081,0.15,True,"Electronic Technology · MU, NVDA, SNDK",0.614318450279482
2026-09-29,SO,81.95,83.65,81.69,83.45,9859861.0,1.3357638691694484,822805400.45,458148137.67585754,1.6312241550313469,1.2700016130719871,-5.439093484419255,-12.80952878487096,0.8164590541620017,0.3710099464257826,2.086127325803941,1.529193868680948,-0.0010715676019981552,1.7513629835277358,0.7821428571428546,-0.21866164824082615,89.79591836734684,1.5584819871971245,88.24833702882484,50.554323725055426,20.39911308203991,95.1219512195122,33.968957871396896,90.33259423503326,52.904656319290474,95.65410199556541,59.86696230598669,69.95076700303181,22.20177383592018,True,-0.22271811802767605,False,False,True,True,False,True,NORMAL,0.833,NORMAL,RISK_ON,0.15,0.9,0.91,Utilities,67.4,67.4,67.4,67.4,67.4,80.9,REJECTED,NORMAL,0.833,0.17,0.2125,0.17,0.1275,0.17,74.1,True,False,🎯 UYGUN GİRİŞ BÖLGESİ,⭐,İşlem Açma,0.0,16.0,99.0,-0.17851639791542123,0.020202020202020204,0.019313729597758567,-0.5542398222371903,-0.5032741223934156,1.7700609057918149,33.710407239819006,0.15,True,"WMT, COST, BRK-B",0.5815645318625561
2026-09-29,LRCX,323.63,328.3238,319.1536,323.86,7971309.0,2.9859760049756767,2581588132.7400002,2687089934.085454,0.8539186232421618,14.288130140904018,7.273931765485275,-25.26250201924629,3.691795513096018,2.250360518714287,-0.436377723682324,0.4529990877193142,0.29748813270074237,0.09279145301958758,0.025836950121047395,0.2019177517825554,51.322762862315095,3.2086941230033528,95.34368070953437,90.2439024390244,4.656319290465632,42.12860310421286,43.17073170731708,65.48780487804876,77.11751662971176,38.8470066518847,94.90022172949001,64.977065643216,58.82261640798227,True,-0.22271811802767605,False,False,True,True,False,True,NORMAL,0.833,NORMAL,RISK_ON,0.15,0.9,0.91,Producer Manufacturing,67.3,67.3,67.3,67.3,67.3,80.9,REJECTED,NORMAL,0.833,0.17,0.2125,0.17,0.1275,0.17,69.5,True,False,🎯 UYGUN GİRİŞ BÖLGESİ,⭐,İşlem Açma,0.0,3.0,96.0,0.02554887949189778,0.03125,0.8583284322582763,8.254331631412981,4.802636128422827,-6.983801924630583,66.56108597285068,0.15,True,"Electronic Technology · MU, NVDA, SNDK",0.6216022519644814
2026-09-29,ETR,97.68,100.03,97.04,99.76,3978772.0,1.6921524482151895,396922294.72,290147789.71710205,1.303293305294052,1.9978568376813612,-5.664302600472803,-13.146439143304889,0.9984256494915267,0.3398973597947652,1.4920434298261207,1.5060439451980099,0.32325462734152755,1.7534989247666906,0.7637123745819414,-0.10890146073185325,90.96989966555196,1.9148705662428656,92.23946784922394,49.44567627494457,19.733924611973393,89.13525498891353,33.104212860310426,91.81818181818181,68.9578713968958,90.73170731707317,33.92461197339246,72.68457311511395,26.14190687361419,True,-0.22271811802767605,False,False,True,True,False,True,NORMAL,0.833,NORMAL,RISK_ON,0.15,0.9,0.91,Utilities,67.1,67.1,67.1,67.1,67.1,80.9,REJECTED,NORMAL,0.833,0.17,0.2125,0.17,0.1275,0.17,73.2,False,False,🎯 UYGUN GİRİŞ BÖLGESİ,⭐,İşlem Açma,0.0,16.0,99.0,-0.17851639791542123,0.020202020202020204,0.019313729597758567,-0.5542398222371903,0.1092546456370247,1.1575321377613745,31.67420814479638,0.15,True,"WMT, COST, BRK-B",0.5702546591519015
2026-09-29,COST,916.8,925.97,912.66,924.59,2415200.0,0.18094928279457356,2233069768.0,1995050215.6604004,1.0168813589293948,14.433576485770093,-2.208425439199546,-1.1630517280083796,1.0407106926815533,0.3585647448886903,0.6228308795508538,0.08348245180481086,-1.081309925200458,1.3197306385566279,0.699323816679191,0.07694744813631678,89.6318557475583,0.4036674008222496,67.40576496674058,68.51441241685144,56.31929046563193,68.07095343680709,61.807095343680714,54.87804878048781,85.67627494456761,72.59423503325942,92.46119733924611,69.29910575213943,9.117516629711758,True,-0.22271811802767605,False,False,True,True,False,True,NORMAL,0.833,NORMAL,RISK_ON,0.15,0.9,0.91,Retail Trade,67.0,67.0,67.0,67.0,67.0,80.9,REJECTED,NORMAL,0.833,0.17,0.2125,0.17,0.1275,0.17,75.2,True,False,NORMAL GİRİŞ,⭐,İşlem Açma,0.0,16.0,99.0,-0.17851639791542123,0.020202020202020204,0.019313729597758567,-0.5542398222371903,4.292820588633983,-3.026033805235584,23.574660633484164,0.15,True,"WMT, COST, BRK-B",0.5837027918492432
2026-09-29,CRH,84.48,84.78,83.06,84.53,9427654.0,0.9313432835820867,796919592.62,422394281.13327026,1.8122906960985685,2.3099996512276784,-11.819319841435426,-20.999999999999996,1.764710594633688,1.002591732330043,2.850556159780894,-0.5970438962726397,-0.9977616262038548,1.08807422379542,0.4031976744186038,-0.10624263513335731,85.46511627906975,1.1540614016097628,82.48337028824834,16.4079822616408,7.317073170731707,96.67405764966742,11.4079822616408,53.12638580931264,62.882483370288256,97.64966740576497,53.88026607538803,63.85804156138813,57.25720620842572,True,-0.22271811802767605,False,False,True,True,False,True,NORMAL,0.833,NORMAL,RISK_ON,0.15,0.9,0.91,Non-Energy Minerals,66.6,66.6,66.6,66.6,66.6,80.9,REJECTED,NORMAL,0.833,0.17,0.2125,0.17,0.1275,0.17,65.1,True,False,NORMAL GİRİŞ,⭐,İşlem Açma,0.0,5.0,47.0,-0.09611548836367505,0.06382978723404255,0.3392823562719416,1.8889759365361414,-2.813589356489621,-1.6820812520522916,65.79185520361992,0.15,True,"HD, DE, F",0.6616474124743156
2026-09-29,FFIV,435.58,441.95,428.93,438.07,663629.0,0.5762701936530723,290715956.03,211672722.57995605,1.2040150223157589,14.765002354213168,11.117593344155829,5.31541494374459,2.2162259302564475,0.472695131953913,0.5537865589750731,-0.18584465776781822,-1.078282036087167,0.5629835204438647,0.30825652841781914,0.08297087952644187,70.19969278033793,0.7989883116807484,76.94013303769401,94.45676274944567,71.17516629711751,85.36585365853658,81.65188470066519,53.514412416851435,76.89578713968959,82.26164079822615,17.073170731707318,76.71065663945286,46.006651884700666,True,-0.22271811802767605,False,False,True,True,False,True,NORMAL,0.833,NORMAL,RISK_ON,0.15,0.9,0.91,Technology Services,66.6,66.6,66.6,66.6,66.6,80.9,REJECTED,NORMAL,0.833,0.17,0.2125,0.17,0.1275,0.17,59.0,False,False,NORMAL GİRİŞ,⭐,İşlem Açma,0.0,3.0,96.0,0.02554887949189778,0.03125,0.8583284322582763,8.254331631412981,-2.7120086229575238,0.5308428267497667,79.41176470588235,0.15,True,"Electronic Technology · MU, NVDA, SNDK",0.5663439311519235
2026-09-29,EW,85.7,88.19,85.7,88.08,3383130.0,1.4395924710187469,297986090.4,304306417.84785765,1.0068659488223424,2.157858319963727,-2.3611572996341867,-2.6309971258014597,1.6524920539824621,0.5903467651650096,-0.2096182525963383,0.6904003841687624,0.5938566169726771,1.8172669043857566,0.9315261044176709,-0.056776095233160954,95.58232931726909,1.662310589046423,90.02217294900223,68.07095343680709,50.99778270509978,66.96230598669624,58.68070953436807,75.08869179600887,76.62971175166297,57.5609756097561,36.58536585365854,77.94515089181562,44.38580931263858,True,-0.22271811802767605,False,False,True,True,False,True,NORMAL,0.833,NORMAL,RISK_ON,0.15,0.9,0.91,Health Technology,66.5,66.5,66.5,66.5,66.5,80.9,REJECTED,NORMAL,0.833,0.17,0.2125,0.17,0.1275,0.17,64.3,True,True,🎯 UYGUN GİRİŞ BÖLGESİ,⭐,İşlem Açma,0.0,9.0,19.0,-0.07995966169200827,0.10526315789473684,0.6362234813596768,0.03793591459123569,0.08783018113698304,-1.526758581907195,65.20361990950227,0.15,True,"Health Technology · BSX, MDT, ISRG",0.5800091110962116
2026-09-29,TMO,676.42,681.38,670.895,679.61,1850866.0,0.14883944155619222,1257867042.26,1339256221.307373,0.836319026166797,15.321063406808037,9.23044778038511,35.553295037498,1.5258055013484142,0.6747569043384616,-0.08522872461216449,-0.7289761134863207,-1.06088065075196,0.624708320568247,0.5012160228898469,0.3139284756389741,83.11874105865542,0.37155755958386827,65.41019955654102,92.23946784922394,95.34368070953437,37.91574279379157,93.94678492239468,31.086474501108647,85.27716186252772,42.61640798226164,87.58314855875831,73.76198497061056,31.536585365853664,True,-0.22271811802767605,False,False,True,True,False,True,NORMAL,0.833,NORMAL,RISK_ON,0.15,0.9,0.91,Health Technology,66.2,66.2,66.2,66.2,66.2,80.9,REJECTED,NORMAL,0.833,0.17,0.2125,0.17,0.1275,0.17,60.9,True,False,NORMAL GİRİŞ,⭐,İşlem Açma,0.0,6.0,25.0,0.03811842104059654,0.12,3.005418467305465,7.571076560583823,1.7097328553712599,-1.9643210567650504,78.80090497737555,0.15,True,"Health Technology · LLY, JNJ, TMO",0.5636084883702371
2026-09-29,COR,300.0,307.62,298.21,307.6,1268388.0,1.2474910213168044,390156148.8,345042767.64678955,0.9762387820759509,7.504287458147323,-4.480948979908694,8.700261502579698,1.4329122153100067,0.5992889281378411,-0.026079044912257602,0.8977931018878742,0.002581904182289377,1.6655248347004528,0.9111052072263572,-0.1282003650079399,99.78746014877808,1.4702091393444805,87.13968957871397,56.31929046563193,76.94013303769401,63.63636363636363,67.66075388026607,73.35920177383592,65.23281596452328,59.113082039911305,44.567627494456765,80.3856196290685,41.95343680709534,True,-0.22271811802767605,False,False,True,True,False,True,NORMAL,0.833,NORMAL,RISK_ON,0.15,0.9,0.91,Distribution Services,66.0,66.0,66.0,66.0,66.0,80.9,REJECTED,NORMAL,0.833,0.17,0.2125,0.17,0.1275,0.17,62.3,True,True,🎯 UYGUN GİRİŞ BÖLGESİ,⭐,İşlem Açma,0.0,9.0,19.0,-0.07995966169200827,0.10526315789473684,0.6362234813596768,0.03793591459123569,-1.295887621524372,-0.1430407792458399,68.73303167420815,0.15,True,"Health Technology · BSX, MDT, ISRG",0.5897587114608183
2026-09-29,EXC,40.115,40.74,40.01,40.65,14505988.0,0.8184531440315057,589668412.1999999,311112930.36009216,1.857279964764658,0.670714274815151,-7.466423856134763,-12.805662805662799,1.0052983926461563,0.36670463460304836,2.087438181168096,0.547361770860248,-0.6234539300507772,1.4961210497493906,0.7441780821917726,-0.09197297780806676,87.67123287671193,1.0411712620591818,80.70953436807096,39.24611973392461,20.620842572062084,97.5609756097561,29.00221729490022,76.21951219512195,69.22394678492239,97.20620842572063,39.24611973392461,67.7582541080703,25.745011086474502,True,-0.22271811802767605,False,False,True,True,False,True,NORMAL,0.833,NORMAL,RISK_ON,0.15,0.9,0.91,Utilities,66.0,66.0,66.0,66.0,66.0,80.9,REJECTED,NORMAL,0.833,0.17,0.2125,0.17,0.1275,0.17,70.9,True,False,NORMAL GİRİŞ,⭐,İşlem Açma,0.0,16.0,99.0,-0.17851639791542123,0.020202020202020204,0.019313729597758567,-0.5542398222371903,-1.2579899577936593,2.5247767411920585,35.452488687782804,0.15,True,"WMT, COST, BRK-B",0.5854668595211903
2026-09-29,IDXX,530.095,536.84,522.11,533.44,648949.0,0.8278838811511591,346175354.56000006,240687129.52575684,1.2691641242274896,11.922855137416295,-3.882952845997212,1.3296861940581994,1.3714039431253922,0.5379601723572884,0.5956462796652824,0.9991757718665729,-0.8255269485302835,0.8927882451304785,0.39828581126952073,-0.03988210760931597,76.91785471826223,1.0506019991788351,81.1529933481153,59.42350332594235,62.08425720620843,87.8048780487805,60.886917960088695,70.84257206208426,70.11086474501109,83.99113082039912,23.28159645232816,75.4035371347974,41.44345898004435,True,-0.22271811802767605,False,False,True,True,False,True,NORMAL,0.833,NORMAL,RISK_ON,0.15,0.9,0.91,Health Technology,66.0,66.0,66.0,66.0,66.0,80.9,REJECTED,NORMAL,0.833,0.17,0.2125,0.17,0.1275,0.17,63.7,False,False,NORMAL GİRİŞ,⭐,İşlem Açma,0.0,9.0,19.0,-0.07995966169200827,0.10526315789473684,0.6362234813596768,0.03793591459123569,3.165844064492118,-4.6047724652623305,59.75113122171946,0.15,True,"Health Technology · BSX, MDT, ISRG",0.5814453617726129
2026-09-29,RDDT,144.95,147.55,141.3217,145.36,4988528.0,1.593512817841236,725132430.08,700201187.122345,1.0340161097085245,7.1059481689453134,-4.993464052287577,-16.257633367899526,3.518171286350251,0.924773599864675,0.0933849854542173,0.1470195418757642,-0.6251601597432926,0.5578322559616006,0.19283994027262985,-0.12692794337832938,64.83791724868759,1.8162309358689122,91.35254988913526,52.77161862527716,13.303769401330376,71.17516629711751,31.064301552106432,60.35476718403547,52.727272727272734,66.20842572062084,73.39246119733924,65.08467864282885,59.56541019955654,True,-0.22271811802767605,False,False,True,True,False,True,NORMAL,0.833,NORMAL,RISK_ON,0.15,0.9,0.91,Technology Services,65.7,65.7,65.7,65.7,65.7,80.9,REJECTED,NORMAL,0.833,0.17,0.2125,0.17,0.1275,0.17,61.8,True,False,🎯 UYGUN GİRİŞ BÖLGESİ,⭐,İşlem Açma,0.0,3.0,96.0,0.02554887949189778,0.03125,0.8583284322582763,8.254331631412981,-5.968793683398028,3.7876278871902707,83.84615384615384,0.15,True,"Electronic Technology · MU, NVDA, SNDK",0.5796123857758024
2026-09-29,XEL,69.29,70.91,68.9,70.69,6568840.0,1.873469695613661,464351299.59999996,444658499.9423828,1.071530348667732,1.3271439252580908,-7.5343361674297,-11.967621419676211,1.213785315325014,0.29268339178363023,0.9480852839136721,1.4302007422776777,1.061017322771255,1.5263136800602914,0.7430348258706464,-0.1676879112656597,89.05472636815921,2.096187813641337,93.56984478935698,38.13747228381374,23.725055432372503,74.50110864745011,30.210643015521065,90.33259423503326,58.00443458980044,78.66962305986695,57.42793791574279,70.8422797321596,23.8980044345898,True,-0.22271811802767605,False,False,True,True,False,True,NORMAL,0.833,NORMAL,RISK_ON,0.15,0.9,0.91,Utilities,65.4,65.4,65.4,65.4,65.4,80.9,REJECTED,NORMAL,0.833,0.17,0.2125,0.17,0.1275,0.17,71.7,True,True,🎯 UYGUN GİRİŞ BÖLGESİ,⭐,İşlem Açma,0.0,16.0,99.0,-0.17851639791542123,0.020202020202020204,0.019313729597758567,-0.5542398222371903,-0.4079856868405396,1.6747724702389388,33.32579185520362,0.15,True,"WMT, COST, BRK-B",0.5625021124853378
2026-09-29,MAR,362.35,364.085,355.17,361.62,1466722.0,0.8505989384169244,530396009.64,522521866.18652344,0.8919740566970028,7.2424964250837025,3.0021647487752157,-2.4204646644539696,1.2289331335477112,0.5218786956540539,-0.06386751639416617,0.7206171608442914,-0.29489576891731,0.3823603383803153,0.2090016825574882,0.15084877076095787,72.34997195737537,1.0733170564446004,81.37472283813747,82.26164079822617,52.328159645232816,49.00221729490023,65.79822616407984,65.8980044345898,78.53658536585365,49.71175166297118,65.41019955654102,71.03654930216769,26.43237250554324,True,-0.22271811802767605,False,False,True,True,False,True,NORMAL,0.833,NORMAL,RISK_ON,0.15,0.9,0.91,Consumer Services,65.0,65.0,65.0,65.0,65.0,80.9,REJECTED,NORMAL,0.833,0.17,0.2125,0.17,0.1275,0.17,66.4,True,True,NORMAL GİRİŞ,⭐,İşlem Açma,0.0,5.0,47.0,-0.09611548836367505,0.06382978723404255,0.3392823562719416,1.8889759365361414,5.069116562227793,-9.564787170769705,55.022624434389144,0.15,True,"HD, DE, F",0.6111629532890365
2026-09-29,DUK,112.87,114.44,112.4,114.21,5181935.0,0.7054019152261892,591828796.35,425749223.79608154,1.3174087247008337,1.5214292689732136,-5.022869022869026,-9.772475904566292,0.7231635953935245,0.3391341125216097,0.9958525812279583,1.1092546200708613,-0.40626131373448504,1.5297932742954334,0.7215686274509766,-0.16295986242587412,88.7254901960782,0.9281200332538653,79.15742793791574,52.54988913525499,29.268292682926827,90.2439024390244,39.745011086474506,80.41019955654102,59.246119733924616,88.29268292682927,55.210643015521065,67.80713882005128,20.733924611973393,True,-0.22271811802767605,False,False,True,True,False,True,NORMAL,0.833,NORMAL,RISK_ON,0.15,0.9,0.91,Utilities,64.8,64.8,64.8,64.8,64.8,80.9,REJECTED,NORMAL,0.833,0.17,0.2125,0.17,0.1275,0.17,70.6,True,False,NORMAL GİRİŞ,⭐,İşlem Açma,0.0,16.0,99.0,-0.17851639791542123,0.020202020202020204,0.019313729597758567,-0.5542398222371903,-0.3123132311427357,1.579100014541135,33.16742081447964,0.15,True,"WMT, COST, BRK-B",0.5762221758230055
2026-09-29,AMZN,246.705,248.8389,245.14,246.67,33730318.0,0.21125578566307812,8320257541.059999,8238185992.082977,0.9776780495666214,5.221345204380581,-7.416582216717349,3.4950071326676158,1.3858577483053647,0.8858928992935555,-0.28416908231254495,-0.5000649521770566,-1.224898351341212,-0.08655911197943715,-0.09925788748006543,0.07569847829473914,41.36364865230197,0.43397390369075417,67.84922394678492,39.467849223946786,67.40576496674058,63.8580931263858,54.83370288248338,33.847006651884705,68.33702882483371,54.27937915742794,97.78270509977827,63.48226286966479,37.20842572062084,True,-0.22271811802767605,False,False,True,True,False,True,NORMAL,0.833,NORMAL,RISK_ON,0.15,0.9,0.91,Retail Trade,64.6,64.6,64.6,64.6,64.6,80.9,REJECTED,NORMAL,0.833,0.17,0.2125,0.17,0.1275,0.17,61.1,True,False,NORMAL GİRİŞ,⭐,İşlem Açma,0.0,3.0,96.0,0.02554887949189778,0.03125,0.8583284322582763,8.254331631412981,-2.604887785669435,0.4237219894616784,79.14027149321267,0.15,True,"Electronic Technology · MU, NVDA, SNDK",0.6032840562271555
2026-09-29,EXPE,264.02,267.01,255.0726,266.33,2722915.0,0.7947579481350164,725193951.9499999,555702875.1938477,1.1357593933529098,11.99481794782366,-19.15675084992715,4.083945599499761,2.877680128266056,0.9111237907197578,1.2608245393894266,0.12208454179482262,-0.8800871730550065,1.092933856964378,0.5744190527250486,-0.1082046036931694,94.30361720307599,1.0174760661626925,80.04434589800444,5.321507760532151,68.95787139689578,80.26607538802661,40.32150776053216,62.6940133037694,62.70509977827051,84.07982261640798,68.29268292682927,74.12326637662689,57.314855875831476,True,-0.22271811802767605,False,False,True,True,False,True,NORMAL,0.833,NORMAL,RISK_ON,0.15,0.9,0.91,Consumer Services,64.5,64.5,64.5,64.5,64.5,80.9,REJECTED,NORMAL,0.833,0.17,0.2125,0.17,0.1275,0.17,68.1,True,True,NORMAL GİRİŞ,⭐,İşlem Açma,0.0,11.0,54.0,-0.1644316755552538,0.0,-1.5237123163531487,-6.819868411692198,-2.083118136648615,1.7028539285535715,32.8054298642534,0.15,True,"Technology Services · CRM, NFLX, NOW",0.6227294060995908
2026-09-29,PLD,131.71,133.19,130.71,132.61,4146858.0,0.12835816630929475,549914839.3800001,424813011.10076904,1.2450951868382296,2.0721416800362715,-5.749822316986474,-2.111168524396534,1.013614998719445,0.5389406364743787,0.32330193649670436,0.7887623993003188,-1.178102265112311,0.728396291261943,0.45604838709678186,0.09446867302709905,76.61290322580699,0.3510762843369708,64.52328159645234,48.78048780487805,53.215077605321504,86.69623059866962,51.21951219512195,60.67627494456762,79.82261640798225,79.68957871396896,54.767184035476724,66.45286460195986,27.982261640798228,True,-0.22271811802767605,False,False,True,True,False,True,NORMAL,0.833,NORMAL,RISK_ON,0.15,0.9,0.91,Finance,64.3,64.3,64.3,64.3,64.3,80.9,REJECTED,NORMAL,0.833,0.17,0.2125,0.17,0.1275,0.17,69.0,True,False,NORMAL GİRİŞ,⭐,İşlem Açma,0.0,16.0,99.0,-0.17851639791542123,0.020202020202020204,0.019313729597758567,-0.5542398222371903,-0.9133342456376647,2.180121029036064,34.68325791855204,0.15,True,"WMT, COST, BRK-B",0.5860565830337193
2026-09-29,PNW,90.9,93.43,90.73,93.4,1887902.0,2.2777051162141904,176330046.8,85992284.99298096,1.834606676060444,1.6385718209402904,-4.342482589102826,-12.710280373831772,0.862795313624606,0.4545175103886884,1.866316555743973,1.7687916079488624,1.1872630180421233,2.276778893915313,0.9544444444444435,-0.13126468691153123,98.88888888888884,2.5004232342418664,94.45676274944567,57.20620842572062,21.507760532150776,97.11751662971176,37.572062084257205,97.02882483370288,66.47450110864744,96.58536585365854,0.22172949002217296,75.7370041882237,37.73614190687361,True,-0.22271811802767605,False,False,True,True,False,True,NORMAL,0.833,NORMAL,RISK_ON,0.15,0.9,0.91,Utilities,64.0,64.0,64.0,64.0,64.0,80.9,REJECTED,NORMAL,0.833,0.17,0.2125,0.17,0.1275,0.17,68.4,False,False,🎯 UYGUN GİRİŞ BÖLGESİ,⭐,İşlem Açma,0.0,16.0,99.0,-0.17851639791542123,0.020202020202020204,0.019313729597758567,-0.5542398222371903,1.750821795034252,-0.4840350116358527,27.126696832579185,0.15,True,"WMT, COST, BRK-B",0.5605537843892611
2026-09-29,XYZ,73.29,74.49,72.865,74.05,5098046.0,1.0094154495296381,377510306.3,283531289.8349762,1.2591109985983935,2.152428218296596,-11.391647720473852,-2.56578947368421,2.5049627257871925,0.870205091485483,0.5815560600960731,-0.5021699619623852,-0.5393745473007215,0.8541655601779421,0.46261538461538365,-0.14127165482245532,72.92307692307706,1.2321335675573142,84.4789356984479,18.8470066518847,51.88470066518847,86.91796008869179,37.01773835920178,57.5609756097561,54.41241685144125,83.37028824833702,32.37250554323725,70.92534538632101,65.82483370288247,True,-0.22271811802767605,False,False,True,True,False,True,NORMAL,0.833,NORMAL,RISK_ON,0.15,0.9,0.91,Commercial Services,63.9,63.8,63.8,63.8,63.8,80.9,REJECTED,NORMAL,0.833,0.17,0.2125,0.17,0.1275,0.17,56.7,False,False,🎯 UYGUN GİRİŞ BÖLGESİ,⭐,İşlem Açma,0.0,3.0,96.0,0.02554887949189778,0.03125,0.8583284322582763,8.254331631412981,-3.83439382323148,1.6532280270237227,81.31221719457012,0.15,True,"Electronic Technology · MU, NVDA, SNDK",0.5843228190215571
2026-09-29,GLW,157.055,161.39,155.62,158.71,7592439.0,4.696882270673752,1204995993.69,1207667276.218169,0.8672751634614067,8.038570992606026,6.531077997046597,-37.8655600360177,4.515686309445453,2.530081926409382,-0.5933207493658913,1.0637446717118666,1.2650416155778463,0.5143767166304757,0.16815424610052293,-0.09488689580611433,53.55285961871773,4.919600388701428,98.4478935698448,89.13525498891353,0.6651884700665188,44.345898004434595,40.47671840354768,73.13747228381375,56.98447893569845,38.13747228381375,85.80931263858092,63.93732587317998,66.34146341463415,True,-0.22271811802767605,False,False,True,True,False,True,NORMAL,0.833,NORMAL,RISK_ON,0.15,0.9,0.91,Electronic Technology,63.8,63.5,63.5,63.5,63.5,80.9,REJECTED,NORMAL,0.833,0.17,0.2125,0.17,0.1275,0.17,63.8,True,False,NORMAL GİRİŞ,⭐,İşlem Açma,0.0,3.0,96.0,0.02554887949189778,0.03125,0.8583284322582763,8.254331631412981,0.040499194856075116,-2.221664991063832,72.89592760180994,0.15,True,"Electronic Technology · MU, NVDA, SNDK",0.6048598515639075
2026-09-29,COHR,289.925,302.72,285.85,292.21,5670083.0,3.45547437463547,1656854953.4299998,1685588394.1191747,0.8960796693245761,19.684278128487726,4.659742120343835,-25.92339087890081,4.9660491704816785,2.4431448501653743,-0.060732433211602,0.4794757400038497,-0.23224086698196578,0.1119323762419596,-0.07434795494961849,-0.14132731088015493,37.70005927682249,3.678192492663146,97.33924611973393,86.0310421286031,4.212860310421286,50.77605321507761,41.03104212860311,64.36807095343681,45.23281596452328,50.864745011086484,90.68736141906874,61.90858685894611,67.66075388026607,True,-0.22271811802767605,False,False,True,True,False,True,NORMAL,0.833,NORMAL,RISK_ON,0.15,0.9,0.91,Electronic Technology,63.8,63.3,63.3,63.3,63.3,80.9,REJECTED,NORMAL,0.833,0.17,0.2125,0.17,0.1275,0.17,61.2,True,False,🎯 UYGUN GİRİŞ BÖLGESİ,⭐,İşlem Açma,0.0,3.0,96.0,0.02554887949189778,0.03125,0.8583284322582763,8.254331631412981,-5.202962165796505,3.0217963695887478,83.1447963800905,0.15,True,"Electronic Technology · MU, NVDA, SNDK",0.6240728658140853
2026-09-29,MRSH,167.24,171.07,167.24,170.42,3565434.0,0.822339957842666,607621262.28,473256588.22631836,1.3130999381279278,3.4635706002371642,-11.534468438538203,2.2499550008999725,1.159060906064702,0.5207145078639647,1.2229565015501966,0.5513580400410261,-0.6710142302843678,1.6090227985737047,0.7369451697127904,-0.21475792011169337,83.02872062663164,1.045058075870342,80.93126385809313,18.181818181818183,64.7450110864745,90.02217294900223,43.79157427937916,72.93791574279379,52.28381374722838,89.66740576496674,60.97560975609756,73.04344855933724,31.971175166297115,True,-0.22271811802767605,False,False,True,True,False,True,NORMAL,0.833,NORMAL,RISK_ON,0.15,0.9,0.91,Finance,63.0,63.0,63.0,63.0,63.0,80.9,REJECTED,NORMAL,0.833,0.17,0.2125,0.17,0.1275,0.17,67.7,True,True,NORMAL GİRİŞ,⭐,İşlem Açma,0.0,16.0,99.0,-0.17851639791542123,0.020202020202020204,0.019313729597758567,-0.5542398222371903,1.734369962902993,-0.4675831795045937,27.217194570135746,0.15,True,"WMT, COST, BRK-B",0.5866513371942115
2026-09-29,PGR,208.19,211.025,206.05,210.52,2778673.0,0.5012645119482295,584966239.96,494567596.0529175,1.0159811917154333,4.590356663295201,-3.7138675448225245,-3.630121309224066,1.3752688596649172,0.604472130537288,0.3033670537708802,0.5654772405526145,-0.8678194092739675,1.2001847020488505,0.649095477386937,0.023658570462498564,89.84924623115586,0.7239826299759056,75.3880266075388,61.4190687361419,48.55875831485588,67.84922394678492,54.34589800443459,61.829268292682926,80.17738359201773,68.2039911308204,63.8580931263858,70.43060089806015,33.67627494456763,True,-0.22271811802767605,False,False,True,True,False,True,NORMAL,0.833,NORMAL,RISK_ON,0.15,0.9,0.91,Finance,63.0,63.0,63.0,63.0,63.0,80.9,REJECTED,NORMAL,0.833,0.17,0.2125,0.17,0.1275,0.17,69.0,True,True,NORMAL GİRİŞ,⭐,İşlem Açma,0.0,16.0,99.0,-0.17851639791542123,0.020202020202020204,0.019313729597758567,-0.5542398222371903,3.2231732789065104,-1.9563864955081112,24.705882352941178,0.15,True,"WMT, COST, BRK-B",0.5900584886982615
2026-09-29,ZBRA,376.15,380.845,366.495,375.97,594597.0,1.1025371599342026,223550634.09,199556160.76965332,1.034018798855722,10.814278302873886,5.476223874316188,42.81318848286866,1.8688849469127637,0.7365797901571194,-0.21000147337783068,0.9640877721440849,-0.5292872611282055,0.29184245233658934,0.17066202090592553,0.10812405761910948,66.02787456445999,1.3252552779618787,85.58758314855875,86.69623059866962,97.33924611973393,71.3968957871397,92.549889135255,66.33037694013304,75.34368070953437,60.13303769401331,13.968957871396896,83.64713335445043,58.64523281596452,True,-0.22271811802767605,False,False,True,True,False,True,NORMAL,0.833,NORMAL,RISK_ON,0.15,0.9,0.91,Electronic Technology,61.8,61.8,61.8,61.8,61.8,80.9,REJECTED,NORMAL,0.833,0.17,0.2125,0.17,0.1275,0.17,57.3,False,False,🎯 UYGUN GİRİŞ BÖLGESİ,⭐,İşlem Açma,0.0,5.0,47.0,-0.09611548836367505,0.06382978723404255,0.3392823562719416,1.8889759365361414,5.144369141546989,-9.640039750088903,54.95475113122172,0.15,True,"HD, DE, F",0.6152164998549485
2026-09-29,RVTY,150.49,153.06,149.29,152.77,1601168.0,1.1587840537878868,244610435.36,284199683.0921936,0.7297407663980748,5.186428854806083,18.61024844720496,37.309005932051065,3.057324897114582,0.6801426124153542,0.06160816137816122,-0.548842724287237,-0.5846580618500721,1.0856037399169076,0.7375331564986758,0.19631987515428034,92.30769230769253,1.381502171815563,86.47450110864744,97.78270509977827,96.0088691796009,21.951219512195124,96.80709534368071,41.29711751662971,89.53436807095343,35.609756097560975,33.03769401330377,83.37489339928366,53.83370288248337,True,-0.22271811802767605,False,False,True,True,False,True,NORMAL,0.833,NORMAL,RISK_ON,0.15,0.9,0.91,Health Technology,61.7,61.7,61.7,61.7,61.7,80.9,REJECTED,NORMAL,0.833,0.17,0.2125,0.17,0.1275,0.17,53.0,False,False,🎯 UYGUN GİRİŞ BÖLGESİ,⭐,İşlem Açma,0.0,6.0,25.0,0.03811842104059654,0.12,3.005418467305465,7.571076560583823,5.108176111326013,-5.362764312719803,74.95475113122171,0.15,True,"Health Technology · LLY, JNJ, TMO",0.5479727879492254
2026-09-29,CRWD,257.19,267.69,255.755,262.74,7074911.0,1.3461909353905455,1858862116.14,2421479310.0,0.5918335149288222,13.067356828962053,20.302197802197796,37.71522918468433,4.513578239899027,1.3264809000918893,-0.7539785016537195,-0.041596870981616,-0.6836266136670307,0.4519704343929287,0.30303728529535134,0.1746875207748389,58.525345622119914,1.5689090534182215,88.69179600886919,98.00443458980045,96.23059866962306,5.764966740576496,97.0288248337029,39.90022172949002,80.48780487804878,11.88470066518847,94.2350332594235,78.5265922118794,55.37694013303769,True,-0.22271811802767605,False,False,True,True,False,True,NORMAL,0.833,NORMAL,RISK_ON,0.15,0.9,0.91,Technology Services,61.2,61.2,61.2,61.2,61.2,80.9,REJECTED,NORMAL,0.833,0.17,0.2125,0.17,0.1275,0.17,57.3,True,True,🎯 UYGUN GİRİŞ BÖLGESİ,⭐,İşlem Açma,0.0,3.0,96.0,0.02554887949189778,0.03125,0.8583284322582763,8.254331631412981,5.7249737747086025,-7.906139570916359,66.15384615384616,0.15,True,"Electronic Technology · MU, NVDA, SNDK",0.5960011153891233
2026-09-29,LEN,82.27,83.45,81.65,83.01,4715747.0,1.1946863772847705,391454158.47,380300963.7496948,0.9721495945551755,2.8299994332449776,-3.8457083285068805,-8.2661067521273,2.4443542230065702,1.1472231089278213,1.1380755530030426,-1.0109425671662617,-0.8695427775842336,1.0825641276382443,0.4661111111111147,-0.05438820864277744,75.55555555555564,1.4174044953124465,86.69623059866962,59.86696230598669,33.25942350332594,62.08425720620843,45.23281596452328,42.394678492239464,70.02217294900223,71.92904656319291,48.33702882483371,69.29169746242918,63.95565410199556,True,-0.22271811802767605,False,False,True,True,False,True,NORMAL,0.833,NORMAL,RISK_ON,0.15,0.9,0.91,Consumer Durables,61.0,61.0,61.0,61.0,61.0,80.9,REJECTED,NORMAL,0.833,0.17,0.2125,0.17,0.1275,0.17,57.8,True,False,🎯 UYGUN GİRİŞ BÖLGESİ,⭐,İşlem Açma,0.0,5.0,47.0,-0.09611548836367505,0.06382978723404255,0.3392823562719416,1.8889759365361414,1.1130413027131136,-5.6087119112550265,58.529411764705884,0.15,True,"HD, DE, F",0.6460785596804776
2026-09-29,TXN,283.07,284.39,280.23,281.69,5034131.0,1.2144739574778018,1418064361.39,1410004217.0794678,0.8344407535960908,8.145711669921875,8.912001237240963,-5.4953534404669995,1.698972383311794,1.1360629909804971,-0.6398784018215425,-0.48613352312338737,-0.1449149748837321,-0.5797445891079254,-0.31322115384615695,0.3034909885293613,35.09615384615362,1.437192075505478,86.91796008869179,92.01773835920177,43.68070953436807,37.6940133037694,65.43237250554324,46.031042128603104,69.3569844789357,33.70288248337029,88.91352549889136,66.4231408835067,48.90022172949001,True,-0.22271811802767605,False,False,True,True,False,True,NORMAL,0.833,NORMAL,RISK_ON,0.15,0.9,0.91,Electronic Technology,60.9,60.9,60.9,60.9,60.9,80.9,REJECTED,NORMAL,0.833,0.17,0.2125,0.17,0.1275,0.17,59.1,True,False,🎯 UYGUN GİRİŞ BÖLGESİ,⭐,İşlem Açma,0.0,3.0,96.0,0.02554887949189778,0.03125,0.8583284322582763,8.254331631412981,4.441815910917485,-6.622981707125241,66.85520361990949,0.15,True,"Electronic Technology · MU, NVDA, SNDK",0.5947103978352171
2026-09-29,PPL,32.08,32.62,31.92,32.58,7090823.0,1.4637165391299334,231019013.33999997,206932355.85012436,1.0419865982865792,0.4971428734915594,-4.736842105263173,-10.371389270976628,0.9866842891272853,0.35096760821331563,0.03877938476076916,1.2585463528834238,0.9181499210224812,1.6482376913569043,0.8085714285714316,-0.044778722886687064,94.28571428571438,1.6864346571576094,90.46563192904657,54.32372505543237,27.93791574279379,72.06208425720621,39.811529933481154,82.79379157427938,77.51662971175166,65.14412416851441,16.4079822616408,73.26781754830537,28.787139689578712,True,-0.22271811802767605,False,False,True,True,False,True,NORMAL,0.833,NORMAL,RISK_ON,0.15,0.9,0.91,Utilities,60.7,60.7,60.7,60.7,60.7,80.9,REJECTED,NORMAL,0.833,0.17,0.2125,0.17,0.1275,0.17,64.4,False,False,🎯 UYGUN GİRİŞ BÖLGESİ,⭐,İşlem Açma,0.0,16.0,99.0,-0.17851639791542123,0.020202020202020204,0.019313729597758567,-0.5542398222371903,0.5807924614465221,0.6859943219518772,30.429864253393667,0.15,True,"WMT, COST, BRK-B",0.5640119272025059
2026-09-29,AVGO,357.0,361.86,354.0,355.1,19186715.0,1.5819414022703482,6813202496.5,8439470631.4956665,0.6939712185927877,9.917852085658483,-3.7121397001003253,-5.996029119788215,1.953737370020778,1.2410708356809923,-0.3677512730539932,0.9160019980306096,0.1266713300570814,-0.8438313867595946,-0.50483460559796,9.94490554700187e-05,13.99491094147609,1.8046595202980242,91.13082039911308,61.64079822616409,41.46341463414634,17.516629711751662,50.54323725055433,65.26607538802661,50.77605321507761,25.41019955654102,98.00443458980045,60.511464486608794,53.18181818181817,True,-0.22271811802767605,False,False,True,True,False,True,NORMAL,0.833,NORMAL,RISK_ON,0.15,0.9,0.91,Electronic Technology,60.6,60.6,60.6,60.6,60.6,80.9,REJECTED,NORMAL,0.833,0.17,0.2125,0.17,0.1275,0.17,59.5,True,False,🎯 UYGUN GİRİŞ BÖLGESİ,⭐,İşlem Açma,0.0,3.0,96.0,0.02554887949189778,0.03125,0.8583284322582763,8.254331631412981,-1.9353774776786958,-0.24578831852906102,77.51131221719456,0.15,True,"Electronic Technology · MU, NVDA, SNDK",0.6016493489708387
2026-09-29,SCHW,98.07,99.13,97.4,99.1,8085192.0,0.8138320685717071,801242527.1999999,775889717.8035889,0.973704813672731,2.4092857142857134,-10.039941902687,7.402189227267808,1.717907999327522,0.3541175070445579,0.15092260928870982,-0.6269674998359389,-0.24734161983602468,1.48952803224284,0.7988439306358392,-0.15357508077064494,98.26589595375715,1.0365501865993831,80.26607538802661,24.833702882483372,74.94456762749445,62.52771618625277,52.394678492239464,52.106430155210646,60.13303769401331,61.81818181818182,76.94013303769401,74.69355190136241,26.365853658536587,True,-0.22271811802767605,False,False,True,True,False,True,NORMAL,0.833,NORMAL,RISK_ON,0.15,0.9,0.91,Finance,60.6,60.6,60.6,60.6,60.6,80.9,REJECTED,NORMAL,0.833,0.17,0.2125,0.17,0.1275,0.17,61.4,True,True,NORMAL GİRİŞ,⭐,İşlem Açma,0.0,2.0,31.0,-0.11193454029395906,0.0,-0.6972418013568848,-2.61135578253694,0.9641212129340992,-0.9607682640638826,39.3947963800905,0.15,True,"Finance · JPM, BAC, GS",0.5782222658311926
2026-09-29,EVRG,77.53,78.88,77.24,78.73,2771533.0,1.0524917203789341,218202793.09,182033150.10679626,1.210374200535851,1.0857124764578683,-2.3806571605703652,-8.908943653823908,0.828523199725309,0.2901405343864871,1.1902214875591923,1.4440527293367735,0.002936506503327511,1.7782628384992527,0.7786585365853722,-0.1689704518888803,90.8536585365859,1.2752098384066102,85.14412416851441,67.84922394678492,31.48558758314856,86.0310421286031,47.849223946784925,87.1951219512195,60.0,87.00665188470066,10.643015521064301,71.51108647450116,31.43680709534368,True,-0.22271811802767605,False,False,True,True,False,True,NORMAL,0.833,NORMAL,RISK_ON,0.15,0.9,0.91,Utilities,60.4,60.4,60.4,60.4,60.4,80.9,REJECTED,NORMAL,0.833,0.17,0.2125,0.17,0.1275,0.17,63.7,False,False,🎯 UYGUN GİRİŞ BÖLGESİ,⭐,İşlem Açma,0.0,16.0,99.0,-0.17851639791542123,0.020202020202020204,0.019313729597758567,-0.5542398222371903,0.8119925485338686,0.45479423486453063,29.954751131221723,0.15,True,"WMT, COST, BRK-B",0.5620308238408895
2026-09-29,LNT,62.81,64.465,62.77,64.34,3890452.0,1.7876932951972346,250311681.68,151493161.00234985,1.6154718477563537,1.010356924874442,-5.424077612817868,-15.663914012321412,0.8690095665997554,0.22313713769310128,1.822263068911956,1.82938872325527,0.5303645753470996,2.014938838848604,0.8750737463126848,-0.23147970434409218,92.62536873156341,2.0104114132249107,93.12638580931264,51.21951219512195,15.077605321507761,94.90022172949001,31.34146341463415,94.66740576496674,51.840354767184046,95.16629711751662,4.656319290465632,71.23925527670401,34.72062084257206,True,-0.22271811802767605,False,False,True,True,False,True,NORMAL,0.833,NORMAL,RISK_ON,0.15,0.9,0.91,Utilities,60.4,60.4,60.4,60.4,60.4,80.9,REJECTED,NORMAL,0.833,0.17,0.2125,0.17,0.1275,0.17,63.9,False,False,🎯 UYGUN GİRİŞ BÖLGESİ,⭐,İşlem Açma,0.0,16.0,99.0,-0.17851639791542123,0.020202020202020204,0.019313729597758567,-0.5542398222371903,1.0598978243512414,0.20688895904715787,29.25339366515837,0.15,True,"WMT, COST, BRK-B",0.5496021611084326
2026-09-29,CMS,62.285,63.5,62.285,63.45,6496386.0,1.3578299466417754,412195691.70000005,214585180.03738403,1.9006395552954944,1.0246440233503071,-6.978448907784774,-17.05882352941176,0.7725445500914924,0.33545840396593196,2.3903285912257446,0.8775883185902332,-0.015325039351167986,2.2062898111987477,0.9362139917695512,-0.267833084387241,95.88477366255168,1.5805480646694514,88.91352549889136,42.350332594235034,11.751662971175167,98.00443458980045,25.52106430155211,87.00665188470067,48.29268292682927,97.82705099778272,17.738359201773836,68.54413146825074,32.392461197339244,True,-0.22271811802767605,False,False,True,True,False,True,NORMAL,0.833,NORMAL,RISK_ON,0.15,0.9,0.91,Utilities,60.3,60.3,60.3,60.3,60.3,80.9,REJECTED,NORMAL,0.833,0.17,0.2125,0.17,0.1275,0.17,63.7,False,False,🎯 UYGUN GİRİŞ BÖLGESİ,⭐,İşlem Açma,0.0,16.0,99.0,-0.17851639791542123,0.020202020202020204,0.019313729597758567,-0.5542398222371903,0.21734216172760723,1.049444621670792,31.42533936651584,0.15,True,"WMT, COST, BRK-B",0.5708673973463214
2026-09-29,WEC,100.95,102.94,100.835,102.58,3407944.0,1.1138522284375396,349586895.52,280547419.04525757,1.2610688548248332,1.4996439034598217,-3.426849934099041,-12.152093859724244,0.8748669990449532,0.3517890617338165,1.367559358451443,1.3617015107589392,-0.09408527118675865,1.5875446987907191,0.7103325415676951,-0.2276099467989278,82.89786223277915,1.3365703464652157,85.80931263858092,62.3059866962306,23.059866962305986,87.36141906873614,40.72062084257206,86.64079822616408,49.80044345898004,88.78048780487805,31.263858093126384,68.15120529201404,29.807095343680707,True,-0.22271811802767605,False,False,True,True,False,True,NORMAL,0.833,NORMAL,RISK_ON,0.15,0.9,0.91,Utilities,60.3,60.3,60.3,60.3,60.3,80.9,REJECTED,NORMAL,0.833,0.17,0.2125,0.17,0.1275,0.17,64.9,False,False,🎯 UYGUN GİRİŞ BÖLGESİ,⭐,İşlem Açma,0.0,16.0,99.0,-0.17851639791542123,0.020202020202020204,0.019313729597758567,-0.5542398222371903,1.2500829509772826,0.016703832421116616,28.891402714932127,0.15,True,"WMT, COST, BRK-B",0.5639836957812909
2026-09-29,TER,410.85,415.61,399.84,403.02,2568703.0,0.42861008207122353,1035238683.06,872137203.7895508,1.0334504095656512,19.428570033482146,13.536355184945204,-16.703869047619047,4.290928842491692,2.313595561491844,-0.20043737241791448,-0.09576572215817804,-1.4556303203063186,-1.1151938546286837,-0.5516169942929621,0.21377800790730261,20.164870006341147,0.6513282000988996,74.27937915742794,96.23059866962306,12.86031042128603,70.95343680709534,50.37694013303769,40.3880266075388,61.108647450110865,60.04434589800444,80.26607538802661,55.615156623693984,66.3259423503326,True,-0.22271811802767605,False,False,True,True,False,True,NORMAL,0.833,NORMAL,RISK_ON,0.15,0.9,0.91,Electronic Technology,60.2,59.9,59.9,59.9,59.9,80.9,REJECTED,NORMAL,0.833,0.17,0.2125,0.17,0.1275,0.17,58.5,True,False,NORMAL GİRİŞ,⭐,İşlem Açma,0.0,3.0,96.0,0.02554887949189778,0.03125,0.8583284322582763,8.254331631412981,1.7402459539265946,-3.9214117501343515,69.43438914027148,0.15,True,"Electronic Technology · MU, NVDA, SNDK",0.6386669739382329
2026-09-29,AEE,98.77,100.62,98.75,100.25,2868641.0,0.8652788164129177,287581260.25,177275384.0,1.6879372990211798,1.5135724966866633,-5.5314738032416155,-11.314578910120321,0.7343819967228888,0.3946378074033685,2.2632643415749345,1.018968234410053,-0.4697564200549298,1.4984053660844887,0.6885026737967894,-0.17167298207230053,80.21390374331531,1.0879969344405938,81.59645232815964,49.889135254988915,26.164079822616408,95.34368070953437,36.84035476718404,81.8070953436807,56.674057649667404,96.14190687361419,9.534368070953436,67.55021520803442,34.69623059866962,True,-0.22271811802767605,False,False,True,True,False,True,NORMAL,0.833,NORMAL,RISK_ON,0.15,0.9,0.91,Utilities,59.8,59.8,59.8,59.8,59.8,80.9,REJECTED,NORMAL,0.833,0.17,0.2125,0.17,0.1275,0.17,62.7,False,False,NORMAL GİRİŞ,⭐,İşlem Açma,0.0,16.0,99.0,-0.17851639791542123,0.020202020202020204,0.019313729597758567,-0.5542398222371903,0.10622469194830897,1.1605620914500903,31.71945701357466,0.15,True,"WMT, COST, BRK-B",0.5759650374742958
2026-09-29,DTE,120.24,122.91,119.68,122.39,3042111.0,1.2910685635232566,372323965.29,225317415.47698975,1.7210355254709055,2.385715244838169,-9.914617989106445,-19.675789197348557,0.9273239530312335,0.42097820165587885,2.7171343946862834,1.127389412452548,-0.3869150306394028,1.542185728900987,0.6724458204334391,-0.2418185704665815,83.90092879256973,1.5137866815509327,87.8048780487805,25.49889135254989,8.2039911308204,95.56541019955654,15.986696230598671,84.16851441241684,47.804878048780495,96.71840354767184,20.17738359201774,65.06858511872483,35.694013303769395,True,-0.22271811802767605,False,False,True,True,False,True,NORMAL,0.833,NORMAL,RISK_ON,0.15,0.9,0.91,Utilities,59.8,59.8,59.8,59.8,59.8,80.9,REJECTED,NORMAL,0.833,0.17,0.2125,0.17,0.1275,0.17,63.0,False,False,🎯 UYGUN GİRİŞ BÖLGESİ,⭐,İşlem Açma,0.0,16.0,99.0,-0.17851639791542123,0.020202020202020204,0.019313729597758567,-0.5542398222371903,-0.9148998376523276,2.181686621050727,34.72850678733032,0.15,True,"WMT, COST, BRK-B",0.5809664005298797
2026-09-29,ETN,436.62,437.05,430.5601,433.27,1957589.0,0.43114353448034937,848164586.03,787120423.2260742,0.9308045446872852,14.65142613699777,7.569889269576446,1.6779310992208751,2.738155385909381,1.5114988308425725,-0.07489669311202789,-1.7283917012933019,-1.0712878395166376,-0.44387290452758477,-0.32297184856469485,0.06378086708155918,41.75565108861447,0.6538616525080254,74.50110864745011,90.46563192904657,63.63636363636363,57.20620842572062,75.70953436807096,26.352549889135254,62.70509977827051,54.27937915742794,77.8270509977827,66.80860280287474,61.427937915742795,True,-0.22271811802767605,False,False,True,True,False,True,NORMAL,0.833,NORMAL,RISK_ON,0.15,0.9,0.91,Producer Manufacturing,59.8,59.8,59.8,59.8,59.8,80.9,REJECTED,NORMAL,0.833,0.17,0.2125,0.17,0.1275,0.17,53.1,True,False,NORMAL GİRİŞ,⭐,İşlem Açma,0.0,3.0,96.0,0.02554887949189778,0.03125,0.8583284322582763,8.254331631412981,-1.4294710098555263,-0.7516947863522305,76.289592760181,0.15,True,"Electronic Technology · MU, NVDA, SNDK",0.6337488598212397
2026-09-29,PWR,650.03,659.85,644.52,651.79,755298.0,1.1530844275476904,492295683.41999996,498978802.70825195,0.8830228384705765,21.15500924246652,8.145014103202254,-9.47864007555136,2.0211257635170075,1.0526502739198158,-0.7743659833851088,-0.4343519142025294,-0.32837191614752376,0.2628946299901179,0.023320287018914053,0.15006822980446374,47.42335290280471,1.3758025455753664,86.25277161862527,91.57427937915743,30.155210643015522,47.006651884700666,57.79379157427938,43.64745011086474,77.16186252771618,36.186252771618626,64.07982261640798,66.2755947137838,54.94456762749446,True,-0.22271811802767605,False,False,True,True,False,True,NORMAL,0.833,NORMAL,RISK_ON,0.15,0.9,0.91,Industrial Services,59.7,59.7,59.7,59.7,59.7,80.9,REJECTED,NORMAL,0.833,0.17,0.2125,0.17,0.1275,0.17,56.3,True,False,🎯 UYGUN GİRİŞ BÖLGESİ,⭐,İşlem Açma,0.0,3.0,96.0,0.02554887949189778,0.03125,0.8583284322582763,8.254331631412981,2.0795814937303145,-4.260747289938072,68.89140271493211,0.15,True,"Electronic Technology · MU, NVDA, SNDK",0.589163369905246
2026-09-29,IR,76.82,77.14,75.32,76.48,4968577.0,0.13092792639182171,379996768.96000004,316904936.42807007,1.0687766531256688,1.9751439993722104,-2.672435734283529,-6.720331747774111,1.5751491884869673,0.9054673956635579,0.6408426341225382,-0.007136389859841461,-1.2705174156426629,0.32115876413658756,0.06703296703297372,-0.016293613454436234,63.73626373626408,0.35364604441949776,64.7450110864745,65.85365853658537,38.80266075388026,74.27937915742794,50.97560975609756,50.74279379157428,64.56762749445676,76.67405764966742,39.91130820399113,60.311542116420206,55.40133037694013,True,-0.22271811802767605,False,False,True,True,False,True,NORMAL,0.833,NORMAL,RISK_ON,0.15,0.9,0.91,Producer Manufacturing,59.0,59.0,59.0,59.0,59.0,80.9,REJECTED,NORMAL,0.833,0.17,0.2125,0.17,0.1275,0.17,57.9,True,False,NORMAL GİRİŞ,⭐,İşlem Açma,0.0,5.0,47.0,-0.09611548836367505,0.06382978723404255,0.3392823562719416,1.8889759365361414,4.734510802923864,-9.230181411465775,55.18099547511312,0.15,True,"HD, DE, F",0.6235360662713346
2026-09-29,MCHP,79.285,80.37,78.47,78.78,7690893.0,1.0388595185526261,605888550.54,605905151.9644885,0.9125921311417053,2.750000893729074,8.021390374331538,-13.618421052631579,2.3301688056384093,1.427208510824769,-0.564706255266514,0.04650056320993413,-0.8020278327334852,-0.8016291759303384,-0.49013157894736625,0.2725199995016559,16.31578947368428,1.2615776365803022,84.92239467849224,91.35254988913526,18.625277161862527,53.215077605321504,51.352549889135254,47.52771618625277,65.85365853658537,43.7250554323725,70.06651884700665,59.68257673007353,61.08647450110864,True,-0.22271811802767605,False,False,True,True,False,True,NORMAL,0.833,NORMAL,RISK_ON,0.15,0.9,0.91,Electronic Technology,58.6,58.6,58.6,58.6,58.6,80.9,REJECTED,NORMAL,0.833,0.17,0.2125,0.17,0.1275,0.17,56.8,True,False,🎯 UYGUN GİRİŞ BÖLGESİ,⭐,İşlem Açma,0.0,3.0,96.0,0.02554887949189778,0.03125,0.8583284322582763,8.254331631412981,4.558173272920568,-6.7393390691283255,66.7420814479638,0.15,True,"Electronic Technology · MU, NVDA, SNDK",0.595389142285266
2026-09-29,FE,42.85,43.68,42.76,43.64,4135506.0,1.4411890647119785,180473481.84,179465049.3478107,0.9896763185195201,0.6864287458147322,-4.882301656495214,-8.20361800588978,0.9334925522161,0.33530958160092716,0.1025722640742864,1.1757895175249453,1.1299446572656953,1.9116169376406316,0.8885869565217392,-0.12139315382676336,95.65217391304358,1.6639071827396545,90.2439024390244,53.215077605321504,33.92461197339246,64.96674057649668,42.605321507760536,82.88248337028826,67.93791574279379,62.66075388026607,9.977827050997783,72.81466306757932,31.434589800443458,True,-0.22271811802767605,False,False,True,True,False,True,NORMAL,0.833,NORMAL,RISK_ON,0.15,0.9,0.91,Utilities,58.1,58.1,58.1,58.1,58.1,80.9,REJECTED,NORMAL,0.833,0.17,0.2125,0.17,0.1275,0.17,59.8,False,False,🎯 UYGUN GİRİŞ BÖLGESİ,⭐,İşlem Açma,0.0,16.0,99.0,-0.17851639791542123,0.020202020202020204,0.019313729597758567,-0.5542398222371903,-0.943637844002887,2.210424627401286,34.81900452488688,0.15,True,"WMT, COST, BRK-B",0.5622215995012207
2026-09-29,WST,375.51,377.78,370.801,376.63,560122.0,0.2608827683850956,210958748.85999998,203595749.43,0.9134931054447009,9.549213675362722,11.603994429134424,4.910863509749297,1.3055016385083216,0.5525837516403931,-0.1322611847354758,-0.5027115213576168,-1.01974416511698,0.8197521817087571,0.4409585900558856,0.049429207576282726,83.52199455509415,0.48360088641277166,69.84478935698448,94.90022172949001,70.50997782705099,53.65853658536586,81.48558758314856,37.46119733924612,77.60532150776054,50.6430155210643,15.299334811529933,71.63379590783757,42.19512195121951,True,-0.22271811802767605,False,False,True,True,False,True,NORMAL,0.833,NORMAL,RISK_ON,0.15,0.9,0.91,Health Technology,58.0,58.0,58.0,58.0,58.0,80.9,REJECTED,NORMAL,0.833,0.17,0.2125,0.17,0.1275,0.17,47.7,False,False,NORMAL GİRİŞ,⭐,İşlem Açma,0.0,6.0,25.0,0.03811842104059654,0.12,3.005418467305465,7.571076560583823,0.0,-0.25458820139379057,82.97511312217195,0.15,True,"Health Technology · LLY, JNJ, TMO",0.5536941054957354
2026-09-29,ADP,259.7,262.21,258.3,261.8,2200233.0,4.662731800664233e-06,576020999.4,550666837.969043,0.9890665773604159,5.0657149832589266,-8.932795324892172,16.90109399419515,1.3355444874093703,0.6638232402758248,0.06460827532142806,-0.39907659448497906,-1.2057381528673163,1.1137367978161261,0.6763427109974551,-0.008097530695909062,89.51406649616442,0.2227227807594767,59.86696230598669,29.711751662971174,86.91796008869179,64.7450110864745,61.175166297117514,39.866962305986696,76.00886917960088,61.463414634146346,68.07095343680709,69.12213835693352,35.23059866962306,True,-0.22271811802767605,False,False,True,True,False,True,NORMAL,0.833,NORMAL,RISK_ON,0.15,0.9,0.91,Technology Services,57.8,57.8,57.8,57.8,57.8,80.9,REJECTED,NORMAL,0.833,0.17,0.2125,0.17,0.1275,0.17,60.7,True,False,NORMAL GİRİŞ,⭐,İşlem Açma,0.0,11.0,54.0,-0.1644316755552538,0.0,-1.5237123163531487,-6.819868411692198,0.12864473309986435,-0.5089089411949077,26.58371040723982,0.15,True,"Technology Services · CRM, NFLX, NOW",0.604219281236459
2026-09-29,CIEN,350.155,356.21,344.8,354.92,2227429.0,3.1174634598575945,790559100.6800001,869452889.9536133,0.781722722622601,21.33214303152902,-6.214987844836695,-27.650032615786035,4.392722641535131,1.9069261700372901,0.19243444837890883,-1.0082560353369896,-0.18115268225385786,1.4249297438234554,0.613562664329541,-0.20902682113012974,88.69412795793193,3.3401815778852706,95.56541019955654,47.22838137472284,3.1042128603104215,28.824833702882486,22.96008869179601,43.75831485587584,50.82039911308204,42.305986696230605,80.04434589800444,62.60001146541626,67.5188470066519,True,-0.22271811802767605,False,False,True,True,False,True,NORMAL,0.833,NORMAL,RISK_ON,0.15,0.9,0.91,Electronic Technology,58.3,57.8,57.8,57.8,57.8,80.9,REJECTED,NORMAL,0.833,0.17,0.2125,0.17,0.1275,0.17,52.8,True,False,🎯 UYGUN GİRİŞ BÖLGESİ,⭐,İşlem Açma,0.0,3.0,96.0,0.02554887949189778,0.03125,0.8583284322582763,8.254331631412981,-3.0466995753779145,0.8655337791701578,80.04524886877827,0.15,True,"Electronic Technology · MU, NVDA, SNDK",0.6099985259159392
2026-09-29,DAL,85.01,85.32,83.56,84.87,5619903.0,0.9996444518693526,476961167.61,484406251.55029297,0.7882538333361385,2.4678572082519525,5.994754589733997,-9.385009609224849,1.7379830940047785,1.3693531949502413,-0.09698196700679748,-0.8974239954231704,-0.656530254331948,0.6601793611550727,0.23295454545455077,0.16247274064317008,74.4318181818187,1.2223625698970286,84.03547671840354,87.8048780487805,30.598669623059866,29.933481152993345,56.34146341463415,35.75388026607539,82.5720620842572,37.38359201773836,62.74944567627494,66.73364745011091,54.93791574279379,True,-0.22271811802767605,False,False,True,True,False,True,NORMAL,0.833,NORMAL,RISK_ON,0.15,0.9,0.91,Transportation,57.8,57.8,57.8,57.8,57.8,80.9,REJECTED,NORMAL,0.833,0.17,0.2125,0.17,0.1275,0.17,55.5,True,False,NORMAL GİRİŞ,⭐,İşlem Açma,0.0,5.0,47.0,-0.09611548836367505,0.06382978723404255,0.3392823562719416,1.8889759365361414,2.305268524630133,-6.8009391331720455,56.76470588235294,0.15,True,"HD, DE, F",0.6610595106592468
2026-09-29,PEP,126.51,128.94,126.42,128.69,8416633.0,0.14785992217898336,1083136500.77,1073574826.4531152,0.9301801756997654,2.184287719726562,-8.775785071241227,-4.955686853766627,0.931669619127588,0.5939427612711541,0.27081987585145945,0.7430691008627569,-1.0877130312371979,1.6116412910828075,0.8301587301587294,-0.18253655092661475,90.07936507936506,0.3705780402066594,65.18847006651885,30.598669623059866,45.23281596452328,56.76274944567628,38.64745011086475,56.895787139689574,56.09756097560976,60.57649667405765,83.14855875831486,60.27844648576355,28.192904656319286,True,-0.22271811802767605,False,False,True,True,False,True,NORMAL,0.833,NORMAL,RISK_ON,0.15,0.9,0.91,Consumer Non-Durables,57.8,57.8,57.8,57.8,57.8,80.9,REJECTED,NORMAL,0.833,0.17,0.2125,0.17,0.1275,0.17,62.6,True,False,NORMAL GİRİŞ,⭐,İşlem Açma,0.0,16.0,99.0,-0.17851639791542123,0.020202020202020204,0.019313729597758567,-0.5542398222371903,-0.4124304373497978,1.679217220748197,33.41628959276018,0.15,True,"WMT, COST, BRK-B",0.5860734233827454
2026-09-29,HLT,324.51,325.925,318.31,323.44,1430622.0,0.9866370777903866,462720379.68,514001673.3670044,0.8239889645003643,5.9982241385323665,0.4940189529283767,-2.124311565696302,1.0959178834644145,0.5269088939529937,-0.7373374485324353,0.9023279134205447,0.14721875972365622,0.40575205392690566,0.12780695994747104,-0.048345656852402524,67.36703873933013,1.2093551958180626,83.37028824833703,76.94013303769401,52.993348115299334,35.254988913525494,63.769401330376944,64.81152993348115,62.3059866962306,30.022172949002215,64.7450110864745,68.33537349699287,28.968957871396896,True,-0.22271811802767605,False,False,True,True,False,True,NORMAL,0.833,NORMAL,RISK_ON,0.15,0.9,0.91,Consumer Services,57.4,57.4,57.4,57.4,57.4,80.9,REJECTED,NORMAL,0.833,0.17,0.2125,0.17,0.1275,0.17,57.1,True,False,NORMAL GİRİŞ,⭐,İşlem Açma,0.0,5.0,47.0,-0.09611548836367505,0.06382978723404255,0.3392823562719416,1.8889759365361414,6.036417449360965,-10.532088057902877,54.72850678733032,0.15,True,"HD, DE, F",0.6084001577476967
2026-09-29,PEG,66.45,67.82,66.15,67.68,3752807.0,1.4236424326025565,253989977.76000002,231210276.69721985,1.056154392778493,1.1378567504882804,-7.52835086760485,-16.609167077378007,1.0866972846481524,0.3807841452421612,0.8578795980121151,1.3043111516258792,0.45735837999513207,1.9326949550225418,0.7892215568862395,-0.2565804521149561,91.61676646706663,1.6463605506302326,89.80044345898004,38.35920177383592,13.082039911308204,73.17073170731707,24.456762749445677,87.53880266075387,48.69179600886918,77.42793791574279,21.06430155210643,66.1661112365071,35.41685144124169,True,-0.22271811802767605,False,False,True,True,False,True,NORMAL,0.833,NORMAL,RISK_ON,0.15,0.9,0.91,Utilities,57.4,57.4,57.4,57.4,57.4,80.9,REJECTED,NORMAL,0.833,0.17,0.2125,0.17,0.1275,0.17,60.6,False,False,🎯 UYGUN GİRİŞ BÖLGESİ,⭐,İşlem Açma,0.0,16.0,99.0,-0.17851639791542123,0.020202020202020204,0.019313729597758567,-0.5542398222371903,-0.5901327847355975,1.8569195681339967,33.98190045248869,0.15,True,"WMT, COST, BRK-B",0.5607008687051296
2026-09-29,WDC,463.15,465.9,447.03,453.48,6118478.0,0.0551572066306516,2774607403.44,2901155389.2810354,0.9277154177046675,24.542860107421877,-1.2993796931113244,-29.001753507014026,3.007124925610474,1.9490406264703668,-0.39915747523869616,-0.22925255025187766,-1.3990501119267715,-0.7890719218975508,-0.40461049284578343,0.034286702243609406,34.181240063593236,0.27787532465832765,61.64079822616409,72.06208425720621,2.6607538802660753,56.31929046563193,33.891352549889135,34.46784922394678,54.98891352549889,47.98226164079823,95.34368070953437,46.07555194427507,61.20842572062084,True,-0.22271811802767605,False,False,True,True,False,True,NORMAL,0.833,NORMAL,RISK_ON,0.15,0.9,0.91,Electronic Technology,57.2,57.2,57.2,57.2,57.2,80.9,REJECTED,NORMAL,0.833,0.17,0.2125,0.17,0.1275,0.17,55.5,False,False,NORMAL GİRİŞ,⭐,İşlem Açma,0.0,3.0,96.0,0.02554887949189778,0.03125,0.8583284322582763,8.254331631412981,-1.7392682824531158,-0.44189751375464104,77.01357466063348,0.15,True,"Electronic Technology · MU, NVDA, SNDK",0.6321666343749439
2026-09-29,EXR,131.05,133.9433,130.7,133.49,1496943.0,1.3745499885281065,199826921.07000002,188640853.32489014,0.9745468867998229,2.628091985212054,-6.591561122384704,-8.128011011699932,1.241438697745845,0.5028479802742314,0.720514551847821,0.6376470283837148,0.09356858082851002,1.8237573852521258,0.7348025159559755,-0.15580700725799657,86.0234945888452,1.5972681065557826,89.13525498891353,43.90243902439025,34.58980044345898,62.74944567627494,38.78048780487805,78.61419068736141,62.97117516629712,70.19955654101994,11.529933481152993,70.35179513515946,41.99556541019956,True,-0.22271811802767605,False,False,True,True,False,True,NORMAL,0.833,NORMAL,RISK_ON,0.15,0.9,0.91,Finance,56.8,56.8,56.8,56.8,56.8,80.9,REJECTED,NORMAL,0.833,0.17,0.2125,0.17,0.1275,0.17,58.8,False,False,🎯 UYGUN GİRİŞ BÖLGESİ,⭐,İşlem Açma,0.0,16.0,99.0,-0.17851639791542123,0.020202020202020204,0.019313729597758567,-0.5542398222371903,0.3820069936276371,0.8847797897707621,30.95022624434389,0.15,True,"WMT, COST, BRK-B",0.5713425830328253
2026-09-29,MCK,849.29,866.44,847.285,864.82,476909.0,0.9961604353127207,412440441.38,751978375.7524414,0.5216167736713734,20.53892961774554,-3.1979314744960186,14.454737956590801,1.4697354606974493,0.63520222331645,-1.8732082008696351,0.038916055610118724,0.27437853967970216,1.3938111869232237,0.8218089271730624,-0.05851386876244257,91.54267815191858,1.2188785533403967,83.81374722838137,63.41463414634146,84.70066518847007,1.7738359201773837,75.1219512195122,48.42572062084257,71.84035476718404,1.6851441241685143,75.16629711751663,74.44916803692136,35.354767184035474,True,-0.22271811802767605,False,False,True,True,False,True,NORMAL,0.833,NORMAL,RISK_ON,0.15,0.9,0.91,Distribution Services,56.6,56.6,56.6,56.6,56.6,80.9,REJECTED,NORMAL,0.833,0.17,0.2125,0.17,0.1275,0.17,51.5,True,True,NORMAL GİRİŞ,⭐,İşlem Açma,0.0,9.0,19.0,-0.07995966169200827,0.10526315789473684,0.6362234813596768,0.03793591459123569,-2.0870235407677185,0.6480951399975066,70.79185520361992,0.15,True,"Health Technology · BSX, MDT, ISRG",0.5925922222039739
2026-09-29,LIN,472.9,477.52,471.4,473.37,1908133.0,0.28175396809644315,903252918.21,901240923.646626,0.9541595305542291,6.964283883231027,-3.2971747257461548,-8.78136200716847,0.8456298268343938,0.26180144734202826,-0.10303470507436947,0.05123360488317697,-0.8937217883204805,-0.20486454462144343,-0.1613562091503202,0.03963811093502752,32.18954248366055,0.5044720861241192,70.50997782705099,63.19290465631929,31.9290465631929,60.310421286031044,45.99778270509978,50.465631929046566,64.25720620842573,55.43237250554324,81.1529933481153,56.79434227497359,12.968957871396894,True,-0.22271811802767605,False,False,True,True,False,True,NORMAL,0.833,NORMAL,RISK_ON,0.15,0.9,0.91,Process Industries,56.5,56.5,56.5,56.5,56.5,80.9,REJECTED,NORMAL,0.833,0.17,0.2125,0.17,0.1275,0.17,61.7,True,False,NORMAL GİRİŞ,⭐,İşlem Açma,0.0,15.0,27.0,-0.13266678729271986,0.0,-0.8276815529380088,-3.09583284340259,4.159905960027633,-0.15629928544662608,32.48303167420814,0.15,True,"Energy Minerals · XOM, CVX, VLO",0.5364603236215634
2026-09-29,ES,62.79,64.055,62.75,63.9,2965492.0,0.979774387900223,189494938.79999998,159514190.8121109,1.211683347531988,1.2582138388497495,-9.796725014116326,-11.581569115815693,1.1909653589016957,0.47306665239186974,1.1491732615585837,0.2704035602328664,-0.2255635334348669,1.8068465486806722,0.8021072796934781,-0.21989700580077146,88.1226053639841,1.202492505927899,82.92682926829268,25.942350332594234,24.833702882483372,86.25277161862527,25.332594235033262,75.08869179600886,52.86031042128604,86.69623059866962,6.208425720620843,66.29895676699708,43.29711751662972,True,-0.22271811802767605,False,False,True,True,False,True,NORMAL,0.833,NORMAL,RISK_ON,0.15,0.9,0.91,Utilities,56.4,56.4,56.4,56.4,56.4,80.9,REJECTED,NORMAL,0.833,0.17,0.2125,0.17,0.1275,0.17,57.0,False,False,NORMAL GİRİŞ,⭐,İşlem Açma,0.0,16.0,99.0,-0.17851639791542123,0.020202020202020204,0.019313729597758567,-0.5542398222371903,-2.242856657307679,3.5096434407060784,37.26244343891403,0.15,True,"WMT, COST, BRK-B",0.5724076427856193
2026-09-29,ADI,401.62,405.38,395.74,398.22,2476777.0,0.7055629001076591,986302136.94,1151180278.2287598,0.7350980837351212,11.672144949776785,10.072419702581703,0.2643704207266451,2.0635646057857335,1.0818681498538223,-1.1968496444846999,-0.139115019351669,-0.43108301102375035,-0.7458549582215067,-0.4257261410788349,0.3195514171606094,25.7261410788384,0.9282810181353351,79.37915742793791,93.12638580931264,59.42350332594235,23.059866962305986,74.58980044345898,42.29490022172949,67.76053215077604,16.94013303769401,84.70066518847007,63.74778040500136,52.64523281596453,True,-0.22271811802767605,False,False,True,True,False,True,NORMAL,0.833,NORMAL,RISK_ON,0.15,0.9,0.91,Electronic Technology,56.3,56.3,56.3,56.3,56.3,80.9,REJECTED,NORMAL,0.833,0.17,0.2125,0.17,0.1275,0.17,53.3,True,False,NORMAL GİRİŞ,⭐,İşlem Açma,0.0,3.0,96.0,0.02554887949189778,0.03125,0.8583284322582763,8.254331631412981,2.6651037365913064,-4.846269532799063,68.16742081447964,0.15,True,"Electronic Technology · MU, NVDA, SNDK",0.5857133145090153
2026-09-29,COO,56.23,56.74,55.84,56.63,5404267.0,0.10606382446431972,306043640.21000004,257082660.15701294,1.0510631180452437,2.4771427699497766,-20.429956442321206,-21.02914516803792,3.8728378261061405,1.5192837164158295,1.3817759854217924,-1.972457165491817,-1.2340401319872978,1.2362925377506446,0.6155555555555592,0.011254441351842956,87.77777777777783,0.32878194249199577,64.30155210643017,3.7694013303769403,7.095343680709535,72.9490022172949,5.598669623059868,32.926829268292686,78.66962305986696,80.22172949002217,27.27272727272727,54.499507267799956,73.31263858093126,True,-0.22271811802767605,False,False,True,True,False,True,NORMAL,0.833,NORMAL,RISK_ON,0.15,0.9,0.91,Health Technology,57.6,56.1,56.1,56.1,56.1,80.9,REJECTED,NORMAL,0.833,0.17,0.2125,0.17,0.1275,0.17,55.0,False,False,NORMAL GİRİŞ,⭐,İşlem Açma,0.0,9.0,19.0,-0.07995966169200827,0.10526315789473684,0.6362234813596768,0.03793591459123569,3.299877726732392,-4.738806127502604,59.638009049773764,0.15,True,"Health Technology · BSX, MDT, ISRG",0.6199074457929835
2026-09-29,DPZ,291.4,302.08,289.22,301.81,885640.0,3.2641089899523967,267295008.4,224926125.2746582,1.064503140118393,8.942139718191962,-13.76857142857143,1.9490609377111223,2.0567215006126047,0.5260659153978808,0.25693161214579613,1.1275241073385647,1.1135913737287106,1.7153055949359772,0.8911741835147781,-0.28364508779262015,97.90046656298614,3.486827107980073,96.23059866962306,11.30820399113082,64.30155210643017,73.61419068736141,40.45454545454546,85.1219512195122,45.7649667405765,70.33259423503326,19.955654101995567,78.72241916184184,54.12860310421286,True,-0.22271811802767605,False,False,True,True,False,True,NORMAL,0.833,NORMAL,RISK_ON,0.15,0.9,0.91,Consumer Services,55.8,55.8,55.8,55.8,55.8,80.9,REJECTED,NORMAL,0.833,0.17,0.2125,0.17,0.1275,0.17,57.3,False,False,🎯 UYGUN GİRİŞ BÖLGESİ,⭐,İşlem Açma,0.0,16.0,99.0,-0.17851639791542123,0.020202020202020204,0.019313729597758567,-0.5542398222371903,3.071692915454971,-1.8049061320565718,24.93212669683258,0.15,True,"WMT, COST, BRK-B",0.5380819662541665
2026-09-29,WAT,441.46,444.41,437.88,443.26,625636.0,0.07224399621392763,277319413.36,291605696.2509155,0.9145922872262667,11.202854788643975,6.889483710723665,18.19005972696244,1.4187921022596497,0.7212540226365954,-0.4616925216385403,-1.533234579915723,-1.3340043753903332,0.7140562313207828,0.48032159264930624,0.07198450374227967,82.3889739663089,0.2949621142416037,63.19290465631929,89.3569844789357,88.24833702882484,54.1019955654102,88.74722838137473,18.70288248337029,77.96008869179602,45.49889135254989,34.368070953436806,71.99388631015638,46.86917960088691,True,-0.22271811802767605,False,False,True,True,False,True,NORMAL,0.833,NORMAL,RISK_ON,0.15,0.9,0.91,Health Technology,55.7,55.7,55.7,55.7,55.7,80.9,REJECTED,NORMAL,0.833,0.17,0.2125,0.17,0.1275,0.17,45.0,False,False,NORMAL GİRİŞ,⭐,İşlem Açma,0.0,6.0,25.0,0.03811842104059654,0.12,3.005418467305465,7.571076560583823,2.6222897631708486,-2.876877964564639,77.30769230769229,0.15,True,"Health Technology · LLY, JNJ, TMO",0.5625771390126464
2026-09-29,ECHO,89.62,90.84,88.7,89.89,3004844.0,0.7509513227191178,270105427.16,250384262.60261536,0.9661567152181602,2.7750010245186942,3.512206356517722,-11.438423645320196,1.8354215267782283,0.795221524083975,-0.4301286982652771,-0.4261002660063317,-0.738236180689442,0.45716562105146735,0.11845794392523147,-0.05443534541893529,55.6074766355139,0.9736694407467938,79.6008869179601,84.03547671840354,25.49889135254989,61.64079822616409,51.84035476718403,43.00443458980044,61.81818181818181,50.6430155210643,26.164079822616408,62.73591396066892,59.964523281596456,True,-0.22271811802767605,False,False,True,True,False,True,NORMAL,0.833,NORMAL,RISK_ON,0.15,0.9,0.91,Communications,55.5,55.5,55.5,55.5,55.5,80.9,REJECTED,NORMAL,0.833,0.17,0.2125,0.17,0.1275,0.17,46.8,False,False,NORMAL GİRİŞ,⭐,İşlem Açma,0.0,3.0,96.0,0.02554887949189778,0.03125,0.8583284322582763,8.254331631412981,-5.180714032209838,2.9995482360020813,83.09954751131221,0.15,True,"Electronic Technology · MU, NVDA, SNDK",0.5790174169250728
2026-09-29,ODFL,176.28,178.93,175.64,177.46,2329080.0,0.3449216146067524,413318536.8,310960510.27145386,1.204153644520617,4.554286891392301,-10.658007350349896,-18.07017543859648,1.949280141551863,0.6031779642918738,1.180279799423673,-0.676642567781487,-1.1062750724708983,0.6490623343469184,0.21990881458966902,-0.125212703008216,55.31914893617053,0.5676397326344285,71.61862527716187,21.951219512195124,10.199556541019955,85.58758314855875,15.487804878048781,45.97560975609756,54.1019955654102,86.56319290465632,38.80266075388026,54.807968108694666,51.81818181818182,True,-0.22271811802767605,False,False,True,True,False,True,NORMAL,0.833,NORMAL,RISK_ON,0.15,0.9,0.91,Transportation,55.4,55.4,55.4,55.4,55.4,80.9,REJECTED,NORMAL,0.833,0.17,0.2125,0.17,0.1275,0.17,55.1,False,False,NORMAL GİRİŞ,⭐,İşlem Açma,0.0,4.0,10.0,-0.11283149649648719,0.1,1.3059074668034854,-3.863498233483014,0.29120967775772555,-0.1793490424287114,47.33031674208145,0.15,True,"Transportation · UNP, FDX, CSX",0.5670234091235239
2026-09-29,SRE,76.675,78.26,76.21,78.18,3287492.0,1.6777222273268055,257016124.56000003,278648426.2785797,0.8041052885185715,1.47857153756278,-7.270786383584382,-15.672527235465417,1.3698742605957877,0.4940240701069104,-0.11197442806105187,1.0533265833977736,1.002267147785743,1.78916580862262,0.8374390243902454,-0.07817857027469377,96.09756097560987,1.9004403453544816,92.01773835920177,40.57649667405765,14.855875831485587,32.15077605321508,26.43015521064302,74.2461197339246,73.12638580931264,38.18181818181819,30.820399113082043,66.4168514412417,35.96230598669623,True,-0.22271811802767605,False,False,True,True,False,True,NORMAL,0.833,NORMAL,RISK_ON,0.15,0.9,0.91,Utilities,55.4,55.4,55.4,55.4,55.4,80.9,REJECTED,NORMAL,0.833,0.17,0.2125,0.17,0.1275,0.17,58.0,False,False,🎯 UYGUN GİRİŞ BÖLGESİ,⭐,İşlem Açma,0.0,16.0,99.0,-0.17851639791542123,0.020202020202020204,0.019313729597758567,-0.5542398222371903,-1.9644434252789722,3.2312302086773714,36.7420814479638,0.15,True,"WMT, COST, BRK-B",0.5712121470382605
2026-09-29,ON,77.12,77.45,75.1,75.95,9410687.0,0.39656109460681765,714741677.65,823521964.0010834,0.832751835946591,3.7335718427385607,4.599917366753892,-19.663634440448487,3.8672902450518487,1.5181545487318566,0.06424960281618516,-0.685857513579679,-1.536199754518625,-0.5502140857804366,-0.3761702127659544,0.12272948875691927,36.17021276595768,0.6192792126344937,73.17073170731707,85.58758314855875,8.425720620842572,37.472283813747225,43.14855875831485,26.984478935698448,64.78935698447894,45.01108647450111,78.93569844789357,52.34872859366894,63.00665188470066,True,-0.22271811802767605,False,False,True,True,False,True,NORMAL,0.833,NORMAL,RISK_ON,0.15,0.9,0.91,Electronic Technology,55.0,55.0,55.0,55.0,55.0,80.9,REJECTED,NORMAL,0.833,0.17,0.2125,0.17,0.1275,0.17,52.3,False,False,NORMAL GİRİŞ,⭐,İşlem Açma,0.0,3.0,96.0,0.02554887949189778,0.03125,0.8583284322582763,8.254331631412981,3.8471266588056716,-6.028292455013428,67.14932126696831,0.15,True,"Electronic Technology · MU, NVDA, SNDK",0.6036435913695839
2026-09-29,NI,38.96,39.565,38.869,39.32,6415197.0,0.5626637710088866,252245546.04,213496062.5,1.1232060551465857,0.5997140677315846,-3.081094404732565,-17.308096740273392,0.8390969879206829,0.35278749246638313,0.6644771944954782,0.7828313693014914,-0.5567314366905256,1.0243452337158314,0.3955459770114975,-0.16323044789151772,64.7988505747129,0.7853818890365627,76.49667405764967,64.30155210643017,11.086474501108649,79.37915742793791,35.03325942350333,73.31485587583148,54.05764966740577,79.91130820399113,17.29490022172949,59.41336621046464,32.170731707317074,True,-0.22271811802767605,False,False,True,True,False,True,NORMAL,0.833,NORMAL,RISK_ON,0.15,0.9,0.91,Utilities,54.6,54.6,54.6,54.6,54.6,80.9,REJECTED,NORMAL,0.833,0.17,0.2125,0.17,0.1275,0.17,57.7,False,False,NORMAL GİRİŞ,⭐,İşlem Açma,0.0,16.0,99.0,-0.17851639791542123,0.020202020202020204,0.019313729597758567,-0.5542398222371903,0.08898916082895614,1.177797622569443,31.787330316742082,0.15,True,"WMT, COST, BRK-B",0.558421190858032
2026-09-29,PAYX,98.72,99.67,98.0,99.31,4052622.0,0.01006741987408244,402465890.82,338806425.8747101,1.1750391788745769,2.998570709228516,-21.827770780856426,0.9966439540323391,2.281300638497522,0.7754080351600462,1.0359287208971482,-1.222921377826974,-1.235703354168659,0.8276696932151574,0.4718562874251511,-0.1332263953086097,78.44311377245515,0.2327855379017585,60.08869179600887,2.6607538802660753,61.4190687361419,83.14855875831486,34.97782705099778,36.396895787139684,54.63414634146341,84.12416851441242,43.68070953436807,61.37313621094839,59.51662971175166,True,-0.22271811802767605,False,False,True,True,False,True,NORMAL,0.833,NORMAL,RISK_ON,0.15,0.9,0.91,Technology Services,53.8,53.8,53.8,53.8,53.8,80.9,REJECTED,NORMAL,0.833,0.17,0.2125,0.17,0.1275,0.17,52.9,True,False,NORMAL GİRİŞ,⭐,İşlem Açma,0.0,11.0,54.0,-0.1644316755552538,0.0,-1.5237123163531487,-6.819868411692198,-10.252863150773022,9.872598942677978,37.828054298642535,0.15,True,"Technology Services · CRM, NFLX, NOW",0.6063077537985428
2026-09-29,GEV,962.67,973.41,954.45,962.49,1474482.0,1.339269529167475,1419174180.18,1655125818.5,0.6590172946663418,34.46349853515625,5.544285197328747,-18.076196312752145,2.789789395050488,1.5225399706208282,-1.2663225718211817,-0.6644211020224025,0.013035797867852809,-0.05639362052616132,-0.08781645569620158,0.04044168883060735,42.40506329113922,1.561987647195151,88.470066518847,86.91796008869179,9.977827050997783,11.751662971175167,44.60088691796008,36.41906873614191,66.43015521064302,9.623059866962306,90.02217294900223,57.826980830222574,58.199556541019945,True,-0.22271811802767605,False,False,True,True,False,True,NORMAL,0.833,NORMAL,RISK_ON,0.15,0.9,0.91,Producer Manufacturing,53.6,53.6,53.6,53.6,53.6,80.9,REJECTED,NORMAL,0.833,0.17,0.2125,0.17,0.1275,0.17,50.8,True,False,🎯 UYGUN GİRİŞ BÖLGESİ,⭐,İşlem Açma,0.0,3.0,96.0,0.02554887949189778,0.03125,0.8583284322582763,8.254331631412981,1.9390710693183266,-4.120236865526083,69.00452488687783,0.15,True,"Electronic Technology · MU, NVDA, SNDK",0.6087399341933276
2026-09-29,NEM,117.24,117.8,115.97,117.09,4707315.0,0.8961627926699522,551179513.35,754845956.2871246,0.6238337031866135,4.166428026471819,-8.509142053445851,25.36402569593148,2.2877576216804045,1.809457598931914,-1.4144259205638279,-2.2454047491979847,-0.6147054151634346,0.05022675218783258,0.08633879781421308,0.09228559416361626,61.20218579235003,1.1188809106976283,82.039911308204,32.37250554323725,93.12638580931264,7.982261640798225,65.78713968957872,17.16186252771619,71.0421286031042,6.2971175166297115,75.60975609756098,71.48828953267181,60.13747228381375,True,-0.22271811802767605,False,False,True,True,False,True,NORMAL,0.833,NORMAL,RISK_ON,0.15,0.9,0.91,Non-Energy Minerals,53.6,53.6,53.6,53.6,53.6,80.9,REJECTED,NORMAL,0.833,0.17,0.2125,0.17,0.1275,0.17,42.8,True,True,NORMAL GİRİŞ,⭐,İşlem Açma,0.0,3.0,96.0,0.02554887949189778,0.03125,0.8583284322582763,8.254331631412981,-7.3373252447485,5.156159448540743,84.59276018099547,0.15,True,"Electronic Technology · MU, NVDA, SNDK",0.6590742770415955
2026-09-29,ACGL,94.39,95.26,93.85,95.12,3921861.0,0.2318213599407537,373047418.32,392035267.496521,0.8987683320748144,1.7414281136649004,-3.7636584378794025,-1.9987636513496776,1.0005419628291534,0.5762975507040796,1.046741222730749,-0.34267428437187747,-0.9712696860934287,1.597882785686231,0.6737588652482269,-0.16638707696831964,90.07092198581564,0.45453947796842975,69.17960088691795,60.75388026607539,53.88026607538803,51.66297117516629,56.97339246119734,49.05764966740577,59.02439024390243,65.41019955654102,49.667405764966745,64.98602789702946,35.8780487804878,True,-0.22271811802767605,False,False,True,True,False,True,NORMAL,0.833,NORMAL,RISK_ON,0.15,0.9,0.91,Finance,53.5,53.5,53.5,53.5,53.5,80.9,REJECTED,NORMAL,0.833,0.17,0.2125,0.17,0.1275,0.17,55.4,True,False,NORMAL GİRİŞ,⭐,İşlem Açma,0.0,16.0,99.0,-0.17851639791542123,0.020202020202020204,0.019313729597758567,-0.5542398222371903,1.672249260121772,-0.40546247672337277,27.42081447963801,0.15,True,"WMT, COST, BRK-B",0.5919695749162714
2026-09-29,KEYS,363.0,364.95,356.6001,360.65,883360.0,0.25296319295280423,318583784.0,309261745.0378418,0.8618230421760212,11.135854499162946,12.71369190861642,3.022252692318683,2.2888271025193982,1.1856535124593026,-0.7182346678075837,-0.3516326522192501,-0.9896336200244694,-0.3267832034409853,-0.1431220733182468,0.2014764871981353,48.502377273979135,0.4756813109804803,69.62305986696231,95.78713968957871,66.74057649667405,43.68070953436807,79.81152993348115,34.83370288248337,71.9290465631929,35.432372505543235,38.35920177383592,65.73382974513628,65.59201773835919,True,-0.22271811802767605,False,False,True,True,False,True,NORMAL,0.833,NORMAL,RISK_ON,0.15,0.9,0.91,Electronic Technology,53.3,53.2,53.2,53.2,53.2,80.9,REJECTED,NORMAL,0.833,0.17,0.2125,0.17,0.1275,0.17,46.8,True,False,NORMAL GİRİŞ,⭐,İşlem Açma,0.0,3.0,96.0,0.02554887949189778,0.03125,0.8583284322582763,8.254331631412981,4.492146777761158,-6.673312573968914,66.78733031674209,0.15,True,"Electronic Technology · MU, NVDA, SNDK",0.590748163491316
2026-09-29,SNDK,1744.07,1749.78,1693.0,1729.76,5962410.0,0.9848843304177235,10313538321.6,14611800752.087402,0.5633860176109805,101.74877720424107,16.483723686514296,-23.92412467619286,4.851374968870222,1.7556124027641324,-2.0197658540248247,-1.0602387939332816,-0.8680599610969912,0.11323569869625494,0.04874075378654513,0.058788870269038916,64.74110602324764,1.2076024484453995,83.14855875831486,97.11751662971176,5.764966740576496,3.1042128603104215,46.87361419068737,15.776053215077603,70.06651884700665,2.12860310421286,99.55654101995566,56.76014164445338,58.758314855875824,True,-0.22271811802767605,False,False,True,True,False,True,NORMAL,0.833,NORMAL,RISK_ON,0.15,0.9,0.91,Electronic Technology,53.0,53.0,53.0,53.0,53.0,80.9,REJECTED,NORMAL,0.833,0.17,0.2125,0.17,0.1275,0.17,46.1,True,False,NORMAL GİRİŞ,⭐,İşlem Açma,0.0,3.0,96.0,0.02554887949189778,0.03125,0.8583284322582763,8.254331631412981,-7.68055864197405,5.499392845766293,84.77375565610859,0.15,True,"Electronic Technology · MU, NVDA, SNDK",0.6219093326355694
2026-09-29,FIX,1681.64,1712.6,1642.64,1665.05,275061.0,0.4070404012015194,457990318.05,466537070.4385742,0.8389842915967668,71.8049693080357,9.63436555543118,-15.98930346376044,2.554722475449817,1.6979727815535686,-0.993881509445972,0.3072818971711327,-0.9491953742192597,-0.5465606042038358,-0.30435248713550855,0.1468309987687953,32.03259005145785,0.6297585192291955,73.8359201773836,92.46119733924611,14.19068736141907,38.13747228381374,49.412416851441236,41.396895787139684,66.0310421286031,27.84922394678492,60.532150776053214,53.91611931556707,65.64079822616407,True,-0.22271811802767605,False,False,True,True,False,True,NORMAL,0.833,NORMAL,RISK_ON,0.15,0.9,0.91,Industrial Services,52.9,52.7,52.7,52.7,52.7,80.9,REJECTED,NORMAL,0.833,0.17,0.2125,0.17,0.1275,0.17,49.9,False,False,NORMAL GİRİŞ,⭐,İşlem Açma,0.0,3.0,96.0,0.02554887949189778,0.03125,0.8583284322582763,8.254331631412981,3.1106083000642935,-5.29177409627205,67.76018099547511,0.15,True,"Electronic Technology · MU, NVDA, SNDK",0.6097164875958982
2026-09-29,CMI,520.69,524.54,517.68,521.37,807578.0,0.6816725168903304,421046941.86,613006537.7319336,0.6864591479378463,14.290715855189733,-7.697618836859343,-26.89810855147853,1.384018160508424,1.1276930743164137,-0.535085077966288,-1.541978179810624,-0.4072024529681725,0.4422568219152065,0.08629737609329867,0.016692464414010545,53.79008746355753,0.9043906349180064,78.7139689578714,37.6940133037694,3.9911308203991127,16.851441241685144,19.157427937915745,28.658536585365855,69.93348115299335,22.350332594235034,70.50997782705099,51.99319943371717,48.784922394678496,True,-0.22271811802767605,False,False,True,True,False,True,NORMAL,0.833,NORMAL,RISK_ON,0.15,0.9,0.91,Producer Manufacturing,52.4,52.4,52.4,52.4,52.4,80.9,REJECTED,NORMAL,0.833,0.17,0.2125,0.17,0.1275,0.17,48.1,False,False,NORMAL GİRİŞ,⭐,İşlem Açma,0.0,3.0,96.0,0.02554887949189778,0.03125,0.8583284322582763,8.254331631412981,-0.25053054880597725,-1.9306352474017796,73.73303167420815,0.15,True,"Electronic Technology · MU, NVDA, SNDK",0.6048292132660437
2026-09-29,UBER,68.47,69.89,68.4,69.36,14777394.0,1.7605579128771476,1024960047.84,1225715585.4637146,0.7848628597999946,1.6922139195033483,-12.002029941639169,-3.880266075388028,1.4719064405620648,0.49002484813495395,-0.41387170591312145,0.39319348234270757,0.5976363240779318,0.874449626112785,0.4275167785234889,-0.1718724282745861,64.42953020134209,1.9832760309048236,92.46119733924611,15.521064301552107,47.671840354767184,29.268292682926827,33.2039911308204,64.40133037694012,49.490022172949004,31.574279379157424,86.0310421286031,66.39749847467967,28.35033259423503,True,-0.22271811802767605,False,False,True,True,False,True,NORMAL,0.833,NORMAL,RISK_ON,0.15,0.9,0.91,Transportation,52.4,52.4,52.4,52.4,52.4,80.9,REJECTED,NORMAL,0.833,0.17,0.2125,0.17,0.1275,0.17,57.7,True,False,🎯 UYGUN GİRİŞ BÖLGESİ,⭐,İşlem Açma,0.0,11.0,54.0,-0.1644316755552538,0.0,-1.5237123163531487,-6.819868411692198,2.2778968264046076,-2.658161034499651,22.171945701357465,0.15,True,"Technology Services · CRM, NFLX, NOW",0.5751945593599986
2026-09-29,MPC,382.28,394.23,380.0,392.03,1898904.0,0.6650568874170482,744427335.12,970609720.1049805,0.6023447908339995,16.73642543247768,6.290160778678522,53.334376344506595,1.978244406833705,1.190893960107744,-0.7898900357104655,-0.4791580786028981,-0.7011549256618002,1.021405070107846,0.6882642304989423,0.0006397395658174306,84.53970484891046,0.8877750054447242,78.27050997782705,88.69179600886919,98.66962305986696,6.208425720620843,94.17960088691797,31.47450110864745,75.92017738359202,11.352549889135254,82.48337028824834,76.10696383300635,52.02217294900221,True,-0.22271811802767605,False,False,True,True,False,True,NORMAL,0.833,NORMAL,RISK_ON,0.15,0.9,0.91,Energy Minerals,52.1,52.1,52.1,52.1,52.1,80.9,REJECTED,NORMAL,0.833,0.17,0.2125,0.17,0.1275,0.17,51.0,True,True,NORMAL GİRİŞ,⭐,İşlem Açma,0.0,15.0,27.0,-0.13266678729271986,0.0,-0.8276815529380088,-3.09583284340259,2.943260533013514,1.060346141567492,34.76809954751131,0.15,True,"Energy Minerals · XOM, CVX, VLO",0.6029668892667075
2026-09-29,HONA,151.81,156.1,151.385,155.44,2543177.0,2.0483144207971593,395311432.88,536729804.0476074,0.6010760947662986,6.130357186453684,-4.26802980846216,-29.690609734032936,2.7788903610204354,0.7223916261823055,-0.7648177387239083,0.018089980373202492,0.3934569600850548,1.461298998194897,0.7424708377518561,-0.10087249142893147,86.00212089077421,2.2710325388248354,94.2350332594235,57.42793791574279,2.2172949002217295,5.986696230598669,27.062084257206205,53.12638580931264,67.0509977827051,11.751662971175167,67.1840354767184,61.34854911790226,50.93569844789357,True,-0.22271811802767605,False,False,True,True,False,True,NORMAL,0.833,NORMAL,RISK_ON,0.15,0.9,0.91,Electronic Technology,51.8,51.8,51.8,51.8,51.8,80.9,REJECTED,NORMAL,0.833,0.17,0.2125,0.17,0.1275,0.17,51.8,True,False,🎯 UYGUN GİRİŞ BÖLGESİ,⭐,İşlem Açma,0.0,,,,,,,,,50.0,0.15,True,,0.5119964167654472
2026-09-29,SBUX,95.03,95.89,94.3401,95.43,6927981.0,0.16794726836515395,661137226.83,658873013.6393042,1.004792793550628,2.104992726353236,-11.515994436717648,-6.6151286818671,1.016907839664368,0.4756995266769737,0.1899830864577142,-0.8311048018359268,-1.1358984017075235,0.9558887612386067,0.339663849280604,-0.18175493694945255,70.32066584940992,0.39066538639283,66.74057649667405,18.403547671840354,39.02439024390244,66.74057649667405,29.745011086474502,35.609756097560975,49.312638580931264,64.96674057649668,71.84035476718404,57.49880716143766,26.1019955654102,True,-0.22271811802767605,False,False,True,True,False,True,NORMAL,0.833,NORMAL,RISK_ON,0.15,0.9,0.91,Consumer Services,51.7,51.7,51.7,51.7,51.7,80.9,REJECTED,NORMAL,0.833,0.17,0.2125,0.17,0.1275,0.17,52.8,True,False,NORMAL GİRİŞ,⭐,İşlem Açma,0.0,13.0,12.0,-0.13861084651358005,0.0,0.21731553295660233,-0.8512872043160149,1.6316545208571454,0.0,34.875565610859724,0.15,True,"Retail Trade · NKE, TJX, SBUX",0.5727836019600284
2026-09-29,AEP,117.5,119.58,117.26,119.3,2859670.0,0.9306286634165328,341158631.0,412068778.50341797,0.7121570014232332,1.8778566850934706,-2.4609598561033508,-12.798772019589212,0.7958067436868823,0.3052888468786802,-0.8446570919965155,0.9085737505114836,0.7552494873056923,1.5293732862857643,0.7663793103448272,-0.05735029723088454,87.93103448275855,1.1533467814442089,82.26164079822617,67.40576496674058,20.84257206208426,19.06873614190687,41.7960088691796,64.80044345898004,73.79157427937916,18.18181818181818,52.106430155210646,62.40285954583683,18.40133037694013,True,-0.22271811802767605,False,False,True,True,False,True,NORMAL,0.833,NORMAL,RISK_ON,0.15,0.9,0.91,Utilities,51.6,51.6,51.6,51.6,51.6,80.9,REJECTED,NORMAL,0.833,0.17,0.2125,0.17,0.1275,0.17,55.6,True,False,NORMAL GİRİŞ,⭐,İşlem Açma,0.0,16.0,99.0,-0.17851639791542123,0.020202020202020204,0.019313729597758567,-0.5542398222371903,0.6866885417756041,0.5800982416227951,30.248868778280546,0.15,True,"WMT, COST, BRK-B",0.5624852626422085
2026-09-29,CBRE,129.41,131.255,129.29,130.84,2419550.0,0.3759063088154102,316573922.0,265543552.29034424,1.1970355491679798,3.9332114519391745,-13.247579896565432,-2.8584156210557543,2.014935625370734,1.012851699033908,1.1834564272264108,-1.9665159620987323,-1.1098485415592654,1.336498582465928,0.6451653944020416,-0.20049129649312217,78.88040712468238,0.5986244268430863,72.9490022172949,12.416851441241686,50.332594235033255,84.92239467849224,33.270509977827054,36.61862527716187,51.35254988913525,86.25277161862527,27.93791574279379,65.21952630005138,68.35476718403547,True,-0.22271811802767605,False,False,True,True,False,True,NORMAL,0.833,NORMAL,RISK_ON,0.15,0.9,0.91,Finance,51.8,51.2,51.2,51.2,51.2,80.9,REJECTED,NORMAL,0.833,0.17,0.2125,0.17,0.1275,0.17,49.2,False,False,NORMAL GİRİŞ,⭐,İşlem Açma,0.0,11.0,54.0,-0.1644316755552538,0.0,-1.5237123163531487,-6.819868411692198,-4.202339405308248,3.8220751972132043,35.769230769230774,0.15,True,"Technology Services · CRM, NFLX, NOW",0.6210282654902067
2026-09-29,VRT,251.38,254.13,246.84,248.34,3298675.0,1.7620090280962675,819192949.5,1169818592.6428223,0.6124740522334575,11.638212672642299,-3.399719931538814,-25.828803536228417,3.9852290774702017,2.0936884991752187,-0.9128659316570659,-0.19790830480598512,0.07299740174510692,-0.7671263434515657,-0.5113168724279831,-0.043270353218497565,20.57613168724282,1.9847271461239435,92.6829268292683,62.52771618625277,4.434589800443459,7.5388026607538805,30.57649667405765,46.51884700665189,47.84922394678492,10.465631929046562,84.92239467849224,53.02657104012117,67.29268292682927,True,-0.22271811802767605,False,False,True,True,False,True,NORMAL,0.833,NORMAL,RISK_ON,0.15,0.9,0.91,Electronic Technology,51.1,50.7,50.7,50.7,50.7,80.9,REJECTED,NORMAL,0.833,0.17,0.2125,0.17,0.1275,0.17,47.4,False,False,🎯 UYGUN GİRİŞ BÖLGESİ,⭐,İşlem Açma,0.0,3.0,96.0,0.02554887949189778,0.03125,0.8583284322582763,8.254331631412981,-1.3658554688555868,-0.81531032735217,76.15384615384615,0.15,True,"Electronic Technology · MU, NVDA, SNDK",0.6289465435670539
2026-09-29,VLTO,95.87,97.02,95.57,96.65,1545968.0,0.46777865492027004,149417807.20000002,161067753.10580444,0.8658168865790005,1.5859289986746654,-1.9379058441558406,8.987370320252586,1.0075793981371932,0.517755136125671,-0.0031055332647783682,0.0808254327032398,-0.6096717321869368,1.0666610817987088,0.5113793103448354,-0.17178282689562158,74.48275862069038,0.6904967729479461,74.94456762749445,69.84478935698448,77.16186252771618,44.12416851441242,73.86917960088692,54.955654101995556,52.37250554323725,47.76053215077605,6.651884700665188,69.78419603945264,43.74944567627494,True,-0.22271811802767605,False,False,True,True,False,True,NORMAL,0.833,NORMAL,RISK_ON,0.15,0.9,0.91,Producer Manufacturing,50.5,50.5,50.5,50.5,50.5,80.9,REJECTED,NORMAL,0.833,0.17,0.2125,0.17,0.1275,0.17,43.1,False,False,NORMAL GİRİŞ,⭐,İşlem Açma,0.0,9.0,19.0,-0.07995966169200827,0.10526315789473684,0.6362234813596768,0.03793591459123569,1.77409098819874,-3.213019388968952,61.49321266968326,0.15,True,"Health Technology · BSX, MDT, ISRG",0.573336787297569
2026-09-29,PM,191.95,194.01,191.0001,193.9,3602528.0,0.07225717234375928,698530179.2,758198849.6704102,0.8132502895171103,4.349281100027901,1.047475115951868,7.180365927809418,1.1289947819783015,0.7756831279044857,-0.7879969291798194,-1.073158654136972,-1.3364601648464969,1.5940535145067163,0.8013372537293688,0.022755829594058568,96.3453935346694,0.29497529037143533,63.41463414634146,78.93569844789357,74.05764966740577,34.368070953436806,76.25277161862527,15.587583148558757,84.21286031042129,28.337028824833702,75.83148558758315,68.7631424576798,34.37694013303769,True,-0.22271811802767605,False,False,True,True,False,True,NORMAL,0.833,NORMAL,RISK_ON,0.15,0.9,0.91,Consumer Non-Durables,50.4,50.4,50.4,50.4,50.4,80.9,REJECTED,NORMAL,0.833,0.17,0.2125,0.17,0.1275,0.17,50.8,True,False,NORMAL GİRİŞ,⭐,İşlem Açma,0.0,16.0,99.0,-0.17851639791542123,0.020202020202020204,0.019313729597758567,-0.5542398222371903,3.422450276015865,-2.1556634926174656,24.366515837104075,0.15,True,"WMT, COST, BRK-B",0.6070632439382637
2026-09-29,CAH,218.54,224.01,216.7,223.91,973624.0,1.6432914903970142,218004149.84,363740571.0,0.5264667951799411,5.0935703386579245,-4.53634619484119,-5.745916821013641,1.4027189367287263,0.5560833568564116,-1.9456818432609035,1.291929630273807,2.312661009472597,1.6925525389497322,0.8655266757865948,-0.1741905817968495,98.63201094391253,1.8660096084246902,91.7960088691796,55.87583148558758,42.12860310421286,1.9955654101995564,48.31485587583148,63.292682926829265,57.96008869179602,1.6407982261640797,47.22838137472284,68.31774654893671,39.72727272727273,True,-0.22271811802767605,False,False,True,True,False,True,NORMAL,0.833,NORMAL,RISK_ON,0.15,0.9,0.91,Distribution Services,50.3,50.3,50.3,50.3,50.3,80.9,REJECTED,NORMAL,0.833,0.17,0.2125,0.17,0.1275,0.17,46.1,True,False,🎯 UYGUN GİRİŞ BÖLGESİ,⭐,İşlem Açma,0.0,9.0,19.0,-0.07995966169200827,0.10526315789473684,0.6362234813596768,0.03793591459123569,1.718488333168633,-3.157416733938845,61.742081447963805,0.15,True,"Health Technology · BSX, MDT, ISRG",0.560209270666281
2026-09-29,UAL,113.68,113.79,111.1301,112.65,3094538.0,1.0223279005741714,348599705.7,421602684.621048,0.7860351876288293,4.251420927211217,1.8535262206148317,-17.163026693139205,2.395257896284373,1.5534070737758143,-0.585136548489936,-1.3697287489578063,-0.6224641249018853,0.15641742412584397,-0.09570096620173553,0.01647024294680245,57.141245911500526,1.2450460186018475,84.70066518847007,80.70953436807096,11.529933481152993,29.490022172949004,42.660753880266086,28.18181818181818,66.47450110864744,29.312638580931264,53.65853658536586,59.42144166432078,65.97339246119734,True,-0.22271811802767605,False,False,True,True,False,True,NORMAL,0.833,NORMAL,RISK_ON,0.15,0.9,0.91,Transportation,50.3,50.1,50.1,50.1,50.1,80.9,REJECTED,NORMAL,0.833,0.17,0.2125,0.17,0.1275,0.17,45.0,True,False,🎯 UYGUN GİRİŞ BÖLGESİ,⭐,İşlem Açma,0.0,5.0,47.0,-0.09611548836367505,0.06382978723404255,0.3392823562719416,1.8889759365361414,-1.0487927479468917,-3.4468778605950208,62.8054298642534,0.15,True,"HD, DE, F",0.6654544525390633
2026-09-29,CHRW,147.59,149.83,147.21,149.71,1060651.0,0.9916314438505047,158790061.21,190564669.3397522,0.7555166948624343,3.796427394321987,-0.4521577232528662,-20.510778379526386,1.4302953676242018,0.48991155070890857,-0.8329303695827446,-0.4325552134381404,0.10385882589660307,1.73902896080862,0.8637404580152657,0.05281149523574065,95.41984732824412,1.2143495618781808,83.5920177383592,73.61419068736141,7.760532150776053,26.164079822616408,37.394678492239464,45.96452328159644,87.98226164079824,22.705099778270508,12.416851441241686,63.47657453326788,38.17960088691795,True,-0.22271811802767605,False,False,True,True,False,True,NORMAL,0.833,NORMAL,RISK_ON,0.15,0.9,0.91,Transportation,49.8,49.8,49.8,49.8,49.8,80.9,REJECTED,NORMAL,0.833,0.17,0.2125,0.17,0.1275,0.17,47.2,False,False,NORMAL GİRİŞ,⭐,İşlem Açma,0.0,4.0,10.0,-0.11283149649648719,0.1,1.3059074668034854,-3.863498233483014,0.30690653258952927,-0.19504589726051513,47.28506787330317,0.15,True,"Transportation · UNP, FDX, CSX",0.5579297975319962
2026-09-29,CRL,294.71,298.2,289.38,295.96,661450.0,0.4650543735836843,195762742.0,236792072.9019165,0.67764226184683,10.167139892578124,1.5300171526586581,30.499581110278218,2.279398223618494,0.706533726796575,-1.0585769597539718,-0.19466821989675392,-0.7879260218410011,0.6354442931084731,0.33441043083900096,-0.029310140201975237,74.60317460317448,0.6877724916113603,74.72283813747228,80.26607538802661,94.2350332594235,14.855875831485587,87.9490022172949,34.53436807095343,67.27272727272728,12.993348115299334,22.172949002217297,72.22861014324428,59.450110864745014,True,-0.22271811802767605,False,False,True,True,False,True,NORMAL,0.833,NORMAL,RISK_ON,0.15,0.9,0.91,Commercial Services,49.1,49.1,49.1,49.1,49.1,80.9,REJECTED,NORMAL,0.833,0.17,0.2125,0.17,0.1275,0.17,37.6,False,False,NORMAL GİRİŞ,⭐,İşlem Açma,0.0,6.0,25.0,0.03811842104059654,0.12,3.005418467305465,7.571076560583823,2.312653770666473,-2.5672419720602635,77.73755656108597,0.15,True,"Health Technology · LLY, JNJ, TMO",0.550143840249203
2026-09-29,SWKS,88.46,89.54,86.12,88.04,3309465.0,0.5137614806757451,291365298.6,435939467.8833008,0.4052431760282565,5.862856859479632,33.81972944216447,29.852507374631276,5.27764864096842,0.8348183582500311,-1.19655195336217,-0.9895390928573411,-0.8545461461826762,-0.2020715511500927,0.012280701754387884,0.11908821043837038,56.140350877193,0.7364795987034212,75.83148558758315,99.33481152993349,93.79157427937915,0.22172949002217296,96.2860310421286,17.993348115299337,70.06651884700665,3.325942350332594,56.31929046563193,70.46436768195433,59.467849223946786,True,-0.22271811802767605,False,False,True,True,False,True,NORMAL,0.833,NORMAL,RISK_ON,0.15,0.9,0.91,Electronic Technology,49.1,49.1,49.1,49.1,49.1,80.9,REJECTED,NORMAL,0.833,0.17,0.2125,0.17,0.1275,0.17,38.3,True,True,NORMAL GİRİŞ,⭐,İşlem Açma,0.0,3.0,96.0,0.02554887949189778,0.03125,0.8583284322582763,8.254331631412981,-1.4800911702879727,-0.7010746259197842,76.49321266968326,0.15,True,"Electronic Technology · MU, NVDA, SNDK",0.5661298157754554
2026-09-29,EQIX,1008.04,1023.38,1005.8,1015.27,385949.0,0.4154007779240132,391842441.23,494291219.49999994,0.7250932318820159,25.728579799107145,-2.790092013672796,-2.6017133702357143,1.688564316641607,0.6097804322912499,-1.1501784017030834,-0.6280662149965631,-0.7385181887276719,0.4993290913843218,0.22761660978384565,-0.12338279434994551,53.86803185438001,0.6381188959516892,74.05764966740577,64.96674057649668,51.66297117516629,20.84257206208426,57.64966740576497,27.793791574279375,52.46119733924611,15.875831485587584,63.63636363636363,59.55753489275507,44.108647450110865,True,-0.22271811802767605,False,False,True,True,False,True,NORMAL,0.833,NORMAL,RISK_ON,0.15,0.9,0.91,Finance,48.9,48.9,48.9,48.9,48.9,80.9,REJECTED,NORMAL,0.833,0.17,0.2125,0.17,0.1275,0.17,40.0,True,False,NORMAL GİRİŞ,⭐,İşlem Açma,0.0,3.0,96.0,0.02554887949189778,0.03125,0.8583284322582763,8.254331631412981,-3.498710340623173,1.3175445444154161,80.92760180995475,0.15,True,"Electronic Technology · MU, NVDA, SNDK",0.56992935119569
2026-09-29,IRM,110.58,112.34,110.57,111.5,1510182.0,0.4052201133506017,168385293.0,178342254.31097412,0.8814720560338538,2.939286608014789,-5.025553662691662,-11.725120734700345,1.686256013523448,0.7008167066393949,-0.3210556101612373,-0.9890890976685324,-0.8127036147681973,0.5630244350017216,0.261864406779661,-0.07134363967198326,52.542372881356016,0.6279382313782778,73.61419068736141,52.328159645232816,24.168514412416854,46.78492239467849,36.84035476718404,32.03991130820399,60.22172949002217,43.50332594235033,9.75609756097561,56.39060092449924,59.3968957871397,True,-0.22271811802767605,False,False,True,True,False,True,NORMAL,0.833,NORMAL,RISK_ON,0.15,0.9,0.91,Finance,48.9,48.9,48.9,48.9,48.9,80.9,REJECTED,NORMAL,0.833,0.17,0.2125,0.17,0.1275,0.17,38.3,False,False,NORMAL GİRİŞ,⭐,İşlem Açma,0.0,3.0,96.0,0.02554887949189778,0.03125,0.8583284322582763,8.254331631412981,-4.958268916864345,2.7771031206565877,82.91855203619909,0.15,True,"Electronic Technology · MU, NVDA, SNDK",0.5666987138634239
2026-09-29,CSCO,107.265,107.4,106.06,106.94,11743555.0,0.18737318740227327,1255855771.7,1639435906.8856812,0.6363473556500455,2.837141571044922,-2.7199126717001865,-8.95624042227141,1.7907811607671131,0.6423671823655253,-1.3092418733928262,-1.2211459431806213,-0.940303691057805,0.20585059959942018,0.06324626865671017,-0.034106907024866746,65.67164179104427,0.4100913054299493,67.62749445676275,65.6319290465632,31.042128603104214,9.312638580931264,46.607538802660756,15.243902439024389,62.26164079822617,7.804878048780488,89.80044345898004,53.47403779329511,37.94678492239468,True,-0.22271811802767605,False,False,True,True,False,True,NORMAL,0.833,NORMAL,RISK_ON,0.15,0.9,0.91,Electronic Technology,48.3,48.3,48.3,48.3,48.3,80.9,REJECTED,NORMAL,0.833,0.17,0.2125,0.17,0.1275,0.17,42.8,False,False,NORMAL GİRİŞ,⭐,İşlem Açma,0.0,3.0,96.0,0.02554887949189778,0.03125,0.8583284322582763,8.254331631412981,1.1239356472856177,-3.3051014434933745,70.70135746606334,0.15,True,"Electronic Technology · MU, NVDA, SNDK",0.5751310918094249
2026-09-29,P,130.26,132.435,127.711,130.05,4512976.0,0.502323133056426,586912528.8000001,321685914.5000458,0.6083284694654688,6.969573499407088,39.239828693790145,65.05901764183272,4.205821126795812,1.4409455913268872,0.6162321111669955,-0.8284444151924423,-1.1369925493247122,-0.21268352502019197,-0.02535986452158735,-0.04606089596885811,49.5131244707877,0.725041251084102,75.60975609756098,99.77827050997783,99.77827050997783,6.873614190687362,99.77827050997783,29.977827050997785,55.033259423503324,35.69844789356985,40.57649667405765,70.11095767989472,74.47006651884702,True,-0.22271811802767605,False,False,True,True,False,True,NORMAL,0.833,NORMAL,RISK_ON,0.15,0.9,0.91,Electronic Technology,49.8,48.1,48.1,48.1,48.1,80.9,REJECTED,NORMAL,0.833,0.17,0.2125,0.17,0.1275,0.17,40.8,True,True,NORMAL GİRİŞ,⭐,İşlem Açma,0.0,3.0,96.0,0.02554887949189778,0.03125,0.8583284322582763,8.254331631412981,17.93257436643821,-20.113740162645964,65.47511312217195,0.15,True,"Electronic Technology · MU, NVDA, SNDK",0.5982128735968443
2026-09-29,PH,972.43,978.535,960.99,970.37,391409.0,0.08457657855247547,379811551.33,549286771.0,0.6389620778033531,20.88534232003348,-2.477337138951974,-0.7923363186521093,1.2835080530990486,0.6377729639895742,-1.423779103108114,-0.16641270512888562,-1.1854574323527298,0.09817769487922196,-0.014747791393557051,0.010718778244537144,53.462524935879266,0.3072946965801515,63.63636363636363,67.1840354767184,57.20620842572062,9.75609756097561,61.69623059866963,25.49889135254989,64.78935698447894,7.184035476718403,67.84922394678492,56.187715908222074,36.011086474501106,True,-0.22271811802767605,False,False,True,True,False,True,NORMAL,0.833,NORMAL,RISK_ON,0.15,0.9,0.91,Producer Manufacturing,48.1,48.1,48.1,48.1,48.1,80.9,REJECTED,NORMAL,0.833,0.17,0.2125,0.17,0.1275,0.17,42.1,True,False,NORMAL GİRİŞ,⭐,İşlem Açma,0.0,3.0,96.0,0.02554887949189778,0.03125,0.8583284322582763,8.254331631412981,1.2263019359706473,-3.407467732178404,70.49773755656108,0.15,True,"Electronic Technology · MU, NVDA, SNDK",0.567903833438812
2026-09-29,CSX,46.46,47.03,46.39,46.93,8029637.0,0.36356219967721426,376830864.41,458985845.4088211,0.7325983601098126,0.8978568921770369,-8.482839313572544,-1.2623606143488342,1.2716428928241323,0.5737264013556725,-0.8668638424802493,-0.5462713305252923,-0.48096643353519436,1.7011074112761304,0.7085937499999967,-0.1376533903703817,84.37499999999979,0.5862803177048903,72.50554323725056,32.8159645232816,55.654101995565405,22.172949002217297,45.37694013303769,34.77827050997782,63.90243902439024,19.68957871396896,60.310421286031044,62.558342572062074,34.72505543237251,True,-0.22271811802767605,False,False,True,True,False,True,NORMAL,0.833,NORMAL,RISK_ON,0.15,0.9,0.91,Transportation,48.0,48.0,48.0,48.0,48.0,80.9,REJECTED,NORMAL,0.833,0.17,0.2125,0.17,0.1275,0.17,45.6,True,False,NORMAL GİRİŞ,⭐,İşlem Açma,0.0,4.0,10.0,-0.11283149649648719,0.1,1.3059074668034854,-3.863498233483014,0.936380709330592,-0.8245200740015779,45.678733031674206,0.15,True,"Transportation · UNP, FDX, CSX",0.5751273804588194
2026-09-29,SJM,119.41,121.165,118.88,120.7,1340818.0,0.05803096093501825,161836732.6,156750670.0,1.0089151749098926,2.5160716029575902,-8.795526673719213,7.2888888888889,1.1025071749448065,0.5789505111207199,0.06860610375355573,-0.019871994586570536,-1.2559412016132432,1.1111185889723645,0.580196936542669,-0.10768986304380711,79.64989059080958,0.2807490789626943,61.86252771618626,30.376940133037696,74.72283813747228,67.40576496674058,54.767184035476724,45.24390243902439,63.01552106430156,63.23725055432373,5.543237250554324,65.5303992586375,47.29711751662972,True,-0.22271811802767605,False,False,True,True,False,True,NORMAL,0.833,NORMAL,RISK_ON,0.15,0.9,0.91,Consumer Non-Durables,48.0,48.0,48.0,48.0,48.0,80.9,REJECTED,NORMAL,0.833,0.17,0.2125,0.17,0.1275,0.17,46.2,False,False,NORMAL GİRİŞ,⭐,İşlem Açma,0.0,16.0,99.0,-0.17851639791542123,0.020202020202020204,0.019313729597758567,-0.5542398222371903,1.1546687212783957,0.11211806212000353,29.11764705882353,0.15,True,"WMT, COST, BRK-B",0.5748290160337678
2026-09-29,CB,329.31,332.42,328.14,332.08,1211237.0,0.2142634798788512,402227582.96,509143440.7241821,0.7140359306147113,4.525711146763395,-2.3064250411861664,-2.5415272641897135,0.9089575238258478,0.48873522002927433,-1.0274166306429924,0.20202531354517445,-0.7761828377547049,1.6691517394842055,0.7538551401869045,-0.1014759329989368,92.05607476635446,0.43698159790652724,68.51441241685144,68.29268292682927,52.106430155210646,19.290465631929045,59.39024390243903,40.86474501108646,69.04656319290466,16.186252771618623,64.52328159645234,62.62578486022747,23.05321507760532,True,-0.22271811802767605,False,False,True,True,False,True,NORMAL,0.833,NORMAL,RISK_ON,0.15,0.9,0.91,Finance,47.9,47.9,47.9,47.9,47.9,80.9,REJECTED,NORMAL,0.833,0.17,0.2125,0.17,0.1275,0.17,49.1,True,False,NORMAL GİRİŞ,⭐,İşlem Açma,0.0,16.0,99.0,-0.17851639791542123,0.020202020202020204,0.019313729597758567,-0.5542398222371903,0.3942411209920227,0.8725456624063765,30.90497737556561,0.15,True,"WMT, COST, BRK-B",0.5820969270125802
2026-09-29,JCI,150.08,150.515,148.75,149.42,2337127.0,0.35596790417369295,349213516.34,429781584.4772339,0.6962728931590512,3.6889278302873874,7.042051722902776,2.265416467045367,1.8709075276369873,0.8520404397936409,-1.0280265554947945,-1.6339803558727937,-0.8488849960112119,-0.5967553142484847,-0.3007082152974627,0.18025389277971113,37.96033994334236,0.578686022201369,72.28381374722838,89.80044345898004,64.96674057649668,17.738359201773836,76.14190687361419,17.45011086474501,66.69623059866962,15.16629711751663,55.87583148558758,62.12641093446727,53.589800443458984,True,-0.22271811802767605,False,False,True,True,False,True,NORMAL,0.833,NORMAL,RISK_ON,0.15,0.9,0.91,Producer Manufacturing,47.6,47.6,47.6,47.6,47.6,80.9,REJECTED,NORMAL,0.833,0.17,0.2125,0.17,0.1275,0.17,39.5,True,False,NORMAL GİRİŞ,⭐,İşlem Açma,0.0,3.0,96.0,0.02554887949189778,0.03125,0.8583284322582763,8.254331631412981,2.6891511605270866,-4.870316956734843,68.12217194570135,0.15,True,"Electronic Technology · MU, NVDA, SNDK",0.5814045484041463
2026-09-29,TRV,359.81,364.0,358.39,363.21,1140861.0,0.0137670275874191,414372123.81,487317386.1937256,0.7806630628164773,6.585709664481028,-1.8085969180859696,10.023627771719369,1.09136132763757,0.5449800644576236,-1.0358083414253234,-0.2289428680377583,-1.2051502873662785,1.3041102331571661,0.6678253119429529,-0.03574073440306551,85.91800356506207,0.23648514561509515,60.310421286031044,70.06651884700665,78.93569844789357,28.38137472283814,74.94456762749446,28.337028824833702,74.90022172949001,21.46341463414634,63.41463414634146,65.39446111038647,27.902439024390247,True,-0.22271811802767605,False,False,True,True,False,True,NORMAL,0.833,NORMAL,RISK_ON,0.15,0.9,0.91,Finance,47.6,47.6,47.6,47.6,47.6,80.9,REJECTED,NORMAL,0.833,0.17,0.2125,0.17,0.1275,0.17,47.9,True,False,NORMAL GİRİŞ,⭐,İşlem Açma,0.0,16.0,99.0,-0.17851639791542123,0.020202020202020204,0.019313729597758567,-0.5542398222371903,1.8246842886328496,-0.5578975052344504,26.809954751131222,0.15,True,"WMT, COST, BRK-B",0.5832009609601704
2026-09-29,ADBE,230.99,233.33,228.68,233.17,4106559.0,0.9350268579397358,957526362.03,1266509327.871582,0.7247945356589729,8.76357421875,-20.015779363336993,13.730367768998143,2.6407748029299296,1.3397449674216877,-0.5960132450737811,-1.4513581835092138,-0.6753701625996112,1.1232845117601709,0.7231182795698843,-0.15388748135675379,96.5591397849457,1.1577449759674119,82.70509977827051,4.434589800443459,83.5920177383592,20.620842572062084,47.97117516629712,25.454545454545453,56.67405764966742,23.813747228381374,87.13968957871397,71.93861907827284,59.18625277161862,True,-0.22271811802767605,False,False,True,True,False,True,NORMAL,0.833,NORMAL,RISK_ON,0.15,0.9,0.91,Technology Services,47.5,47.5,47.5,47.5,47.5,80.9,REJECTED,NORMAL,0.833,0.17,0.2125,0.17,0.1275,0.17,46.8,True,True,NORMAL GİRİŞ,⭐,İşlem Açma,0.0,11.0,54.0,-0.1644316755552538,0.0,-1.5237123163531487,-6.819868411692198,0.9040164245467888,-1.2842806326418321,24.909502262443443,0.15,True,"Technology Services · CRM, NFLX, NOW",0.6418327831602939
2026-09-29,AMP,493.45,498.34,492.58,497.32,496906.0,0.23379481000660451,247121291.92,332639532.9345703,0.750624631792021,15.632144775390625,-11.084888793535018,8.405266370215369,1.800954456627731,0.6003587497085132,-0.10674275050142389,-2.2126307142733257,-1.111293008426901,1.2187857972923268,0.6575520833333375,-0.06345044888703397,82.29166666666696,0.45651292803428056,69.40133037694012,20.39911308203991,76.27494456762749,25.277161862527713,51.130820399113084,19.057649667405762,69.26829268292683,34.14634146341463,43.23725055432372,65.46863451589064,46.37915742793792,True,-0.22271811802767605,False,False,True,True,False,True,NORMAL,0.833,NORMAL,RISK_ON,0.15,0.9,0.91,Finance,47.1,47.1,47.1,47.1,47.1,80.9,REJECTED,NORMAL,0.833,0.17,0.2125,0.17,0.1275,0.17,42.0,True,False,NORMAL GİRİŞ,⭐,İşlem Açma,0.0,2.0,31.0,-0.11193454029395906,0.0,-0.6972418013568848,-2.61135578253694,-0.7275695493914713,0.730922498261688,44.3947963800905,0.15,True,"Finance · JPM, BAC, GS",0.5906301596094474
2026-09-29,JBHT,226.0,230.14,223.99,229.28,980790.0,1.4199109000680554,224875531.2,238710990.06195068,0.7918281340825422,8.21286163330078,-12.163352871317468,-20.782227136095088,3.397579861003769,0.9561002959652033,0.13371215865550606,-0.47439767785477605,0.05742549622656294,1.3841512522662076,0.6361788617886209,-0.20798909134036964,86.01626016260181,1.6426290180957315,89.57871396895787,15.299334811529933,7.5388026607538805,30.820399113082043,11.031042128603104,54.01330376940133,50.59866962305986,42.61640798226164,22.838137472283815,59.28787878787881,73.06208425720621,True,-0.22271811802767605,False,False,True,True,False,True,NORMAL,0.833,NORMAL,RISK_ON,0.15,0.9,0.91,Transportation,48.5,47.1,47.1,47.1,47.1,80.9,REJECTED,NORMAL,0.833,0.17,0.2125,0.17,0.1275,0.17,44.5,False,False,🎯 UYGUN GİRİŞ BÖLGESİ,⭐,İşlem Açma,0.0,4.0,10.0,-0.11283149649648719,0.1,1.3059074668034854,-3.863498233483014,-3.2178463706199647,3.3297070059489786,55.56561085972851,0.15,True,"Transportation · UNP, FDX, CSX",0.5721724652770622
2026-09-29,MPWR,1372.05,1374.32,1347.85,1355.99,450392.0,0.3545033304634737,610727048.08,753775581.2626953,0.6042731889259336,54.88644182477679,7.938643274481394,-1.9076072803032362,3.299135095093084,1.5149550283923514,-1.206215946741586,-1.455317827488536,-1.1414952673571854,-0.8974855826151099,-0.4847563279183932,0.16295871468121295,30.75179448432222,0.5772214484911498,72.06208425720621,90.9090909090909,54.32372505543237,6.651884700665188,70.78713968957871,10.022172949002217,61.86252771618625,7.0066518847006645,75.3880266075388,57.58183133313288,63.525498891352555,True,-0.22271811802767605,False,False,True,True,False,True,NORMAL,0.833,NORMAL,RISK_ON,0.15,0.9,0.91,Electronic Technology,46.8,46.8,46.8,46.8,46.8,80.9,REJECTED,NORMAL,0.833,0.17,0.2125,0.17,0.1275,0.17,38.0,True,False,NORMAL GİRİŞ,⭐,İşlem Açma,0.0,3.0,96.0,0.02554887949189778,0.03125,0.8583284322582763,8.254331631412981,-1.1297910257815735,-1.0513747704261833,75.63348416289593,0.15,True,"Electronic Technology · MU, NVDA, SNDK",0.6152437130665375
2026-09-29,TTWO,202.35,203.08,200.0,202.78,1956866.0,0.21250006598192428,396813287.48,518295485.17684937,0.7077913012026403,6.417857448032925,-13.853604656102636,-18.88151052084166,1.8463376313248876,0.5224664968549281,-0.2963055147243168,-1.6399263158137989,-1.0586631879561192,1.3062447002239186,0.5056818181818153,-0.20322941629866792,90.25974025973993,0.43521818400960033,68.07095343680709,11.086474501108649,9.090909090909092,18.403547671840354,9.988913525498893,19.002217294900223,50.77605321507761,26.740576496674056,65.18847006651885,48.93839087741524,39.70066518847007,True,-0.22271811802767605,False,False,True,True,False,True,NORMAL,0.833,NORMAL,RISK_ON,0.15,0.9,0.91,Technology Services,46.4,46.4,46.4,46.4,46.4,80.9,REJECTED,NORMAL,0.833,0.17,0.2125,0.17,0.1275,0.17,39.3,False,False,NORMAL GİRİŞ,⭐,İşlem Açma,0.0,3.0,96.0,0.02554887949189778,0.03125,0.8583284322582763,8.254331631412981,-0.6838138615255673,-1.4973519346821895,74.81900452488686,0.15,True,"Electronic Technology · MU, NVDA, SNDK",0.5660856147677056
2026-09-29,TXT,77.25,77.71,76.1,77.63,1955562.0,0.33604400179427785,151810278.06,138052569.56886292,1.0253441518436472,1.7114273725237166,-6.514932562620435,-15.371198081325643,0.9884997597027897,0.5740598844513556,0.6096107271564651,0.011968779760275468,-1.1169595749510706,1.4294676082198263,0.6015527950310559,-0.2186373150432816,95.03105590062123,0.5587621198219539,71.3968957871397,44.789356984478935,15.521064301552107,69.84478935698448,28.691796008869183,53.13747228381375,49.844789356984485,73.39246119733924,3.1042128603104215,58.79800581179161,48.94456762749445,True,-0.22271811802767605,False,False,True,True,False,True,NORMAL,0.833,NORMAL,RISK_ON,0.15,0.9,0.91,Electronic Technology,46.2,46.2,46.2,46.2,46.2,80.9,REJECTED,NORMAL,0.833,0.17,0.2125,0.17,0.1275,0.17,46.2,False,False,NORMAL GİRİŞ,⭐,İşlem Açma,0.0,1.0,13.0,-0.16992272122615265,0.0,0.37715172055692303,-3.842508601358297,0.8143632869221928,-0.09563778060195371,24.915158371040725,0.15,True,"Electronic Technology · BA, GE, HWM",0.5746934697507937
2026-09-29,CNP,36.54,37.055,36.37,36.94,5441385.0,0.87384237424597,201004761.89999998,243692222.02334595,0.8239242122094476,0.6096424756731308,-5.861365953109088,-16.12170753860127,0.9363800380650257,0.38774159531762054,-0.5167231887653237,0.5710669032819526,0.26322375797128583,1.3729379653747389,0.6281021897810175,-0.19094163900118957,83.21167883211655,1.096560492273646,81.81818181818183,48.11529933481153,13.747228381374724,35.033259423503324,29.212860310421288,65.42128603104211,52.23946784922395,33.52549889135255,23.503325942350333,58.84999271691454,33.066518847006655,True,-0.22271811802767605,False,False,True,True,False,True,NORMAL,0.833,NORMAL,RISK_ON,0.15,0.9,0.91,Utilities,46.1,46.1,46.1,46.1,46.1,80.9,REJECTED,NORMAL,0.833,0.17,0.2125,0.17,0.1275,0.17,46.7,False,False,NORMAL GİRİŞ,⭐,İşlem Açma,0.0,16.0,99.0,-0.17851639791542123,0.020202020202020204,0.019313729597758567,-0.5542398222371903,-0.9110188387646212,2.1778056221630204,34.63800904977376,0.15,True,"WMT, COST, BRK-B",0.5604479777910125
2026-09-29,ALLE,155.33,156.62,154.115,155.43,1202080.0,0.032176030130259825,186839294.4,159281175.22546387,0.8578228306983083,2.884641026088169,-1.3017526035051907,10.63420884048687,1.288590009277986,0.5835034283030899,0.04753604051490141,-0.16625423004711398,-1.2942808567721553,0.16187249787973726,0.04540918163672561,-0.09204385705031626,52.49500998003992,0.2548941481579359,60.97560975609756,71.84035476718404,80.26607538802661,43.23725055432372,76.47450110864744,38.75831485587583,53.747228381374725,48.115299334811525,5.986696230598669,62.074334700886475,51.17960088691796,True,-0.22271811802767605,False,False,True,True,False,True,NORMAL,0.833,NORMAL,RISK_ON,0.15,0.9,0.91,Consumer Durables,46.0,46.0,46.0,46.0,46.0,80.9,REJECTED,NORMAL,0.833,0.17,0.2125,0.17,0.1275,0.17,38.6,False,False,NORMAL GİRİŞ,⭐,İşlem Açma,0.0,5.0,47.0,-0.09611548836367505,0.06382978723404255,0.3392823562719416,1.8889759365361414,2.134588902159207,-6.630259510701119,56.90045248868779,0.15,True,"HD, DE, F",0.5979065052427038
2026-09-29,NXPI,237.58,239.83,235.11,236.47,2439223.0,0.06347015535399514,576803062.81,735629905.2314758,0.6691767875317892,7.998571036202567,5.765274174792023,-15.855958438600847,2.4986033566740025,1.0904370939789487,-1.097672102718302,-1.044660826548579,-1.6097072156141996,-0.5056140018947916,-0.33887711864407255,0.1463934174283843,28.813559322033594,0.2861882733816712,62.3059866962306,87.13968957871397,14.412416851441243,13.747228381374724,47.13968957871397,9.645232815964523,66.78492239467849,11.973392461197339,74.27937915742794,45.84809650870004,57.674057649667404,True,-0.22271811802767605,False,False,True,True,False,True,NORMAL,0.833,NORMAL,RISK_ON,0.15,0.9,0.91,Electronic Technology,46.0,46.0,46.0,46.0,46.0,80.9,REJECTED,NORMAL,0.833,0.17,0.2125,0.17,0.1275,0.17,40.2,False,False,NORMAL GİRİŞ,⭐,İşlem Açma,0.0,3.0,96.0,0.02554887949189778,0.03125,0.8583284322582763,8.254331631412981,0.1911652428336852,-2.372331039041442,72.48868778280543,0.15,True,"Electronic Technology · MU, NVDA, SNDK",0.5797875585330095
2026-09-29,WM,205.0,207.23,204.4,207.09,1536751.0,0.3148602746108953,318245764.59000003,470142309.12301636,0.6822378541319369,3.2107139369419633,-5.722480196667579,-7.084529791816219,0.9161515054246325,0.4729874297469049,-0.9599441591059097,0.023253623916459853,-0.5574876717049296,2.063907195189457,0.8279151943462972,-0.1636078324404045,95.05300353356935,0.5375783926385713,70.95343680709534,49.00221729490023,37.91574279379157,15.74279379157428,42.90465631929047,42.45011086474501,62.172949002217294,14.58980044345898,60.75388026607539,59.203748246926786,24.88248337028825,True,-0.22271811802767605,False,False,True,True,False,True,NORMAL,0.833,NORMAL,RISK_ON,0.15,0.9,0.91,Industrial Services,45.1,45.1,45.1,45.1,45.1,80.9,REJECTED,NORMAL,0.833,0.17,0.2125,0.17,0.1275,0.17,46.5,True,False,NORMAL GİRİŞ,⭐,İşlem Açma,0.0,16.0,99.0,-0.17851639791542123,0.020202020202020204,0.019313729597758567,-0.5542398222371903,1.2091170470312385,0.05766973636716077,28.959276018099548,0.15,True,"WMT, COST, BRK-B",0.5760154058443736
2026-09-29,HWM,228.66,232.3,228.0,230.94,1855169.0,1.1475090188048265,428432728.86,736946308.5403748,0.4534790037570552,5.688570077078684,-12.803473664338316,-14.103994644052676,2.925861106635113,1.0653091333706222,-0.6260554788419999,-0.517102492816203,0.2138131871429725,0.9185448812814654,0.44069767441860164,-0.07984254756429095,68.37209302325557,1.3702271368325025,86.0310421286031,13.303769401330376,17.516629711751662,0.8869179600886918,15.620842572062084,43.30376940133037,63.94678492239468,11.796008869179602,74.50110864745011,56.22412726241424,58.98447893569845,True,-0.22271811802767605,False,False,True,True,False,True,NORMAL,0.833,NORMAL,RISK_ON,0.15,0.9,0.91,Electronic Technology,45.0,45.0,45.0,45.0,45.0,80.9,REJECTED,NORMAL,0.833,0.17,0.2125,0.17,0.1275,0.17,49.4,True,False,🎯 UYGUN GİRİŞ BÖLGESİ,⭐,İşlem Açma,0.0,1.0,13.0,-0.16992272122615265,0.0,0.37715172055692303,-3.842508601358297,3.6114045096153236,-2.8926790032950844,19.64366515837104,0.15,True,"Electronic Technology · BA, GE, HWM",0.5938378958131926
2026-09-29,CTVA,77.0,78.47,76.5,77.87,3633716.0,0.16722683277954342,282957464.92,385511799.0,0.7333662304269861,2.3100001961844305,-7.187127532777115,-8.052898807415277,1.624714314073904,0.6178823834392759,-0.39362827994497607,-0.19690584957783036,-1.1513110343604966,0.8671790637221124,0.41370558375634936,-0.12369814157675556,69.54314720812211,0.38994495080721947,66.29711751662971,41.46341463414634,35.033259423503324,22.394678492239468,37.92682926829268,33.614190687361415,57.11751662971176,27.804878048780488,49.00221729490023,53.78690895584547,46.37028824833703,True,-0.22271811802767605,False,False,True,True,False,True,NORMAL,0.833,NORMAL,RISK_ON,0.15,0.9,0.91,Process Industries,44.3,44.3,44.3,44.3,44.3,80.9,REJECTED,NORMAL,0.833,0.17,0.2125,0.17,0.1275,0.17,42.6,False,False,NORMAL GİRİŞ,⭐,İşlem Açma,0.0,15.0,27.0,-0.13266678729271986,0.0,-0.8276815529380088,-3.09583284340259,-0.734229516842333,4.737836191423339,42.505656108597286,0.15,True,"Energy Minerals · XOM, CVX, VLO",0.5515770910892211
2026-09-29,PCAR,111.71,112.41,110.85,111.8,2805673.0,0.1343470417117132,313674241.4,331844311.31051636,0.8048356004842199,2.756427939278739,-10.80261688208074,-6.926406926406936,1.132873171568286,0.5334358707194371,-0.2250137723043945,-1.4255062628138533,-1.0252511273408653,0.5019571283508976,0.1458333333333353,-0.15406344110853257,60.89743589743599,0.35706515973938924,64.96674057649668,21.729490022172946,38.35920177383592,32.37250554323725,30.875831485587582,23.5920177383592,48.29268292682927,36.629711751662974,43.01552106430155,52.23275911080789,38.168514412416854,True,-0.22271811802767605,False,False,True,True,False,True,NORMAL,0.833,NORMAL,RISK_ON,0.15,0.9,0.91,Producer Manufacturing,44.2,44.2,44.2,44.2,44.2,80.9,REJECTED,NORMAL,0.833,0.17,0.2125,0.17,0.1275,0.17,37.5,False,False,NORMAL GİRİŞ,⭐,İşlem Açma,0.0,5.0,47.0,-0.09611548836367505,0.06382978723404255,0.3392823562719416,1.8889759365361414,-0.6704880658358614,-3.825182542706051,62.036199095022624,0.15,True,"HD, DE, F",0.6068908143501275
2026-09-29,KVUE,17.74,17.93,17.7001,17.91,19194868.0,0.1677899364739721,343780085.88,409555145.1201439,0.7160197607145848,0.28377843736921043,-6.572769953051649,-6.279434850863419,1.1787321150544177,0.5039916760385033,-0.12879350775621196,-0.5704327625107407,-0.9443852860585968,1.441244480315809,0.7870595911265815,-0.1575860572069051,91.30056546324509,0.39050805450164816,66.51884700665188,44.345898004434595,40.35476718403548,19.955654101995567,42.15077605321508,32.3059866962306,58.98004434589801,30.509977827051003,51.88470066518847,57.225400227034044,32.16186252771619,True,-0.22271811802767605,False,False,True,True,False,True,NORMAL,0.833,NORMAL,RISK_ON,0.15,0.9,0.91,Consumer Non-Durables,43.6,43.6,43.6,43.6,43.6,80.9,REJECTED,NORMAL,0.833,0.17,0.2125,0.17,0.1275,0.17,43.9,True,False,NORMAL GİRİŞ,⭐,İşlem Açma,0.0,16.0,99.0,-0.17851639791542123,0.020202020202020204,0.019313729597758567,-0.5542398222371903,1.7731562196340978,-0.5063694362356985,27.036199095022624,0.15,True,"WMT, COST, BRK-B",0.574261157571249
2026-09-29,GDDY,93.8,94.62,91.84,94.06,2201704.0,0.37349367084278384,207092278.24,202643396.20391846,0.8125583343636226,5.385856170654297,-3.7256908904810704,10.815268614514629,3.9904893363831824,0.9120742329778675,0.2851755628025754,-1.1432045116565779,-1.287370806154709,0.5086681374300124,0.3705035971223022,-0.04121894253024701,79.8561151079136,0.5962117888704599,72.72727272727273,60.97560975609756,80.70953436807096,33.92461197339246,71.82926829268294,25.12195121951219,65.01108647450111,47.40576496674058,14.634146341463413,69.89581106733239,72.16407982261642,True,-0.22271811802767605,False,False,True,True,False,True,NORMAL,0.833,NORMAL,RISK_ON,0.15,0.9,0.91,Technology Services,44.5,43.2,43.2,43.2,43.2,80.9,REJECTED,NORMAL,0.833,0.17,0.2125,0.17,0.1275,0.17,39.4,False,False,NORMAL GİRİŞ,⭐,İşlem Açma,0.0,11.0,54.0,-0.1644316755552538,0.0,-1.5237123163531487,-6.819868411692198,-1.218653426098931,0.8383892180038877,30.67873303167421,0.15,True,"Technology Services · CRM, NFLX, NOW",0.5989722304099405
2026-09-29,AFL,112.75,113.69,112.17,113.66,1510022.0,0.09687093376127276,171629100.51999998,223010719.7372589,0.6558170340563864,1.7942856052943637,-2.4545142464812875,-3.061833688699367,0.803260923877733,0.5288620939698135,-0.9150376037346533,-0.08318379116633659,-1.0399315190083824,1.736999532660174,0.7976973684210515,0.013927138464211812,98.0263157894736,0.3195890517889488,64.07982261640798,67.62749445676275,50.110864745011085,11.30820399113082,57.99334811529934,32.12860310421286,84.03547671840354,12.638580931263858,19.290465631929045,61.488884350565996,33.60310421286031,True,-0.22271811802767605,False,False,True,True,False,True,NORMAL,0.833,NORMAL,RISK_ON,0.15,0.9,0.91,Finance,42.9,42.9,42.9,42.9,42.9,80.9,REJECTED,NORMAL,0.833,0.17,0.2125,0.17,0.1275,0.17,41.2,False,False,NORMAL GİRİŞ,⭐,İşlem Açma,0.0,16.0,99.0,-0.17851639791542123,0.020202020202020204,0.019313729597758567,-0.5542398222371903,0.672961431919672,0.5938253514787273,30.339366515837106,0.15,True,"WMT, COST, BRK-B",0.5791543889393256
2026-09-29,FLEX,115.45,115.71,111.53,113.83,2159132.0,0.6988668418916655,245773995.56,328796299.9519348,0.6451689244206459,5.4949994550432475,3.013574660633478,-29.764916394150674,2.9717616112348284,1.7554808435648035,-1.268082895025229,-0.18137013508897054,-0.7578791667597393,-0.04061571106687314,-0.11913875598086172,-0.04996390883057407,55.023923444976106,0.9215849599193415,78.93569844789357,82.48337028824834,1.9955654101995564,9.977827050997783,38.21507760532151,33.93569844789357,56.89578713968959,8.470066518847007,42.12860310421286,51.83166063718053,73.49889135254989,True,-0.22271811802767605,False,False,True,True,False,True,NORMAL,0.833,NORMAL,RISK_ON,0.15,0.9,0.91,Electronic Technology,44.4,42.8,42.8,42.8,42.8,80.9,REJECTED,NORMAL,0.833,0.17,0.2125,0.17,0.1275,0.17,37.4,False,False,NORMAL GİRİŞ,⭐,İşlem Açma,0.0,3.0,96.0,0.02554887949189778,0.03125,0.8583284322582763,8.254331631412981,0.11247111313995029,-2.293636909347707,72.62443438914026,0.15,True,"Electronic Technology · MU, NVDA, SNDK",0.6140802092576433
2026-09-29,UNP,272.81,274.92,272.01,274.15,1839089.0,0.01823929054034501,504186249.34999996,560286883.1461182,0.7344956627314408,4.774280831473216,-10.819426824111133,0.7904411764705799,1.2153571836164156,0.4415591005892966,-0.9007531961844798,-0.8632620814049182,-1.2089195878781003,1.1254236144564755,0.46615120274912314,-0.18303634667023758,73.53951890034254,0.24095740856802106,60.532150776053214,21.507760532150776,60.75388026607539,22.838137472283815,43.09312638580932,17.926829268292686,51.17516629711752,19.733924611973393,68.51441241685144,55.41714479469057,26.649667405764966,True,-0.22271811802767605,False,False,True,True,False,True,NORMAL,0.833,NORMAL,RISK_ON,0.15,0.9,0.91,Transportation,42.6,42.6,42.6,42.6,42.6,80.9,REJECTED,NORMAL,0.833,0.17,0.2125,0.17,0.1275,0.17,38.4,True,False,NORMAL GİRİŞ,⭐,İşlem Açma,0.0,4.0,10.0,-0.11283149649648719,0.1,1.3059074668034854,-3.863498233483014,0.11186063532901414,0.0,47.92986425339367,0.15,True,"Transportation · UNP, FDX, CSX",0.5637670972025564
2026-09-29,ATO,156.08,157.99,155.635,157.6,921473.0,0.3502049904837712,145224144.79999998,160108457.8765869,0.8902647685388699,2.1632170322963185,-5.430543054305437,-8.515702095547695,0.7050886680531845,0.36459443325865537,-0.2892776194932421,0.4937648941812,-0.6187197099317827,1.530425696336994,0.6582802547770589,-0.2609530954495574,83.43949044585938,0.5729231085114472,71.84035476718404,50.99778270509978,32.59423503325942,48.33702882483371,40.87583148558758,56.87361419068736,45.49889135254989,44.8780487804878,6.430155210643015,59.03241911110479,36.44345898004434,True,-0.22271811802767605,False,False,True,True,False,True,NORMAL,0.833,NORMAL,RISK_ON,0.15,0.9,0.91,Utilities,41.9,41.9,41.9,41.9,41.9,80.9,REJECTED,NORMAL,0.833,0.17,0.2125,0.17,0.1275,0.17,41.0,False,False,NORMAL GİRİŞ,⭐,İşlem Açma,0.0,16.0,99.0,-0.17851639791542123,0.020202020202020204,0.019313729597758567,-0.5542398222371903,1.65845400610245,-0.39166722270405074,27.488687782805428,0.15,True,"WMT, COST, BRK-B",0.5540631985553205
2026-09-29,TSN,50.7,51.29,50.5,50.98,3242924.0,0.05887975782399302,165324265.51999998,173710271.900177,0.8277949583221125,1.0192864990234374,-7.978339350180508,-10.95196506550219,1.85535333898351,0.7674853996001135,0.15995086959556967,-0.3013016487441826,-1.1548880434436164,0.9305583127823664,0.27784810126581594,-0.13353788493143337,60.759493670885746,0.28159787585166907,62.08425720620843,36.36363636363637,27.494456762749447,36.14190687361419,31.485587583148565,38.88026607538803,56.36363636363636,46.16407982261641,8.869179600886918,50.5371467063347,64.74722838137473,True,-0.22271811802767605,False,False,True,True,False,True,NORMAL,0.833,NORMAL,RISK_ON,0.15,0.9,0.91,Consumer Non-Durables,41.1,41.1,41.1,41.1,41.1,80.9,REJECTED,NORMAL,0.833,0.17,0.2125,0.17,0.1275,0.17,39.6,False,False,NORMAL GİRİŞ,⭐,İşlem Açma,0.0,16.0,99.0,-0.17851639791542123,0.020202020202020204,0.019313729597758567,-0.5542398222371903,-0.1277907357098318,1.394577519108231,32.71493212669684,0.15,True,"WMT, COST, BRK-B",0.5737958223094328
2026-09-29,PSA,283.08,286.66,282.74,285.58,823770.0,0.27739437177392023,235252236.6,236146411.35419923,0.8924193592069983,5.540003226143974,-8.908806736627229,-10.282429078571209,1.1719695609516456,0.39691419676216755,-0.2382052995985148,-0.828537152949032,-0.9485486191520492,1.2040231813345448,0.53392857142856,-0.22378539870159372,72.44897959183581,0.5001124898015963,70.06651884700665,29.933481152993345,28.159645232815965,49.2239467849224,28.95787139689579,32.77161862527716,46.34146341463415,46.56319290465632,21.951219512195124,55.45110638490421,37.58314855875832,True,-0.22271811802767605,False,False,True,True,False,True,NORMAL,0.833,NORMAL,RISK_ON,0.15,0.9,0.91,Finance,40.4,40.4,40.4,40.4,40.4,80.9,REJECTED,NORMAL,0.833,0.17,0.2125,0.17,0.1275,0.17,37.4,False,False,NORMAL GİRİŞ,⭐,İşlem Açma,0.0,16.0,99.0,-0.17851639791542123,0.020202020202020204,0.019313729597758567,-0.5542398222371903,0.06764385235502601,1.1991429310433732,32.01357466063348,0.15,True,"WMT, COST, BRK-B",0.5616583077797949
2026-09-29,ROK,433.9,434.71,427.7,431.53,356761.0,0.07188877566424168,153953074.32999998,277885924.3423462,0.494145919180027,10.49142822265625,0.15550294759316685,-12.836309283348147,1.2568800927838806,0.7498175124015816,-2.253593665453489,-0.7893713675685258,-1.460329968719866,-0.12434010050267458,-0.10114122681883243,0.07097971174937369,54.6362339514977,0.2946068936919177,62.97117516629712,75.83148558758315,20.17738359201774,1.3303769401330376,45.22172949002218,9.467849223946784,67.53880266075387,0.8869179600886918,30.376940133037696,48.23635066787704,49.075388026607534,True,-0.22271811802767605,False,False,True,True,False,True,NORMAL,0.833,NORMAL,RISK_ON,0.15,0.9,0.91,Producer Manufacturing,38.6,38.6,38.6,38.6,38.6,80.9,REJECTED,NORMAL,0.833,0.17,0.2125,0.17,0.1275,0.17,29.4,False,False,NORMAL GİRİŞ,⭐,İşlem Açma,0.0,3.0,96.0,0.02554887949189778,0.03125,0.8583284322582763,8.254331631412981,1.6701305438817704,-3.8512963400895273,69.63800904977376,0.15,True,"Electronic Technology · MU, NVDA, SNDK",0.5563184289391176
2026-09-29,ALB,107.93,108.0,106.05,107.62,1782610.0,0.21417321134069578,191844488.20000002,275934460.98594666,0.6643659097897081,4.464999825613839,-21.65113570180548,-20.299192771976593,2.920031164695125,1.4180597565039048,-0.6539388128264771,-2.4314564195629305,-1.3591569541771935,0.7420536813810412,0.2641025641025666,-0.15130588225767783,80.51282051282077,0.43689132936837183,68.29268292682927,2.882483370288248,7.982261640798225,12.416851441241686,5.687361419068736,8.924611973392462,52.28381374722838,18.181818181818183,29.711751662971174,47.019131275228865,75.8070953436807,True,-0.22271811802767605,False,False,True,True,False,True,NORMAL,0.833,NORMAL,RISK_ON,0.15,0.9,0.91,Process Industries,40.2,38.2,38.2,38.2,38.2,80.9,REJECTED,NORMAL,0.833,0.17,0.2125,0.17,0.1275,0.17,27.9,False,False,NORMAL GİRİŞ,⭐,İşlem Açma,0.0,3.0,96.0,0.02554887949189778,0.03125,0.8583284322582763,8.254331631412981,-7.20540171175052,5.0242359155427625,84.52488687782805,0.15,True,"Electronic Technology · MU, NVDA, SNDK",0.6113467271757315
2026-09-29,SYF,71.7,72.0,71.19,71.72,2518767.0,0.2796467649904155,180645969.24,200452293.75613403,0.839256095082284,2.024357561383929,-8.110185778347212,-5.693622616699534,1.6002430256263256,0.770912387304486,-0.7369999758488432,-2.021777915218046,-1.0261728324075967,0.3267809439845383,0.1808641975308615,-0.1291997015288366,65.43209876543206,0.5023648830180916,70.28824833702882,35.47671840354767,42.793791574279375,38.35920177383592,39.50110864745011,17.971175166297115,49.3569844789357,31.973392461197342,14.19068736141907,57.31371985437026,62.15742793791574,True,-0.22271811802767605,False,False,True,True,False,True,NORMAL,0.833,NORMAL,RISK_ON,0.15,0.9,0.91,Finance,36.5,36.5,36.5,36.5,36.5,80.9,REJECTED,NORMAL,0.833,0.17,0.2125,0.17,0.1275,0.17,29.4,False,False,NORMAL GİRİŞ,⭐,İşlem Açma,0.0,2.0,31.0,-0.11193454029395906,0.0,-0.6972418013568848,-2.61135578253694,0.9024829745636231,-0.8991300256934065,39.64366515837104,0.15,True,"Finance · JPM, BAC, GS",0.5827160880275979
2026-09-29,KMB,98.24,99.0099,97.5,98.99,2700365.0,0.22274310459746705,267309131.35,371539016.2293701,0.5650711841140201,1.8149935110909599,-9.639434048379735,-9.820533843490942,1.4097438409647778,0.6013242902963801,-0.736386853020978,-0.461889946685324,-1.0074628126636986,1.4915268196449953,0.7590270878866098,-0.2341841834149573,98.68203192264343,0.4454612226251431,68.95787139689578,26.607538802660752,28.824833702882486,3.325942350332594,27.827050997782706,26.263858093126387,47.71618625277162,11.042128603104214,47.45011086474501,53.10988833638851,44.614190687361415,True,-0.22271811802767605,False,False,True,True,False,True,NORMAL,0.833,NORMAL,RISK_ON,0.15,0.9,0.91,Consumer Non-Durables,35.7,35.7,35.7,35.7,35.7,80.9,REJECTED,NORMAL,0.833,0.17,0.2125,0.17,0.1275,0.17,33.9,False,False,NORMAL GİRİŞ,⭐,İşlem Açma,0.0,16.0,99.0,-0.17851639791542123,0.020202020202020204,0.019313729597758567,-0.5542398222371903,1.5740823435396178,-0.3072955601412186,27.737556561085974,0.15,True,"WMT, COST, BRK-B",0.5754098753053805
2026-09-29,WDAY,187.1,189.34,185.0,189.17,1806977.0,0.3022236893096997,341825839.09,417396490.05584717,0.649490590892998,6.793570643833705,-7.595740523642059,54.52540434569513,2.7706569025859875,1.0086389171503296,-1.4200004628858136,-0.6966319886599361,-1.1343797502341326,1.2512954150913231,0.7215437788018385,-0.22670550334731263,96.08294930875539,0.5249418073373757,70.73170731707317,37.91574279379157,98.89135254988913,10.864745011086473,71.45232815964525,16.94013303769401,46.563192904656326,7.93791574279379,52.328159645232816,69.15929271358064,66.34146341463415,True,-0.22271811802767605,False,False,True,True,False,True,NORMAL,0.833,NORMAL,RISK_ON,0.15,0.9,0.91,Technology Services,35.6,35.4,35.4,35.4,35.4,80.9,REJECTED,NORMAL,0.833,0.17,0.2125,0.17,0.1275,0.17,31.1,True,False,NORMAL GİRİŞ,⭐,İşlem Açma,0.0,11.0,54.0,-0.1644316755552538,0.0,-1.5237123163531487,-6.819868411692198,3.5356218118680784,-3.915886019963122,20.61085972850679,0.15,True,"Technology Services · CRM, NFLX, NOW",0.602606163957114
2026-09-29,IT,184.1,186.94,180.68,185.85,787396.0,0.06461221946991724,146337546.6,169586432.61413574,0.7285172369127144,7.940001743861607,-6.320883109027664,43.380651134084246,3.8700492509452893,1.0385098936594233,-1.3170683706141788,-0.40946573883090426,-1.2293927492587675,0.8003350560319875,0.4842651757188492,-0.1030983309202207,82.58785942492005,0.2873303374975933,62.52771618625277,45.8980044345898,97.5609756097561,21.507760532150776,74.31263858093126,22.1840354767184,59.15742793791574,14.944567627494457,7.5388026607538805,66.52818727286893,77.60310421286032,True,-0.22271811802767605,False,False,True,True,False,True,NORMAL,0.833,NORMAL,RISK_ON,0.15,0.9,0.91,Technology Services,34.0,31.7,31.7,31.7,31.7,80.9,REJECTED,NORMAL,0.833,0.17,0.2125,0.17,0.1275,0.17,28.9,False,False,NORMAL GİRİŞ,⭐,İşlem Açma,0.0,11.0,54.0,-0.1644316755552538,0.0,-1.5237123163531487,-6.819868411692198,7.008258457435196,-7.388522665530239,18.64253393665158,0.15,True,"Technology Services · CRM, NFLX, NOW",0.5806015176738252
2026-09-29,ORCL,132.79,143.6699,132.53,137.79,45709703.0,3.9140223662077034,6298339976.37,4551547668.3532715,1.3339281623509973,7.69928031529018,-8.657606894265824,-5.977482088024577,3.4303977021097416,2.228937941425401,1.0633994511773261,1.3855031712290276,-0.1290005990688097,0.46596011041472557,0.17137092792574277,-0.22057190157602524,47.2176590454132,4.136740484235379,97.78270509977827,31.48558758314856,41.68514412416852,90.68736141906874,37.09534368070954,85.8869179600887,37.649667405764966,88.91352549889135,96.89578713968959,71.51999206862114,65.65188470066519,True,-0.22271811802767605,False,False,True,False,False,False,NORMAL,0.833,NORMAL,RISK_ON,0.15,0.9,0.91,Technology Services,74.9,74.8,74.8,74.8,0.0,80.9,REJECTED,NORMAL,0.833,0.17,0.2125,0.17,0.1275,0.17,74.2,True,True,🎯 UYGUN GİRİŞ BÖLGESİ,⭐,İşlem Açma,0.0,3.0,96.0,0.02554887949189778,0.03125,0.8583284322582763,8.254331631412981,-6.99326145732207,4.812095661114313,84.41176470588235,0.15,False,"Electronic Technology · MU, NVDA, SNDK",
2026-09-29,CCL,24.39,25.29,24.0,25.11,75495630.0,13.414637272935902,1895695269.3,479698148.5,3.22358683436551,0.9249999891008649,1.4135702746365109,-12.11060553027652,3.429553594509098,1.8415260943895195,5.086171919653912,4.686899368267335,1.6123970027973684,1.8219541545226736,0.647674418604651,-0.18338534353078081,86.04651162790698,13.637355390963577,100.0,79.82261640798227,23.28159645232816,99.77827050997783,48.72505543237251,99.45676274944567,57.4279379157428,99.77827050997783,62.08425720620843,77.69001701644925,69.42350332594233,True,-0.22271811802767605,False,False,True,True,True,False,NORMAL,0.833,NORMAL,RISK_ON,0.15,0.9,0.91,Consumer Services,75.4,74.6,74.6,74.6,0.0,80.9,REJECTED,NORMAL,0.833,0.17,0.2125,0.17,0.1275,0.17,79.4,True,True,⚠️ UZAMIŞ HAREKET,⭐,İşlem Açma,0.0,5.0,47.0,-0.09611548836367505,0.06382978723404255,0.3392823562719416,1.8889759365361414,13.875207204779349,-18.37087781332126,54.366515837104075,0.15,False,"HD, DE, F",
2026-09-29,BMY,63.58,63.89,61.95,62.86,15839410.0,-1.5967455401693087,995665312.6,608493213.2910614,1.4330974605906137,1.2928568594796315,-5.587263442475221,9.094064560916348,1.289873363053813,0.574852502020391,1.1566182230401463,1.460019097027132,-0.3065819309296779,-0.35001680691796605,-0.2010309278350528,0.057737696907101926,46.90721649484524,-1.3740274221416326,9.312638580931264,49.667405764966745,77.38359201773835,93.34811529933481,64.91130820399113,84.06873614190687,63.68070953436806,91.0421286031042,70.28824833702882,42.68296111733375,32.69623059866963,True,-0.22271811802767605,False,False,False,True,False,False,NORMAL,0.833,NORMAL,RISK_ON,0.15,0.9,0.91,Health Technology,72.2,72.2,72.2,72.2,0.0,80.9,REJECTED,NORMAL,0.833,0.17,0.2125,0.17,0.1275,0.17,76.6,False,False,NORMAL GİRİŞ,⭐,İşlem Açma,0.0,6.0,25.0,0.03811842104059654,0.12,3.005418467305465,7.571076560583823,-0.5129806195365072,0.25839241814271663,84.75113122171945,0.15,True,"Health Technology · LLY, JNJ, TMO",
2026-09-29,CVNA,62.53,64.69,61.95,63.62,10170095.0,5.209192518121553,647021443.9,440164567.1430664,1.4226983313177464,3.1517855398995533,-14.073473797947067,-3.3424491036159187,3.025923562980929,1.1917148493437877,0.5642335834171336,1.2436109878351405,1.0481618541060884,0.5223854803546998,0.29945255474452437,-0.2110207070899122,60.94890510948897,5.431910636149229,99.1130820399113,10.643015521064301,49.2239467849224,92.90465631929047,31.862527716186257,90.9090909090909,40.0,86.87361419068736,56.76274944567628,74.55608785019501,70.10421286031043,True,-0.22271811802767605,False,False,True,False,False,False,NORMAL,0.833,NORMAL,RISK_ON,0.15,0.9,0.91,Retail Trade,70.3,69.4,69.4,69.4,0.0,80.9,REJECTED,NORMAL,0.833,0.17,0.2125,0.17,0.1275,0.17,68.0,True,True,NORMAL GİRİŞ,⭐,İşlem Açma,0.0,3.0,96.0,0.02554887949189778,0.03125,0.8583284322582763,8.254331631412981,-2.067525071077031,-0.11364072513072587,77.80542986425338,0.15,False,"Electronic Technology · MU, NVDA, SNDK",
2026-09-29,REGN,745.85,752.47,741.829,750.51,804336.0,-0.2313060817547341,603662211.36,481091229.2114258,1.1024039911186645,19.202920724051346,-5.4999433384958385,20.36276742470411,1.9498137700644458,0.7436454389397303,0.43984618010159765,-1.5340765368478146,-1.1591561844827607,0.9089328069054669,0.54445540832628,-0.022061739639953913,81.58067850765885,-0.008587963727058057,49.44567627494457,50.110864745011085,91.13082039911308,77.60532150776052,72.67184035476718,32.993348115299334,71.44124168514412,75.83148558758315,62.52771618625277,66.25008558912509,48.09534368070953,True,-0.22271811802767605,False,False,False,True,False,False,NORMAL,0.833,NORMAL,RISK_ON,0.15,0.9,0.91,Health Technology,66.9,66.9,66.9,66.9,0.0,80.9,REJECTED,NORMAL,0.833,0.17,0.2125,0.17,0.1275,0.17,59.0,False,False,NORMAL GİRİŞ,⭐,İşlem Açma,0.0,6.0,25.0,0.03811842104059654,0.12,3.005418467305465,7.571076560583823,-8.134276438646049,7.8796882372522585,93.19004524886878,0.15,True,"Health Technology · LLY, JNJ, TMO",
2026-09-29,URI,1044.44,1044.61,973.29,1014.54,1125834.0,-2.8143959985935108,1142203626.36,449562962.5427246,2.617914196023718,30.737142857142853,-1.5248726037369598,-10.446733575192656,1.9062588744090023,0.6899299891062644,3.6055496711394817,2.5057149677176884,-0.34302261071843615,-0.035245787682957254,-0.10243970835670238,0.033745606943407225,57.8379136287157,-2.5916778805658347,2.2172949002217295,71.17516629711751,27.716186252771617,99.55654101995566,47.27272727272727,87.84922394678493,65.7649667405765,99.46784922394679,58.536585365853654,32.19842550921304,47.65631929046563,True,-0.22271811802767605,False,False,False,True,False,False,NORMAL,0.833,NORMAL,RISK_ON,0.15,0.9,0.91,Finance,66.9,66.9,66.9,66.9,0.0,80.9,REJECTED,NORMAL,0.833,0.17,0.2125,0.17,0.1275,0.17,77.7,False,False,NORMAL GİRİŞ,⭐,İşlem Açma,0.0,4.0,10.0,-0.11283149649648719,0.1,1.3059074668034854,-3.863498233483014,-2.525790547476708,2.6376511828057225,54.61538461538462,0.15,True,"Transportation · UNP, FDX, CSX",
2026-09-29,GILD,150.18,152.625,148.785,151.28,5322556.0,-0.6110023473131165,805196271.68,774128844.8905945,0.893643070372497,3.4585715593610495,3.844041735310255,19.740383093240467,1.2870460483641724,0.703825792377063,-0.4221782284315914,0.5142699597573704,-0.685429016406779,0.2558449477034651,0.2936197916666666,0.1280379332656466,64.9739583333334,-0.3882842292854405,33.92461197339246,84.70066518847007,90.02217294900223,49.889135254988915,87.62749445676276,55.2549889135255,76.14190687361419,43.85809312638581,76.71840354767184,56.63265082224687,34.09534368070953,True,-0.22271811802767605,False,False,False,True,False,False,NORMAL,0.833,NORMAL,RISK_ON,0.15,0.9,0.91,Health Technology,65.8,65.8,65.8,65.8,0.0,80.9,REJECTED,NORMAL,0.833,0.17,0.2125,0.17,0.1275,0.17,63.5,False,False,NORMAL GİRİŞ,⭐,İşlem Açma,0.0,6.0,25.0,0.03811842104059654,0.12,3.005418467305465,7.571076560583823,-2.403359580111808,2.1487713787180174,89.18552036199094,0.15,True,"Health Technology · LLY, JNJ, TMO",
2026-09-29,WMT,107.75,107.9,105.352,106.8,27274869.0,-1.775042120248882,2912956009.2,2269425401.0,1.207052094671398,2.037001286097935,3.5987971675235153,-5.703690623344526,1.3056040278459828,0.3911616640425064,0.632761147070927,1.6845710075535876,0.5872395656792658,-0.22295939644014157,-0.0926609105180571,-0.00393747481033188,56.828885400313666,-1.552324002221206,7.982261640798225,84.25720620842571,42.350332594235034,85.80931263858092,61.208425720620845,90.32150776053214,59.467849223946786,83.41463414634146,93.34811529933481,36.276014925840684,18.128603104212864,True,-0.22271811802767605,False,False,False,True,False,False,NORMAL,0.833,NORMAL,RISK_ON,0.15,0.9,0.91,Retail Trade,65.7,65.7,65.7,65.7,0.0,80.9,REJECTED,NORMAL,0.833,0.17,0.2125,0.17,0.1275,0.17,80.3,False,False,NORMAL GİRİŞ,⭐,İşlem Açma,0.0,16.0,99.0,-0.17851639791542123,0.020202020202020204,0.019313729597758567,-0.5542398222371903,-1.5216908236888371,2.7884776070872364,36.15384615384616,0.15,True,"WMT, COST, BRK-B",
2026-09-29,MSFT,508.31,513.64,502.4,508.96,21341823.0,-0.05105872119709476,10862134234.08,9530592458.894043,1.0003258984001309,11.734999128069196,-0.8899187973438694,36.44308616159992,1.5520961157957867,0.7626878739408399,-0.5431465686784703,0.20658704168110928,-1.6146452048089344,0.122410555047378,0.11801601423487423,0.10148566458420717,58.36298932384339,0.1716593968305813,55.87583148558758,72.9490022172949,95.78713968957871,65.6319290465632,85.509977827051,39.92239467849224,73.03769401330376,51.44124168514413,98.22616407982262,67.76645414302735,35.536585365853654,True,-0.22271811802767605,False,False,False,True,False,False,NORMAL,0.833,NORMAL,RISK_ON,0.15,0.9,0.91,Technology Services,65.3,65.3,65.3,65.3,0.0,80.9,REJECTED,NORMAL,0.833,0.17,0.2125,0.17,0.1275,0.17,63.8,False,False,NORMAL GİRİŞ,⭐,İşlem Açma,0.0,3.0,96.0,0.02554887949189778,0.03125,0.8583284322582763,8.254331631412981,2.8549929496472224,-5.03615874585498,67.98642533936652,0.15,True,"Electronic Technology · MU, NVDA, SNDK",
2026-09-29,CDNS,321.2,324.25,314.0,324.17,2634014.0,-0.7744144819400778,853868318.38,726823334.1201782,0.9811587967645027,9.864998953683036,-4.765122359646279,-13.628370457209837,2.8952783014123438,0.8999672538415503,0.4920411302639038,0.9962583429956843,-0.7504848187457545,1.396068854190229,0.6718048780487834,-0.07534354955621889,99.2195121951221,-0.5516963639124017,29.046563192904657,54.1019955654102,18.403547671840354,64.07982261640798,34.467849223946786,67.84922394678492,69.80044345898006,68.51441241685144,74.05764966740577,42.58824833702884,53.955654101995556,True,-0.22271811802767605,False,False,False,True,False,False,NORMAL,0.833,NORMAL,RISK_ON,0.15,0.9,0.91,Technology Services,64.6,64.6,64.6,64.6,0.0,80.9,REJECTED,NORMAL,0.833,0.17,0.2125,0.17,0.1275,0.17,69.8,False,False,NORMAL GİRİŞ,⭐,İşlem Açma,0.0,3.0,96.0,0.02554887949189778,0.03125,0.8583284322582763,8.254331631412981,7.6586416060590965,-9.839807402266853,65.88235294117648,0.15,True,"Electronic Technology · MU, NVDA, SNDK",
2026-09-29,MDT,88.83,89.22,86.3801,87.09,19448413.0,-2.692737430167591,1693762288.17,904345710.193634,1.8073288752014245,2.0599923993791855,-4.537980927326535,11.325578422600024,1.3203248073455152,0.7928250302684287,2.6167872728875614,1.491791121279852,-0.09087354918351477,-0.9338177042834166,-0.5507429839078815,-0.18134286838036373,24.997359061938962,-2.470019312139915,2.882483370288248,55.654101995565405,81.59645232815964,96.45232815964523,69.92239467849224,90.0,23.902439024390244,97.16186252771618,81.37472283813747,35.064037458300334,47.026607538802665,True,-0.22271811802767605,False,False,False,False,False,False,NORMAL,0.833,NORMAL,RISK_ON,0.15,0.9,0.91,Health Technology,64.2,64.2,64.2,64.2,0.0,80.9,REJECTED,NORMAL,0.833,0.17,0.2125,0.17,0.1275,0.17,69.9,False,False,NORMAL GİRİŞ,⭐,İşlem Açma,0.0,9.0,19.0,-0.07995966169200827,0.10526315789473684,0.6362234813596768,0.03793591459123569,-3.1779046944397598,1.7389762936695479,73.0316742081448,0.15,False,"Health Technology · BSX, MDT, ISRG",
2026-09-29,VTRS,18.25,18.43,17.865,18.12,13858063.0,-0.8210205473745846,251108101.56,127047287.05496216,1.598576883146845,0.4382144001552038,10.893512851897192,14.10579345088161,1.308217340603999,0.5181978939372527,1.3955757928890817,0.8762955885280893,-0.7054581564417761,-0.38458925008364814,-0.15707964601769425,0.13586330188931245,45.13274336283221,-0.5983024293469086,28.38137472283814,94.01330376940133,84.25720620842571,94.67849223946784,88.64745011086475,75.65410199556541,68.15964523281596,93.43680709534368,2.2172949002217295,55.0720326511391,44.88248337028825,True,-0.22271811802767605,False,False,False,True,False,False,NORMAL,0.833,NORMAL,RISK_ON,0.15,0.9,0.91,Health Technology,64.2,64.2,64.2,64.2,0.0,80.9,REJECTED,NORMAL,0.833,0.17,0.2125,0.17,0.1275,0.17,62.3,False,False,NORMAL GİRİŞ,⭐,İşlem Açma,0.0,6.0,25.0,0.03811842104059654,0.12,3.005418467305465,7.571076560583823,3.978576291542568,-4.233164492936359,75.81447963800905,0.15,True,"Health Technology · LLY, JNJ, TMO",
2026-09-29,WBD,30.85,30.88,30.83,30.85,46827988.0,-0.16181106520236632,1444643429.8,657421988.1697273,1.1077304837202986,0.45714336940220435,7.229753215154688,15.71642910727682,2.5025104309124777,0.569835044748287,1.2436172150428302,-2.463249896908482,-1.0960454085394322,-0.13001774339945615,-0.10999999999993748,0.3228525467315256,40.000000000005684,0.060907052825309727,52.328159645232816,90.02217294900223,85.80931263858092,78.49223946784922,87.70509977827052,35.3880266075388,76.14190687361419,82.8381374722838,71.61862527716187,64.65299334811587,40.215077605321504,True,-0.22271811802767605,False,False,False,True,False,False,NORMAL,0.833,NORMAL,RISK_ON,0.15,0.9,0.91,Consumer Services,63.9,63.9,63.9,63.9,0.0,80.9,REJECTED,NORMAL,0.833,0.17,0.2125,0.17,0.1275,0.17,64.4,False,False,NORMAL GİRİŞ,⭐,İşlem Açma,0.0,7.0,2.0,,,,,,,50.0,0.15,True,"Consumer Services · WBD, PSKY",
2026-09-29,ABBV,265.45,268.93,261.5213,263.29,4004368.0,-1.1228777200705475,1054310050.72,1029728694.86,0.9687209776312304,5.128477437918527,3.0569907624863113,4.62962962962965,1.1083388218488581,0.6107902950624311,-0.6149744729388587,1.546441241552961,0.4375199834476686,-0.8643456039491034,-0.4185909808738322,0.04295605386526242,23.87328411192276,-0.9001596020428715,19.06873614190687,82.92682926829268,69.84478935698448,61.86252771618626,75.73170731707316,75.46563192904657,54.767184035476724,48.470066518847005,82.92682926829268,40.68111998547165,31.751662971175165,True,-0.22271811802767605,False,False,False,True,False,False,NORMAL,0.833,NORMAL,RISK_ON,0.15,0.9,0.91,Health Technology,63.5,63.5,63.5,63.5,0.0,80.9,REJECTED,NORMAL,0.833,0.17,0.2125,0.17,0.1275,0.17,65.3,False,False,NORMAL GİRİŞ,⭐,İşlem Açma,0.0,6.0,25.0,0.03811842104059654,0.12,3.005418467305465,7.571076560583823,-2.2168517016446065,1.962263500250816,88.89140271493211,0.15,True,"Health Technology · LLY, JNJ, TMO",
2026-09-29,SHW,333.74,336.54,327.93,330.44,2223531.0,-0.7061535757028725,734743583.64,525889049.98461914,1.2986814784962721,7.801427525111608,-4.181406947746913,-4.03113382899628,1.4103043182893467,0.8403260128050409,0.8302933024812948,0.480552357275913,-0.854017518499606,-0.5395508510448843,-0.4018002322880392,0.035674362659130376,29.152148664343635,-0.48343545767519647,31.48558758314856,57.87139689578714,47.22838137472284,88.470066518847,52.01773835920177,66.81818181818181,58.98004434589801,86.34146341463415,65.85365853658537,44.11477140745432,46.46341463414633,True,-0.22271811802767605,False,False,False,True,False,False,NORMAL,0.833,NORMAL,RISK_ON,0.15,0.9,0.91,Process Industries,63.1,63.1,63.1,63.1,0.0,80.9,REJECTED,NORMAL,0.833,0.17,0.2125,0.17,0.1275,0.17,68.2,False,False,NORMAL GİRİŞ,⭐,İşlem Açma,0.0,5.0,47.0,-0.09611548836367505,0.06382978723404255,0.3392823562719416,1.8889759365361414,1.8097498550037505,-6.305420463545663,57.26244343891403,0.15,True,"HD, DE, F",
2026-09-29,BA,185.3,190.905,185.0,187.68,10560361.0,1.784261956310984,1981968552.48,1296918102.1158447,1.469375967897459,6.568929486955915,-10.55190162996854,-13.299764401533698,2.215063871133648,0.6344077394114844,1.5654444270313468,0.13941161352019762,-0.313393638414366,0.5693081730167024,0.13060965283658,-0.3105682542622233,45.38526672311611,2.00698007433866,92.90465631929047,22.172949002217297,19.290465631929045,93.79157427937915,20.587583148558757,74.8780487804878,30.509977827050996,93.70288248337027,87.36141906873614,63.72810538628055,47.368070953436806,True,-0.22271811802767605,False,False,True,False,False,False,NORMAL,0.833,NORMAL,RISK_ON,0.15,0.9,0.91,Electronic Technology,62.3,62.3,62.3,62.3,0.0,80.9,REJECTED,NORMAL,0.833,0.17,0.2125,0.17,0.1275,0.17,67.8,True,False,🎯 UYGUN GİRİŞ BÖLGESİ,⭐,İşlem Açma,0.0,1.0,13.0,-0.16992272122615265,0.0,0.37715172055692303,-3.842508601358297,-3.942522059856657,4.661247566176896,34.59841628959276,0.15,False,"Electronic Technology · BA, GE, HWM",
2026-09-29,DHR,226.19,227.65,223.505,226.11,3608528.0,-0.5366655616188098,815924266.08,738492576.1581421,0.8802651142311065,5.431784188406809,4.646642291849878,18.705375892482156,1.572209665943436,0.5667451543355762,-0.24790374432710915,-0.36574546639907485,-0.7696510655637193,-0.07558052313393256,0.13262967430639813,0.24658328905059795,62.84680337756361,-0.3139474435911338,35.92017738359202,85.80931263858092,88.69179600886919,46.56319290465632,87.39467849223948,42.61640798226164,76.09756097560975,44.52328159645233,74.72283813747228,56.758072798953705,32.08647450110865,True,-0.22271811802767605,False,False,False,True,False,False,NORMAL,0.833,NORMAL,RISK_ON,0.15,0.9,0.91,Health Technology,62.3,62.3,62.3,62.3,0.0,80.9,REJECTED,NORMAL,0.833,0.17,0.2125,0.17,0.1275,0.17,59.5,False,False,NORMAL GİRİŞ,⭐,İşlem Açma,0.0,6.0,25.0,0.03811842104059654,0.12,3.005418467305465,7.571076560583823,0.7776699424922873,-1.0322581438860778,80.83710407239818,0.15,True,"Health Technology · LLY, JNJ, TMO",
2026-09-29,ITW,271.92,274.4393,266.0,267.07,2304293.0,-2.468680167897397,615407531.51,306207674.48028564,1.8313183974822573,4.609235452706473,-4.65191003213139,-1.2570710245129013,1.0397610570223887,0.5141342515710196,2.113504727229803,1.978003925166044,0.616553392928168,-1.0948128506973607,-0.669144952780446,0.008964588672458652,12.678776675790559,-2.245962049869721,3.325942350332594,54.767184035476724,55.87583148558758,96.89578713968959,55.3769401330377,96.05321507760533,48.20399113082039,96.89578713968959,37.472283813747225,31.193598288421633,36.789356984478935,True,-0.22271811802767605,False,False,False,True,False,False,NORMAL,0.833,NORMAL,RISK_ON,0.15,0.9,0.91,Producer Manufacturing,62.3,62.3,62.3,62.3,0.0,80.9,REJECTED,NORMAL,0.833,0.17,0.2125,0.17,0.1275,0.17,70.2,False,False,NORMAL GİRİŞ,⭐,İşlem Açma,0.0,5.0,47.0,-0.09611548836367505,0.06382978723404255,0.3392823562719416,1.8889759365361414,-0.08383565738386833,-4.411834951158044,60.88235294117648,0.15,True,"HD, DE, F",
2026-09-29,BIIB,227.02,229.41,224.45,227.07,1161173.0,-0.7083835865633548,263667553.10999998,202589116.4703369,1.1880162266409524,5.492858407156809,3.922196796338673,5.095806720355456,1.6271820349376693,0.77332658452332,0.43838835202661386,0.025382933375857678,-0.8376530660075437,0.029536194232757024,0.03558467741935337,0.07094322793770888,52.822580645161295,-0.4856654685356787,30.820399113082043,84.92239467849224,70.73170731707317,84.03547671840354,77.11751662971176,59.933481152993345,69.35698447893569,79.60088691796008,14.412416851441243,52.81219154566912,58.71175166297118,True,-0.22271811802767605,False,False,False,True,False,False,NORMAL,0.833,NORMAL,RISK_ON,0.15,0.9,0.91,Health Technology,62.1,62.1,62.1,62.1,0.0,80.9,REJECTED,NORMAL,0.833,0.17,0.2125,0.17,0.1275,0.17,57.6,False,False,NORMAL GİRİŞ,⭐,İşlem Açma,0.0,6.0,25.0,0.03811842104059654,0.12,3.005418467305465,7.571076560583823,-0.7341146286484523,0.47952642725466177,85.27149321266968,0.15,True,"Health Technology · LLY, JNJ, TMO",
2026-09-29,JBL,323.35,323.9,314.65,318.84,1595070.0,-0.028217062630653267,508572118.79999995,304973867.8405762,1.3705705447671421,12.352852957589286,5.768784209653344,-17.287537615440495,2.2087045961535736,1.4138218880871227,1.4414194030528198,-0.2772276234001989,-1.147933074937003,-0.36297653120589307,-0.27113513513513776,0.08457972014524091,45.29729729729727,0.19450105539702278,57.42793791574279,87.36141906873614,11.30820399113082,92.01773835920177,45.532150776053214,54.03547671840355,65.72062084257206,92.37250554323725,37.028824833702885,52.39558338826631,68.46341463414635,True,-0.22271811802767605,False,False,False,True,True,False,NORMAL,0.833,NORMAL,RISK_ON,0.15,0.9,0.91,Producer Manufacturing,62.6,61.9,61.9,61.9,0.0,80.9,REJECTED,NORMAL,0.833,0.17,0.2125,0.17,0.1275,0.17,61.8,False,False,NORMAL GİRİŞ,⭐,İşlem Açma,0.0,3.0,96.0,0.02554887949189778,0.03125,0.8583284322582763,8.254331631412981,3.845331125585566,-6.026496921793322,67.1945701357466,0.15,False,"Electronic Technology · MU, NVDA, SNDK",
2026-09-29,ACN,173.09,177.77,172.11,177.12,6359868.0,1.5188850580362345,1126459820.16,847873808.4999084,1.3068253245812576,6.980714808872768,-6.587205316175315,42.33365477338478,2.6967685370655263,1.2726136483391348,0.2918600664519046,-0.35681560147252056,-0.5154441497994258,1.2394295911579747,0.7440812720848047,-0.283732786220159,88.51590106007056,1.7416031760639106,90.68736141906874,44.12416851441242,97.11751662971176,89.57871396895787,73.27050997782706,58.991130820399114,40.84257206208426,81.06430155210643,79.6008869179601,84.59770983993167,63.671840354767184,True,-0.22271811802767605,False,False,True,False,True,False,NORMAL,0.833,NORMAL,RISK_ON,0.15,0.9,0.91,Technology Services,61.4,61.4,61.4,61.4,0.0,80.9,REJECTED,NORMAL,0.833,0.17,0.2125,0.17,0.1275,0.17,62.1,True,True,🎯 UYGUN GİRİŞ BÖLGESİ,⭐,İşlem Açma,0.0,11.0,54.0,-0.1644316755552538,0.0,-1.5237123163531487,-6.819868411692198,-0.5561934079360507,0.1759291998410073,29.11764705882353,0.15,False,"Technology Services · CRM, NFLX, NOW",
2026-09-29,DGX,235.46,237.62,230.975,231.97,1536906.0,-2.3777439749550933,356516084.82,239628284.8587036,1.3702860658258997,6.171070338657925,-4.444719064096225,9.445623967916973,1.7320459969760484,0.984997525429916,1.3645381740004272,0.35780645689907065,0.7021065584883696,-1.3412117980940559,-0.6216328066215198,0.12464032583977347,14.97366440933037,-2.155025856927417,3.9911308203991127,56.54101995565411,77.60532150776052,91.7960088691796,68.12638580931264,85.06651884700665,55.2549889135255,91.35254988913525,23.059866962305986,36.451911895478496,65.39024390243902,True,-0.22271811802767605,False,False,False,True,False,False,NORMAL,0.833,NORMAL,RISK_ON,0.15,0.9,0.91,Health Services,60.8,60.7,60.7,60.7,0.0,80.9,REJECTED,NORMAL,0.833,0.17,0.2125,0.17,0.1275,0.17,65.0,False,False,NORMAL GİRİŞ,⭐,İşlem Açma,0.0,9.0,19.0,-0.07995966169200827,0.10526315789473684,0.6362234813596768,0.03793591459123569,-0.31215077666033597,-1.126777624109876,66.24434389140272,0.15,True,"Health Technology · BSX, MDT, ISRG",
2026-09-29,MDLZ,58.785,59.66,58.785,59.32,8402820.0,-1.4290466946073055,498455282.4,473886360.5,1.0585629791066964,1.0939290073939734,-4.874919820397694,2.5587828492392717,0.9792164314863451,0.5582529644075601,0.22593652637897504,0.8801115116821422,0.39481864074802353,0.825730194746596,0.3977142857142923,-0.042107277399773345,61.142857142857565,-1.2063285765796294,11.086474501108649,53.43680709534369,65.85365853658537,73.39246119733924,60.26607538802662,80.28824833702882,68.64745011086475,69.40133037694014,61.19733924611973,41.21184668989552,29.47450110864745,True,-0.22271811802767605,False,False,False,True,False,False,NORMAL,0.833,NORMAL,RISK_ON,0.15,0.9,0.91,Consumer Non-Durables,60.2,60.2,60.2,60.2,0.0,80.9,REJECTED,NORMAL,0.833,0.17,0.2125,0.17,0.1275,0.17,70.8,False,False,NORMAL GİRİŞ,⭐,İşlem Açma,0.0,16.0,99.0,-0.17851639791542123,0.020202020202020204,0.019313729597758567,-0.5542398222371903,-1.3882654005787032,2.6550521839771024,35.74660633484163,0.15,True,"WMT, COST, BRK-B",
2026-09-29,JNJ,269.11,271.894,265.5883,267.57,5621788.0,-1.6105945984281944,1504221815.1599998,1582472866.3146973,0.8767324188793091,5.015837719726562,-0.1753469631398441,5.354963184628114,1.0007738150885004,0.7474576664034993,-0.670912460710227,1.1048420492264728,1.3688291211678676,-0.5870944174840005,-0.3142022297286616,-0.057844071474461876,31.42712149325196,-1.3878764804005184,9.090909090909092,74.72283813747228,71.3968957871397,46.11973392461197,72.89356984478937,73.22616407982261,47.31707317073171,37.960088691796,89.57871396895787,34.57619330231854,35.5809312638581,True,-0.22271811802767605,False,False,False,True,False,False,NORMAL,0.833,NORMAL,RISK_ON,0.15,0.9,0.91,Health Technology,59.5,59.5,59.5,59.5,0.0,80.9,REJECTED,NORMAL,0.833,0.17,0.2125,0.17,0.1275,0.17,61.7,False,False,NORMAL GİRİŞ,⭐,İşlem Açma,0.0,6.0,25.0,0.03811842104059654,0.12,3.005418467305465,7.571076560583823,-2.0947066159874406,1.84011841459365,88.57466063348416,0.15,True,"Health Technology · LLY, JNJ, TMO",
2026-09-29,MMM,169.8,170.98,167.245,168.49,2902790.0,-0.5841372153033375,489091087.1,480416383.6631775,0.985489877882758,3.478928658621651,-3.355512217506018,4.063986165153488,1.2454091172899413,0.5525651034953666,-0.05623994019890841,0.42582619725243087,-0.5562146975154798,-0.5485712288087763,-0.34116465863453627,0.09291058170339657,33.333333333333584,-0.36141909727566146,34.811529933481154,62.97117516629712,68.73614190687361,64.30155210643017,66.14190687361419,61.74057649667406,63.01552106430155,59.246119733924616,62.3059866962306,48.654841093865514,32.75166297117517,True,-0.22271811802767605,False,False,False,True,False,False,NORMAL,0.833,NORMAL,RISK_ON,0.15,0.9,0.91,Producer Manufacturing,59.1,59.1,59.1,59.1,0.0,80.9,REJECTED,NORMAL,0.833,0.17,0.2125,0.17,0.1275,0.17,61.7,False,False,NORMAL GİRİŞ,⭐,İşlem Açma,0.0,5.0,47.0,-0.09611548836367505,0.06382978723404255,0.3392823562719416,1.8889759365361414,0.6947933809115625,-5.190463989453475,59.23076923076923,0.15,True,"HD, DE, F",
2026-09-29,PG,147.95,148.84,146.84,148.32,7672514.0,-0.4764133296064399,1137987276.48,1117557440.24,0.9355572057588029,2.2449970354352677,3.157601891779094,1.1456628477905184,0.9692816425526333,0.42963429254997687,-0.2939611237063856,0.10067534856920442,-0.624352522794054,0.5528253630111419,0.34724999999999545,0.13492875953374364,73.99999999999949,-0.25369521157876385,40.35476718403548,83.14855875831486,61.64079822616409,57.87139689578714,71.31929046563194,54.02439024390244,79.55654101995565,50.509977827051,84.03547671840354,55.680487804878,14.199556541019959,True,-0.22271811802767605,False,False,False,True,False,False,NORMAL,0.833,NORMAL,RISK_ON,0.15,0.9,0.91,Consumer Non-Durables,59.0,59.0,59.0,59.0,0.0,80.9,REJECTED,NORMAL,0.833,0.17,0.2125,0.17,0.1275,0.17,67.0,False,False,NORMAL GİRİŞ,⭐,İşlem Açma,0.0,16.0,99.0,-0.17851639791542123,0.020202020202020204,0.019313729597758567,-0.5542398222371903,1.560670893695515,-0.2938841102971157,27.782805429864258,0.15,True,"WMT, COST, BRK-B",
2026-09-29,ABT,100.26,101.07,99.4805,100.95,8049113.0,-0.029712176605434237,812557957.35,795864283.795929,0.9191522769225674,1.9771079711914052,-10.242731395038673,11.251928587172145,1.099272082222723,0.4902491503378593,-0.2819105840398366,-0.25443095029754875,-1.281317861825021,1.5172785121769574,0.6622994652406486,-0.14213386678486503,92.45045611827673,0.1930059414222418,57.20620842572062,23.503325942350333,81.37472283813747,54.767184035476724,55.33259423503326,35.73170731707317,61.50776053215078,49.00221729490022,78.04878048780488,64.35480170938865,23.407982261640797,True,-0.22271811802767605,False,False,False,True,False,False,NORMAL,0.833,NORMAL,RISK_ON,0.15,0.9,0.91,Health Technology,58.9,58.9,58.9,58.9,0.0,80.9,REJECTED,NORMAL,0.833,0.17,0.2125,0.17,0.1275,0.17,54.6,False,False,NORMAL GİRİŞ,⭐,İşlem Açma,0.0,9.0,19.0,-0.07995966169200827,0.10526315789473684,0.6362234813596768,0.03793591459123569,-1.7661996482031928,0.32727124743298086,70.02262443438914,0.15,True,"Health Technology · BSX, MDT, ISRG",
2026-09-29,MLM,493.575,495.68,471.88,479.09,1066006.0,-2.3799313884587447,510712814.53999996,448304091.0,1.1929742493593116,14.060715593610492,-9.784389417192351,-16.92561123634473,1.585814144885848,0.8233487150068963,1.410862126749794,1.8663032989889816,0.17584478284829735,-0.6244173322227524,-0.49064075630252224,-0.1285789095615286,30.294117647058723,-2.1572132704310687,3.7694013303769403,26.164079822616408,12.416851441241686,84.25720620842571,18.60310421286031,90.68736141906874,36.89578713968958,87.450110864745,58.09312638580931,20.56377983565931,54.671840354767184,True,-0.22271811802767605,False,False,False,False,False,False,NORMAL,0.833,NORMAL,RISK_ON,0.15,0.9,0.91,Non-Energy Minerals,58.9,58.9,58.9,58.9,0.0,80.9,REJECTED,NORMAL,0.833,0.17,0.2125,0.17,0.1275,0.17,67.4,False,False,NORMAL GİRİŞ,⭐,İşlem Açma,0.0,5.0,47.0,-0.09611548836367505,0.06382978723404255,0.3392823562719416,1.8889759365361414,-2.882116549616642,-1.6135540589252706,65.92760180995475,0.15,False,"HD, DE, F",
2026-09-29,INCY,123.67,125.47,121.89,123.2,1718561.0,-1.297868689941517,211726715.20000002,176342313.4918213,1.1290500811363025,3.202142857142857,-0.9407413363351269,8.680310515172906,1.6106911207080057,0.7310901544448816,0.43227341602915903,0.5075374822046508,-0.20129551343045118,-0.44461603263613725,-0.2065642458100549,-0.05133743270729953,36.5921787709498,-1.075150571913841,15.077605321507761,72.72727272727273,76.71840354767184,80.04434589800444,74.92239467849225,73.96895787139688,50.909090909090914,76.94013303769401,9.312638580931264,42.53948395248301,61.470066518847005,True,-0.22271811802767605,False,False,False,True,False,False,NORMAL,0.833,NORMAL,RISK_ON,0.15,0.9,0.91,Health Technology,58.6,58.6,58.6,58.6,0.0,80.9,REJECTED,NORMAL,0.833,0.17,0.2125,0.17,0.1275,0.17,54.7,False,False,NORMAL GİRİŞ,⭐,İşlem Açma,0.0,6.0,25.0,0.03811842104059654,0.12,3.005418467305465,7.571076560583823,-4.431528121624728,4.176939920230938,91.60633484162895,0.15,True,"Health Technology · LLY, JNJ, TMO",
2026-09-29,IEX,231.31,233.04,227.87,230.43,810696.0,-0.3114834157455393,186808679.28,127524428.18591309,1.4121901510268782,4.490712977818079,0.06513809275665583,1.5333773959021801,1.0498609099816207,0.5152955840405871,0.9091776395400448,0.6706625408802914,-0.9752313128469314,-0.06370731175360117,-0.08191489361701927,0.010596819384572707,49.51644100580287,-0.08876529771786323,46.56319290465632,75.3880266075388,62.97117516629712,92.6829268292683,68.55875831485588,67.67184035476718,62.70509977827051,89.31263858093126,2.4390243902439024,57.74543567485967,42.90243902439025,True,-0.22271811802767605,False,False,False,True,False,False,NORMAL,0.833,NORMAL,RISK_ON,0.15,0.9,0.91,Producer Manufacturing,58.5,58.5,58.5,58.5,0.0,80.9,REJECTED,NORMAL,0.833,0.17,0.2125,0.17,0.1275,0.17,57.5,False,False,NORMAL GİRİŞ,⭐,İşlem Açma,0.0,5.0,47.0,-0.09611548836367505,0.06382978723404255,0.3392823562719416,1.8889759365361414,3.273460681991569,-7.7691312905334815,55.859728506787334,0.15,True,"HD, DE, F",
2026-09-29,EME,771.84,776.6688,757.225,762.03,429649.0,-0.45590179775926165,327405427.46999997,253150417.60021973,1.1972941340392922,23.932404520089285,2.953375575881223,-8.175880850243411,1.8930661147763448,1.0402084519131205,0.3806736563107839,-0.1320363784020315,-0.8688046398857323,-0.7744234479499637,-0.5052042296259005,0.15939098558547707,24.712247605920385,-0.2331836797315856,42.793791574279375,81.81818181818183,34.368070953436806,85.14412416851441,55.72062084257206,56.65188470066519,63.23725055432372,79.29046563192904,26.82926829268293,47.2938411685743,65.7450110864745,True,-0.22271811802767605,False,False,False,True,False,False,NORMAL,0.833,NORMAL,RISK_ON,0.15,0.9,0.91,Industrial Services,58.5,58.4,58.4,58.4,0.0,80.9,REJECTED,NORMAL,0.833,0.17,0.2125,0.17,0.1275,0.17,57.2,False,False,NORMAL GİRİŞ,⭐,İşlem Açma,0.0,3.0,96.0,0.02554887949189778,0.03125,0.8583284322582763,8.254331631412981,1.3851877539802049,-3.5663535501879617,70.20361990950227,0.15,True,"Electronic Technology · MU, NVDA, SNDK",
2026-09-29,INTC,116.7,118.75,113.97,115.93,88741743.0,-0.0861835562776081,10287830265.99,10395444429.185104,0.8291562286428608,6.857857927594866,29.574158935956184,-16.973429778700844,4.731066988288569,2.401738533478145,-0.6420168292787766,-0.5411778440148712,-1.3636049876263643,-0.2855898497172518,-0.17144351464434937,0.20760895924258405,41.00418410041857,0.13653456175006795,54.767184035476724,98.89135254988913,12.195121951219512,36.80709534368071,51.208425720620845,24.124168514412414,72.54988913525499,32.90465631929047,98.4478935698448,46.63146053864496,60.00221729490023,True,-0.22271811802767605,False,False,False,True,False,False,NORMAL,0.833,NORMAL,RISK_ON,0.15,0.9,0.91,Electronic Technology,58.1,58.1,58.1,58.1,0.0,80.9,REJECTED,NORMAL,0.833,0.17,0.2125,0.17,0.1275,0.17,55.3,False,False,NORMAL GİRİŞ,⭐,İşlem Açma,0.0,3.0,96.0,0.02554887949189778,0.03125,0.8583284322582763,8.254331631412981,-5.748200519359898,3.567034723152141,83.59728506787329,0.15,True,"Electronic Technology · MU, NVDA, SNDK",
2026-09-29,EMR,160.07,160.29,156.24,157.24,2448011.0,-1.3488922754761323,384925249.64000005,315210930.2839966,1.0785543559433672,3.708571079799106,1.3274906560123645,9.842822214460355,1.5427645527329206,0.8863813117450725,0.06582114603069618,0.49848429482365686,-0.2177466185289331,-1.120572995214352,-0.592839506172838,0.10270260364102986,24.69135802469146,-1.1261741574484563,13.52549889135255,79.6008869179601,78.7139689578714,74.94456762749445,79.11308203991132,69.74501108647449,56.008869179600886,67.67184035476718,39.689578713968956,41.36935753195917,56.536585365853654,True,-0.22271811802767605,False,False,False,True,False,False,NORMAL,0.833,NORMAL,RISK_ON,0.15,0.9,0.91,Electronic Technology,57.6,57.6,57.6,57.6,0.0,80.9,REJECTED,NORMAL,0.833,0.17,0.2125,0.17,0.1275,0.17,59.2,False,False,NORMAL GİRİŞ,⭐,İşlem Açma,0.0,3.0,96.0,0.02554887949189778,0.03125,0.8583284322582763,8.254331631412981,2.632267115549852,-4.813432911757609,68.23529411764706,0.15,True,"Electronic Technology · MU, NVDA, SNDK",
2026-09-29,AAPL,336.965,337.085,328.7,329.4,38476822.0,-2.6595727124148483,12674265166.8,12292923609.0,0.9031291032041667,6.785000174386162,3.034094463559578,13.83743433784903,1.5293543783181385,0.35871092661286186,-0.44675306811335597,1.21927355447247,2.5715016030517654,-1.9580132444910094,-0.8641621943947543,0.07690382556086311,8.348240906380315,-2.4368545943871722,3.1042128603104215,82.70509977827051,83.81374722838137,52.54988913525499,83.31485587583148,77.05099778270511,51.30820399113081,44.83370288248337,98.89135254988913,33.521076862256656,20.22616407982262,True,-0.22271811802767605,False,False,False,True,False,False,NORMAL,0.833,NORMAL,RISK_ON,0.15,0.9,0.91,Electronic Technology,57.4,57.4,57.4,57.4,0.0,80.9,REJECTED,NORMAL,0.833,0.17,0.2125,0.17,0.1275,0.17,67.3,False,False,NORMAL GİRİŞ,⭐,İşlem Açma,0.0,8.0,1.0,,,,,,,50.0,0.15,True,Electronic Technology · AAPL,
2026-09-29,COP,123.63,126.18,123.46,125.44,7506693.0,-0.47604007550703376,941639569.92,783021341.5798187,1.0835467941898616,3.707142878941128,-3.766781741465286,20.661792997306662,2.1155442423282413,1.1723543179035398,0.6303707970404531,-0.773709711302436,-1.0284196943493407,0.8513556922612479,0.5501838235294085,-0.14861097036387252,72.79411764705863,-0.2533219574793577,40.57649667405765,60.532150776053214,91.35254988913526,75.3880266075388,77.48337028824834,42.993348115299334,53.791574279379155,77.07317073170732,77.60532150776052,59.90801486891872,58.44345898004435,True,-0.22271811802767605,False,False,False,True,False,False,NORMAL,0.833,NORMAL,RISK_ON,0.15,0.9,0.91,Energy Minerals,57.3,57.3,57.3,57.3,0.0,80.9,REJECTED,NORMAL,0.833,0.17,0.2125,0.17,0.1275,0.17,60.0,False,False,NORMAL GİRİŞ,⭐,İşlem Açma,0.0,15.0,27.0,-0.13266678729271986,0.0,-0.8276815529380088,-3.09583284340259,2.475909278541366,1.52769739603964,35.67307692307692,0.15,True,"Energy Minerals · XOM, CVX, VLO",
2026-09-29,NFLX,70.33,71.355,70.15,70.3,34550176.0,1.5455678046839783,2428877372.7999997,2152318194.998932,1.0422957540616897,2.1360711015973775,-13.974547234459134,-1.5406162464986162,2.328067523321433,0.9219859294899567,0.040831770246965535,0.4097041360533463,0.07189963396969813,-0.7336584265296142,-0.42427385892116987,-0.1351248961314588,12.448132780082299,1.7682859227116543,90.9090909090909,10.864745011086473,54.767184035476724,72.28381374722838,35.01108647450111,71.56319290465632,34.50110864745011,65.3658536585366,92.90465631929047,64.54858267933861,55.08425720620843,True,-0.22271811802767605,False,False,True,False,False,False,NORMAL,0.833,NORMAL,RISK_ON,0.15,0.9,0.91,Technology Services,57.3,57.3,57.3,57.3,0.0,80.9,REJECTED,NORMAL,0.833,0.17,0.2125,0.17,0.1275,0.17,63.5,True,False,🎯 UYGUN GİRİŞ BÖLGESİ,⭐,İşlem Açma,0.0,11.0,54.0,-0.1644316755552538,0.0,-1.5237123163531487,-6.819868411692198,0.4586202197275404,-0.8388844278225838,25.81447963800905,0.15,False,"Technology Services · CRM, NFLX, NOW",
2026-09-29,DDOG,267.03,269.44,259.26,268.56,2971848.0,-0.05210725741365829,798119498.88,782620781.44,0.7974251403011426,11.76878627232143,13.326019073339523,3.149485328007362,3.4470309749428085,1.5743549837722681,-0.8399171223571695,-0.23773353875548817,-1.2609129254763376,0.9261843102401609,0.5225442043222022,0.08808065845384128,91.35559921414543,0.17061086061401776,55.654101995565405,96.0088691796009,66.96230598669624,31.70731707317073,80.03325942350334,28.126385809312637,82.35033259423503,25.853658536585364,77.38359201773835,63.63334262651432,59.73835920177384,True,-0.22271811802767605,False,False,False,True,False,False,NORMAL,0.833,NORMAL,RISK_ON,0.15,0.9,0.91,Technology Services,57.2,57.2,57.2,57.2,0.0,80.9,REJECTED,NORMAL,0.833,0.17,0.2125,0.17,0.1275,0.17,53.8,False,False,NORMAL GİRİŞ,⭐,İşlem Açma,0.0,3.0,96.0,0.02554887949189778,0.03125,0.8583284322582763,8.254331631412981,9.174239590907069,-11.355405387114827,65.67873303167421,0.15,True,"Electronic Technology · MU, NVDA, SNDK",
2026-09-29,MA,564.0,566.9899,561.3,563.58,2901498.0,-0.8235683815856043,1635226242.8400002,1350672173.9685059,1.0995229018481396,8.524286760602681,-5.3284058457920285,9.731308411214968,0.9115340461672949,0.44435822258627294,0.19340787617469532,-0.26579608312201053,-0.2142684987276544,-0.38765546819326463,-0.14243571943266473,-0.05488781472524017,40.07100300532618,-0.6008502635579283,28.159645232815965,51.88470066518847,78.49223946784922,77.38359201773835,66.51884700665188,61.74057649667405,50.953436807095336,71.52993348115298,87.8048780487805,47.938364158625745,18.878048780487806,True,-0.22271811802767605,False,False,False,True,False,False,NORMAL,0.833,NORMAL,RISK_ON,0.15,0.9,0.91,Finance,56.6,56.6,56.6,56.6,0.0,80.9,REJECTED,NORMAL,0.833,0.17,0.2125,0.17,0.1275,0.17,65.7,False,False,NORMAL GİRİŞ,⭐,İşlem Açma,0.0,16.0,99.0,-0.17851639791542123,0.020202020202020204,0.019313729597758567,-0.5542398222371903,2.8765689808082584,-1.6097821974098592,25.226244343891402,0.15,True,"WMT, COST, BRK-B",
2026-09-29,A,174.49,177.05,173.22,175.03,2053879.0,-0.10273769018293022,359490441.37,384918347.4266052,0.8120313445168841,4.971429966517858,13.774050962038476,31.769931491379943,2.011338326199108,0.7929870139179146,-0.09398806654877277,-0.47874930831863616,-1.1597169845673,-0.39471992182095517,0.033289817232373786,0.3724404306984443,47.25848563968659,0.11998042784474583,54.32372505543237,96.45232815964523,94.90022172949001,33.70288248337029,95.59866962305986,32.6829268292683,73.21507760532151,39.82261640798227,48.78048780487805,63.658221069511896,53.37250554323725,True,-0.22271811802767605,False,False,False,True,False,False,NORMAL,0.833,NORMAL,RISK_ON,0.15,0.9,0.91,Health Technology,56.4,56.4,56.4,56.4,0.0,80.9,REJECTED,NORMAL,0.833,0.17,0.2125,0.17,0.1275,0.17,49.5,False,False,NORMAL GİRİŞ,⭐,İşlem Açma,0.0,6.0,25.0,0.03811842104059654,0.12,3.005418467305465,7.571076560583823,3.1525652932511417,-3.4071534946449322,76.65158371040724,0.15,True,"Health Technology · LLY, JNJ, TMO",
2026-09-29,SYK,277.0,280.165,274.305,278.77,2793523.0,1.2567659990879276,778750406.7099999,767592892.7226758,0.8958523675674289,7.044284232003349,-15.700505004687171,-11.456612882734085,2.3491550903710476,0.7108877752845082,0.38848237721649653,-0.09582812682705456,-0.31248678765889604,0.8457331240915795,0.42406143344709063,-0.3384810021982903,76.19453924914616,1.4794841171156037,87.36141906873614,8.647450110864744,25.277161862527713,50.554323725055426,17.79379157427938,61.06430155210643,32.283813747228386,58.713968957871394,76.49667405764967,60.786859689881354,53.55432372505543,True,-0.22271811802767605,False,False,True,False,False,False,NORMAL,0.833,NORMAL,RISK_ON,0.15,0.9,0.91,Health Technology,56.4,56.4,56.4,56.4,0.0,80.9,REJECTED,NORMAL,0.833,0.17,0.2125,0.17,0.1275,0.17,55.0,True,False,🎯 UYGUN GİRİŞ BÖLGESİ,⭐,İşlem Açma,0.0,9.0,19.0,-0.07995966169200827,0.10526315789473684,0.6362234813596768,0.03793591459123569,2.2140400477943967,-3.6529684485646086,60.88235294117647,0.15,False,"Health Technology · BSX, MDT, ISRG",
2026-09-29,FAST,50.37,50.725,49.86,49.96,7600767.0,-1.0497161038773184,379734319.32,331401073.35134125,1.1193227896894267,0.9367862592424666,0.36159100040176195,4.018321882156983,1.0886357384589551,0.4362379734608629,0.18149763486670648,0.011222856655045459,-0.19150809058890614,-1.1920699028972697,-0.6361271676300541,0.07737460800892483,11.560693641618634,-0.8269979858496423,20.39911308203991,76.27494456762749,68.51441241685144,79.15742793791574,72.00665188470066,66.62971175166297,53.52549889135254,72.32815964523282,42.793791574279375,41.081789985004434,31.157427937915745,True,-0.22271811802767605,False,False,False,True,False,False,NORMAL,0.833,NORMAL,RISK_ON,0.15,0.9,0.91,Distribution Services,56.3,56.3,56.3,56.3,0.0,80.9,REJECTED,NORMAL,0.833,0.17,0.2125,0.17,0.1275,0.17,59.1,False,False,NORMAL GİRİŞ,⭐,İşlem Açma,0.0,5.0,47.0,-0.09611548836367505,0.06382978723404255,0.3392823562719416,1.8889759365361414,0.9336155518653966,-5.429286160407309,58.800904977375566,0.15,True,"HD, DE, F",
2026-09-29,MU,1076.69,1082.6599,1057.7,1065.08,19722028.0,1.0531527862904344,21005537582.239998,23637106757.72705,0.7897469986092752,43.70857370256697,14.17361661985721,-7.728560413760843,3.2215937879084846,1.6913224240960112,-1.4499674956823332,-0.7071316951773295,-0.6737028974655727,-0.8722200451752974,-0.43407405478388117,0.14423855628958285,29.567426151546535,1.2758709043181105,85.36585365853658,96.67405764966742,36.14190687361419,30.155210643015522,63.381374722838146,28.447893569844787,61.06430155210643,19.334811529933482,100.0,62.252751484334254,58.33037694013304,True,-0.22271811802767605,False,False,True,True,True,False,NORMAL,0.833,NORMAL,RISK_ON,0.15,0.9,0.91,Electronic Technology,56.2,56.2,56.2,56.2,0.0,80.9,REJECTED,NORMAL,0.833,0.17,0.2125,0.17,0.1275,0.17,50.7,True,False,🎯 UYGUN GİRİŞ BÖLGESİ,⭐,İşlem Açma,0.0,3.0,96.0,0.02554887949189778,0.03125,0.8583284322582763,8.254331631412981,-2.1811657962077566,0.0,78.26923076923077,0.15,False,"Electronic Technology · MU, NVDA, SNDK",
2026-09-29,NEE,75.09,76.18,74.78,75.89,11349358.0,0.5298743509733805,861302778.62,917525400.6960449,0.9458893988553674,1.265000370570592,-7.270283479960904,-13.53537655235274,1.0141427131036664,0.378674619431289,0.2671138802225119,0.44229417169146984,-0.3365965461657681,1.2421688588784114,0.5792857142857084,-0.30145010236219466,79.28571428571392,0.7525924690010566,76.05321507760532,40.79822616407982,18.8470066518847,59.20177383592018,28.725055432372507,66.70731707317073,39.82261640798226,61.86252771618626,81.59645232815964,57.75451377890399,21.403547671840357,True,-0.22271811802767605,False,False,True,False,False,False,NORMAL,0.833,NORMAL,RISK_ON,0.15,0.9,0.91,Utilities,56.2,56.2,56.2,56.2,0.0,80.9,REJECTED,NORMAL,0.833,0.17,0.2125,0.17,0.1275,0.17,60.7,True,False,NORMAL GİRİŞ,⭐,İşlem Açma,0.0,16.0,99.0,-0.17851639791542123,0.020202020202020204,0.019313729597758567,-0.5542398222371903,-2.758627563321281,4.02541434671968,37.963800904977376,0.15,False,"WMT, COST, BRK-B",
2026-09-29,SLB,50.58,50.77,49.35,49.87,28577222.0,-3.146245145966442,1425146061.1399999,708614475.1186371,1.9958718173732457,1.7314283098493302,-13.01238444095587,7.270380727038073,1.9371479737611035,0.7708023480374354,2.4057480224159997,0.5875699283981652,-0.1272860225770556,-0.5131417489442677,-0.37218309859155285,-0.30524887067926837,36.619718309858825,-2.923527027938766,1.3303769401330376,12.86031042128603,74.27937915742794,98.4478935698448,46.64079822616409,84.60088691796008,17.250554323725055,98.18181818181819,73.8359201773836,31.636472939633336,57.00443458980044,True,-0.22271811802767605,False,False,False,False,False,False,NORMAL,0.833,NORMAL,RISK_ON,0.15,0.9,0.91,Industrial Services,56.2,56.2,56.2,56.2,0.0,80.9,REJECTED,NORMAL,0.833,0.17,0.2125,0.17,0.1275,0.17,65.0,False,False,NORMAL GİRİŞ,⭐,İşlem Açma,0.0,15.0,27.0,-0.13266678729271986,0.0,-0.8276815529380088,-3.09583284340259,-1.9767591766933656,5.980365851274372,44.40610859728507,0.15,False,"Energy Minerals · XOM, CVX, VLO",
2026-09-29,MSCI,537.32,540.46,533.45,539.76,603981.0,-0.5453955746810291,326004784.56,284970025.0986328,1.1172006215086383,11.563577706473211,-5.431354684981427,-3.6211699164345412,1.458492601836106,0.5998738013199756,0.10689510202071112,-0.22762232009798417,-0.6278704830563707,1.1626242276953866,0.5967902995720291,0.04955565663548456,90.01426533523471,-0.322677456653353,35.254988913525494,50.77605321507761,48.78048780487805,78.93569844789357,49.67849223946786,56.30820399113081,82.26164079822617,71.13082039911308,33.48115299334812,53.27082786390041,41.70731707317073,True,-0.22271811802767605,False,False,False,True,False,False,NORMAL,0.833,NORMAL,RISK_ON,0.15,0.9,0.91,Commercial Services,56.1,56.1,56.1,56.1,0.0,80.9,REJECTED,NORMAL,0.833,0.17,0.2125,0.17,0.1275,0.17,62.5,False,False,NORMAL GİRİŞ,⭐,İşlem Açma,0.0,11.0,54.0,-0.1644316755552538,0.0,-1.5237123163531487,-6.819868411692198,1.3746642411131607,-1.754928449208204,23.914027149321267,0.15,True,"Technology Services · CRM, NFLX, NOW",
2026-09-29,SNPS,414.6,418.0,403.33,415.09,1615455.0,-0.6034303393011808,670559215.9499999,670583253.0677733,0.8555053341488795,13.564288678850447,-6.217663405707063,-6.945098302956943,2.674839677002987,0.955036179853672,-0.16612649822536207,0.4838063199440691,-0.8221758630780722,0.7274643039442149,0.34683026584866766,-0.09290649589743827,80.16359918200394,-0.3807122212735048,34.146341463414636,47.006651884700666,38.13747228381374,42.350332594235034,42.12860310421286,53.115299334811525,59.91130820399113,43.325942350332596,72.06208425720621,43.54185880955294,57.30820399113082,True,-0.22271811802767605,False,False,False,True,False,False,NORMAL,0.833,NORMAL,RISK_ON,0.15,0.9,0.91,Technology Services,56.0,56.0,56.0,56.0,0.0,80.9,REJECTED,NORMAL,0.833,0.17,0.2125,0.17,0.1275,0.17,57.0,False,False,NORMAL GİRİŞ,⭐,İşlem Açma,0.0,3.0,96.0,0.02554887949189778,0.03125,0.8583284322582763,8.254331631412981,2.0836711914978876,-4.264836987705644,68.82352941176471,0.15,True,"Electronic Technology · MU, NVDA, SNDK",
2026-09-29,AON,269.91,276.97,269.02,275.9,1987947.0,1.3965431132841433,548474577.3,684030526.9989014,0.8707017263392104,7.2978572300502265,-22.36916150815982,-16.819922216527484,1.66992846137109,0.5235056741848848,0.7872898026514459,0.4411020009368029,-0.3236244480893329,1.4716804349517942,0.7410062893081655,-0.28725638910848805,86.54088050314411,1.6192612313118193,89.3569844789357,2.2172949002217295,12.638580931263856,45.01108647450111,7.9490022172949,68.00443458980044,42.882483370288256,59.82261640798227,72.72727272727273,60.34477541173349,37.74279379157427,True,-0.22271811802767605,False,False,True,False,False,False,NORMAL,0.833,NORMAL,RISK_ON,0.15,0.9,0.91,Finance,55.9,55.9,55.9,55.9,0.0,80.9,REJECTED,NORMAL,0.833,0.17,0.2125,0.17,0.1275,0.17,59.8,True,False,🎯 UYGUN GİRİŞ BÖLGESİ,⭐,İşlem Açma,0.0,16.0,99.0,-0.17851639791542123,0.020202020202020204,0.019313729597758567,-0.5542398222371903,-2.071984615389455,3.3387713987878542,36.87782805429865,0.15,False,"WMT, COST, BRK-B",
2026-09-29,PANW,390.1,391.75,377.8001,388.41,5104295.0,-0.9385590992531445,1982559220.95,2177573713.0,0.7179607099579643,18.863569691685267,4.526494254420199,13.89654565714622,4.425097643922279,1.370945080282467,-0.7011181702616883,-0.4985569746729663,-0.7715963814745004,0.2906283304191498,0.2321124165764653,0.14363018931216728,76.05717603710441,-0.7158409812254685,22.838137472283815,85.36585365853658,84.03547671840354,20.17738359201774,84.6341463414634,32.671840354767184,76.71840354767184,21.507760532150776,93.12638580931264,48.64119432211399,56.707317073170735,True,-0.22271811802767605,False,False,False,True,False,False,NORMAL,0.833,NORMAL,RISK_ON,0.15,0.9,0.91,Technology Services,55.7,55.7,55.7,55.7,0.0,80.9,REJECTED,NORMAL,0.833,0.17,0.2125,0.17,0.1275,0.17,55.7,False,False,NORMAL GİRİŞ,⭐,İşlem Açma,0.0,3.0,96.0,0.02554887949189778,0.03125,0.8583284322582763,8.254331631412981,4.349091198514215,-6.530256994721972,66.90045248868778,0.15,True,"Electronic Technology · MU, NVDA, SNDK",
2026-09-29,DE,685.59,689.9895,677.44,680.5,1159359.0,-1.3181784105723349,788943799.5,807045810.8703613,0.8401639225462345,15.120670898437497,7.959322894356924,7.27854586729304,1.6271556375336689,0.4063643325849653,0.08270092290960945,-0.1819134901944723,-0.24953359660887336,-0.7333448375503749,-0.46429937447707653,0.02369092392576765,24.383441571376977,-1.0954602925446588,14.634146341463413,91.13082039911308,74.50110864745011,38.80266075388026,81.98447893569845,56.4079822616408,56.14190687361419,46.51884700665188,78.7139689578714,37.89178096423304,27.46341463414634,True,-0.22271811802767605,False,False,False,True,False,False,NORMAL,0.833,NORMAL,RISK_ON,0.15,0.9,0.91,Producer Manufacturing,55.6,55.6,55.6,55.6,0.0,80.9,REJECTED,NORMAL,0.833,0.17,0.2125,0.17,0.1275,0.17,58.8,False,False,NORMAL GİRİŞ,⭐,İşlem Açma,0.0,5.0,47.0,-0.09611548836367505,0.06382978723404255,0.3392823562719416,1.8889759365361414,-2.043853058857392,-2.4518175496845203,64.41176470588236,0.15,True,"HD, DE, F",
2026-09-29,JPM,337.0,338.75,333.33,334.98,7258590.0,-0.47832566487637784,2431482478.2000003,2305620153.125,0.9031534389954385,7.092144688197545,-6.330742128516298,2.337091009073422,1.2059939653979035,0.496395275660777,0.0574305239219723,-0.5148219452572098,-0.6064097432965635,-0.6805355417208696,-0.3828413284132762,0.04525150683866654,30.442804428044823,-0.2556075468487018,40.133037694013304,45.67627494456763,65.41019955654102,52.77161862527716,56.529933481152995,46.60753880266075,58.27050997782705,54.01330376940133,93.79157427937915,47.67288354701734,21.49445676274945,True,-0.22271811802767605,False,False,False,True,False,False,NORMAL,0.833,NORMAL,RISK_ON,0.15,0.9,0.91,Finance,55.6,55.6,55.6,55.6,0.0,80.9,REJECTED,NORMAL,0.833,0.17,0.2125,0.17,0.1275,0.17,61.0,False,False,NORMAL GİRİŞ,⭐,İşlem Açma,0.0,2.0,31.0,-0.11193454029395906,0.0,-0.6972418013568848,-2.61135578253694,0.7332893821756836,-0.729936433305467,40.00565610859728,0.15,True,"Finance · JPM, BAC, GS",
2026-09-29,MNST,41.49,41.905,41.05,41.74,10976719.0,-0.28667130578561295,458168251.06,407695809.5392227,1.0790661027237851,0.9817853982107982,-10.926163038839087,-13.150228880565962,1.2904500722718255,0.5345744619728598,0.24468952108788047,-0.25175218027799096,-1.049899914880573,0.934241916806322,0.4692982456140366,-0.05695919843138579,80.7017543859651,-0.0639531877579369,48.11529933481153,20.84257206208426,19.51219512195122,75.16629711751663,20.11086474501109,48.31485587583148,67.89356984478935,71.08647450110865,51.66297117516629,48.96596257828609,33.83813747228382,True,-0.22271811802767605,False,False,False,True,False,False,NORMAL,0.833,NORMAL,RISK_ON,0.15,0.9,0.91,Consumer Non-Durables,55.5,55.5,55.5,55.5,0.0,80.9,REJECTED,NORMAL,0.833,0.17,0.2125,0.17,0.1275,0.17,59.4,False,False,NORMAL GİRİŞ,⭐,İşlem Açma,0.0,16.0,99.0,-0.17851639791542123,0.020202020202020204,0.019313729597758567,-0.5542398222371903,-4.221727640062045,5.488514423460444,39.20814479638009,0.15,True,"WMT, COST, BRK-B",
2026-09-29,GRMN,293.7,294.95,284.54,290.23,945246.0,-1.2990946953067906,274338746.58000004,209776342.31414795,1.1064891282081297,7.141426914760042,1.7672428907044457,22.181527321714256,1.5509922147555186,0.5794328615070615,0.341291944866515,1.0644462696872266,-0.17972176619080954,-0.17150994754645477,-0.09875120076848942,0.1852584202804136,54.65898174831907,-1.0763765772791145,14.855875831485587,80.48780487804879,92.01773835920177,78.27050997782705,86.82926829268294,78.34811529933481,73.56984478935698,74.81152993348115,16.62971175166297,49.82066535886739,47.946784922394684,True,-0.22271811802767605,False,False,False,True,False,False,NORMAL,0.833,NORMAL,RISK_ON,0.15,0.9,0.91,Electronic Technology,55.2,55.2,55.2,55.2,0.0,80.9,REJECTED,NORMAL,0.833,0.17,0.2125,0.17,0.1275,0.17,63.9,False,False,NORMAL GİRİŞ,⭐,İşlem Açma,0.0,11.0,54.0,-0.1644316755552538,0.0,-1.5237123163531487,-6.819868411692198,4.98936439836048,-5.369628606455523,19.457013574660635,0.15,True,"Technology Services · CRM, NFLX, NOW",
2026-09-29,GOOGL,341.95,342.84,338.02,340.92,21066327.0,-0.5339168490153146,7181932200.84,7827764628.89209,0.7918217650630702,8.486432233537945,-1.635938717216301,-4.603072445924394,1.6122005386395677,0.8506311417523843,-0.6762892057864923,-0.9712308949561304,-0.8356760302880648,0.019667244213070336,0.01566390041494889,0.007897724772032755,60.165975103735235,-0.3111987309876385,36.14190687361419,70.28824833702882,46.11973392461197,30.598669623059866,56.99556541019956,26.995565410199557,63.28159645232816,28.470066518847005,97.5609756097561,44.28599884075046,40.93569844789357,True,-0.22271811802767605,False,False,False,True,False,False,NORMAL,0.833,NORMAL,RISK_ON,0.15,0.9,0.91,Technology Services,54.6,54.6,54.6,54.6,0.0,80.9,REJECTED,NORMAL,0.833,0.17,0.2125,0.17,0.1275,0.17,52.3,False,False,NORMAL GİRİŞ,⭐,İşlem Açma,0.0,3.0,96.0,0.02554887949189778,0.03125,0.8583284322582763,8.254331631412981,-2.261860939625299,0.0806951434175418,78.64253393665157,0.15,True,"Electronic Technology · MU, NVDA, SNDK",
2026-09-29,FCX,71.94,72.27,70.2847,70.79,10438761.0,-1.6259020280131042,738959891.19,760915000.6813049,0.9233008562332196,2.647522104317801,-7.403531720078482,12.56161551916044,2.59559764445231,1.976502665023051,-0.6789375158831825,-0.542319558907199,-0.12827463557303406,-1.2981375476899069,-0.5306930942426789,0.07575209636720952,25.45207273459964,-1.4031839099854282,8.647450110864744,39.91130820399113,82.26164079822617,55.654101995565405,63.203991130820405,46.9179600886918,52.41685144124168,43.325942350332596,76.05321507760532,35.903300399845776,65.42572062084257,True,-0.22271811802767605,False,False,False,True,False,False,NORMAL,0.833,NORMAL,RISK_ON,0.15,0.9,0.91,Non-Energy Minerals,54.6,54.5,54.5,54.5,0.0,80.9,REJECTED,NORMAL,0.833,0.17,0.2125,0.17,0.1275,0.17,53.7,False,False,NORMAL GİRİŞ,⭐,İşlem Açma,0.0,3.0,96.0,0.02554887949189778,0.03125,0.8583284322582763,8.254331631412981,-4.133972397948832,1.952806601741075,81.80995475113122,0.15,True,"Electronic Technology · MU, NVDA, SNDK",
2026-09-29,ISRG,411.9,414.2043,407.07,412.18,1885771.0,-0.6292361173495298,777277090.78,835753525.2929688,0.7695799444170112,11.317147914341518,10.622651637144376,3.6461476564071615,1.7783447836488115,0.6067642383743055,-0.9002958600112161,-0.6067701013897656,-0.6796619453691731,0.43736245034282667,0.2555450429614723,0.24904239428722857,71.62580771764597,-0.40651799932185373,33.70288248337029,93.56984478935698,67.62749445676275,27.27272727272727,79.30155210643015,31.71840354767184,82.35033259423503,22.483370288248334,79.15742793791574,51.365463255134884,35.070953436807095,True,-0.22271811802767605,False,False,False,True,False,False,NORMAL,0.833,NORMAL,RISK_ON,0.15,0.9,0.91,Health Technology,54.5,54.5,54.5,54.5,0.0,80.9,REJECTED,NORMAL,0.833,0.17,0.2125,0.17,0.1275,0.17,54.5,False,False,NORMAL GİRİŞ,⭐,İşlem Açma,0.0,9.0,19.0,-0.07995966169200827,0.10526315789473684,0.6362234813596768,0.03793591459123569,3.385684066690642,-4.824612467460854,59.52488687782806,0.15,True,"Health Technology · BSX, MDT, ISRG",
2026-09-29,SPGI,393.51,394.92,388.57,392.45,3368070.0,-0.876443046587172,1321799071.5,701242027.1469116,1.8406916659607548,8.43571742466518,-11.388832441464025,1.856225570856851,1.712457775154179,0.7536389950424022,2.1260257684035873,-0.09320421658301961,-0.9097955621461792,0.2193500343461512,0.04700787401574495,-0.2646594605882402,61.102362204724116,-0.6537249285594959,25.72062084257206,19.06873614190687,64.07982261640798,97.33924611973393,43.824833702882486,63.69179600886918,30.110864745011092,97.25055432372505,73.61419068736141,44.42398344885378,51.89356984478935,True,-0.22271811802767605,False,False,False,False,False,False,NORMAL,0.833,NORMAL,RISK_ON,0.15,0.9,0.91,Commercial Services,54.5,54.5,54.5,54.5,0.0,80.9,REJECTED,NORMAL,0.833,0.17,0.2125,0.17,0.1275,0.17,62.3,False,False,NORMAL GİRİŞ,⭐,İşlem Açma,0.0,11.0,54.0,-0.1644316755552538,0.0,-1.5237123163531487,-6.819868411692198,0.5538722752885086,-0.9341364833835519,25.63348416289593,0.15,False,"Technology Services · CRM, NFLX, NOW",
2026-09-29,GOOG,338.54,339.64,335.02,337.32,14002260.0,-0.5425178801279018,4723242343.2,5285376835.974121,0.806298942364113,8.233143746512278,-1.6215585627624818,-4.531174822403983,1.5345238493423299,0.7981566135743307,-0.7136537628653753,-0.9755749245347007,-0.7257727180566093,-0.24437036602613527,-0.12121212121212159,0.0198209805516421,49.78354978354998,-0.31979976210022576,35.69844789356985,70.50997782705099,46.34146341463415,32.8159645232816,57.21729490022173,28.647450110864746,61.46341463414633,29.002217294900223,97.33924611973393,43.14354344842152,38.72727272727273,True,-0.22271811802767605,False,False,False,True,False,False,NORMAL,0.833,NORMAL,RISK_ON,0.15,0.9,0.91,Technology Services,54.4,54.4,54.4,54.4,0.0,80.9,REJECTED,NORMAL,0.833,0.17,0.2125,0.17,0.1275,0.17,52.3,False,False,NORMAL GİRİŞ,⭐,İşlem Açma,0.0,3.0,96.0,0.02554887949189778,0.03125,0.8583284322582763,8.254331631412981,-2.2501606145898414,0.06899481838208432,78.57466063348416,0.15,True,"Electronic Technology · MU, NVDA, SNDK",
2026-09-29,BNY,148.65,148.79,146.28,146.98,4217003.0,-0.983564010639626,619815100.9399999,523072447.8267822,1.08794579108205,3.205712847028459,-9.550769230769241,1.6388908097641819,1.1014750633240218,0.4642387658465507,0.7986338017117226,-0.390235144553421,-0.252142266653556,-1.0524339654455317,-0.542629482071721,-0.053127557952341704,27.88844621513909,-0.7608458926119499,21.951219512195124,26.82926829268293,63.41463414634146,76.05321507760532,46.951219512195124,62.79379157427938,42.03991130820399,78.62527716186253,65.6319290465632,38.68352311375338,28.975609756097562,True,-0.22271811802767605,False,False,False,False,False,False,NORMAL,0.833,NORMAL,RISK_ON,0.15,0.9,0.91,Finance,54.2,54.2,54.2,54.2,0.0,80.9,REJECTED,NORMAL,0.833,0.17,0.2125,0.17,0.1275,0.17,60.3,False,False,NORMAL GİRİŞ,⭐,İşlem Açma,0.0,2.0,31.0,-0.11193454029395906,0.0,-0.6972418013568848,-2.61135578253694,0.08550199089333299,-0.08214904202311635,41.86085972850678,0.15,False,"Finance · JPM, BAC, GS",
2026-09-29,TGT,157.55,158.47,154.67,156.43,3746090.0,-1.2623826095063517,586000858.7,485493983.1444092,1.1499627790611113,3.707858276367188,-4.1365363402377735,19.768777275859417,1.540484983273794,0.40243181803597317,-0.008174689320819484,0.22307816504292094,-0.10023482128081454,-0.3417569926722051,-0.17315789473683818,-0.13024889767029862,46.31578947368458,-1.0396644914786757,16.4079822616408,58.31485587583148,90.2439024390244,82.039911308204,75.87583148558758,69.12416851441242,40.84257206208426,70.42128603104213,62.97117516629712,45.42758781654807,33.01773835920177,True,-0.22271811802767605,False,False,False,False,False,False,NORMAL,0.833,NORMAL,RISK_ON,0.15,0.9,0.91,Retail Trade,54.2,54.2,54.2,54.2,0.0,80.9,REJECTED,NORMAL,0.833,0.17,0.2125,0.17,0.1275,0.17,59.7,False,False,NORMAL GİRİŞ,⭐,İşlem Açma,0.0,13.0,12.0,-0.13861084651358005,0.0,0.21731553295660233,-0.8512872043160149,-0.33352595330896073,1.965180474166106,40.42986425339367,0.15,False,"Retail Trade · NKE, TJX, SBUX",
2026-09-29,STT,179.47,180.15,176.45,177.78,2209889.0,-1.0849584231310772,392874066.42,312880429.888916,1.0945056523407997,4.140713500976564,-8.043242124864225,4.8231132075471805,1.2349487571037396,0.6300442860151523,0.499837297629117,-0.11591040162613243,-0.19002452155058921,-0.8393021093147379,-0.36013513513513207,0.03466607400445789,35.945945945946114,-0.8622403051034011,19.733924611973393,35.92017738359202,70.28824833702882,76.71840354767184,54.82261640798226,67.68292682926828,54.32372505543238,76.36363636363636,39.467849223946786,41.60457242164561,44.44567627494457,True,-0.22271811802767605,False,False,False,True,False,False,NORMAL,0.833,NORMAL,RISK_ON,0.15,0.9,0.91,Finance,54.1,54.1,54.1,54.1,0.0,80.9,REJECTED,NORMAL,0.833,0.17,0.2125,0.17,0.1275,0.17,59.8,False,False,NORMAL GİRİŞ,⭐,İşlem Açma,0.0,2.0,31.0,-0.11193454029395906,0.0,-0.6972418013568848,-2.61135578253694,0.8394409690240079,-0.8360880201537912,39.75678733031674,0.15,True,"Finance · JPM, BAC, GS",
2026-09-29,DHI,140.0,140.406,138.37,139.4,3024881.0,-0.014343831019902886,421668411.40000004,337400853.7836914,1.1061430838654,3.628280962262835,-5.420991926182229,-14.415520628683687,1.744265692077725,0.9613088013503679,0.8566422288825074,-1.3969687244269708,-1.5760130728416406,-0.059566803584493934,-0.12612966601178624,-0.0726514576131035,50.589390962671935,0.20837428700777316,58.09312638580931,51.44124168514412,17.073170731707318,78.04878048780488,32.53880266075388,31.7960088691796,52.63858093126386,80.26607538802661,43.45898004434589,50.08443798761975,60.79157427937916,True,-0.22271811802767605,False,False,False,True,False,False,NORMAL,0.833,NORMAL,RISK_ON,0.15,0.9,0.91,Consumer Durables,54.0,54.0,54.0,54.0,0.0,80.9,REJECTED,NORMAL,0.833,0.17,0.2125,0.17,0.1275,0.17,50.1,False,False,NORMAL GİRİŞ,⭐,İşlem Açma,0.0,5.0,47.0,-0.09611548836367505,0.06382978723404255,0.3392823562719416,1.8889759365361414,-2.095101284159917,-2.4005693243819954,64.61538461538461,0.15,True,"HD, DE, F",
2026-09-29,DVN,45.75,46.84,45.56,46.6,10592409.0,-0.27819290286709153,493606259.40000004,532095666.6186905,0.7948189440541704,1.5964290945870536,-1.5839493136219684,12.778315585672795,2.0913432703304347,1.3011647323277746,-0.07338036530372125,-0.5036240176641845,-0.9983276544848544,1.1688005522068654,0.6425781249999988,0.022090045307847504,81.24999999999987,-0.05547478483941548,48.33702882483371,70.73170731707317,82.48337028824834,31.48558758314856,77.19512195121952,35.1219512195122,79.68957871396896,38.93569844789357,66.29711751662971,61.08619733924611,56.96674057649666,True,-0.22271811802767605,False,False,False,True,False,False,NORMAL,0.833,NORMAL,RISK_ON,0.15,0.9,0.91,Energy Minerals,54.0,54.0,54.0,54.0,0.0,80.9,REJECTED,NORMAL,0.833,0.17,0.2125,0.17,0.1275,0.17,55.5,False,False,NORMAL GİRİŞ,⭐,İşlem Açma,0.0,15.0,27.0,-0.13266678729271986,0.0,-0.8276815529380088,-3.09583284340259,1.6370241348839354,2.3665825396970708,37.48303167420814,0.15,True,"Energy Minerals · XOM, CVX, VLO",
2026-09-29,AES,14.86,14.91,14.85,14.86,13734808.0,-0.06724872653693925,204099246.88,108748639.23530579,1.7898022198548982,0.04428567613874167,0.8825526137135054,1.3642564802182733,0.14102645839331931,0.09112956056869496,1.7613711999378507,1.079810480309869,-0.8779544867849285,-0.49129649602592484,-0.36666666666667214,-0.43833182342529364,16.666666666666174,0.1554693914907368,55.210643015521065,78.49223946784922,62.3059866962306,96.23059866962306,69.58980044345898,74.91130820399114,12.461197339246121,95.78713968957871,0.8869179600886918,53.6855136733185,42.529933481152995,True,-0.22271811802767605,False,False,False,False,False,False,NORMAL,0.833,NORMAL,RISK_ON,0.15,0.9,0.91,Utilities,53.9,53.9,53.9,53.9,0.0,80.9,REJECTED,NORMAL,0.833,0.17,0.2125,0.17,0.1275,0.17,45.5,False,False,NORMAL GİRİŞ,⭐,İşlem Açma,0.0,6.0,25.0,0.03811842104059654,0.12,3.005418467305465,7.571076560583823,-1.2229927004141716,0.9684044990203811,86.4027149321267,0.15,False,"Health Technology · LLY, JNJ, TMO",
2026-09-29,CBOE,279.54,282.0,259.36,261.75,2569744.0,3.35228842979971,672630492.0,262027676.93585205,2.4849332288977206,10.352140154157366,-15.686906104042519,7.862529360860426,2.2229111617646073,1.3278255448551117,2.8266093735129405,3.0641459387009706,-0.26914447406054376,-1.5244041266757458,-0.7874779151943475,-0.18840003154800916,10.556537102473444,3.5750065478273862,96.45232815964523,8.869179600886918,75.60975609756098,99.1130820399113,45.57649667405765,88.96895787139688,18.004434589800443,99.02439024390245,27.494456762749447,72.07006612709877,79.98004434589801,True,-0.22271811802767605,False,False,True,False,False,False,NORMAL,0.833,NORMAL,RISK_ON,0.15,0.9,0.91,Finance,56.5,53.9,53.9,53.9,0.0,80.9,REJECTED,NORMAL,0.833,0.17,0.2125,0.17,0.1275,0.17,57.4,False,False,🎯 UYGUN GİRİŞ BÖLGESİ,⭐,İşlem Açma,0.0,16.0,99.0,-0.17851639791542123,0.020202020202020204,0.019313729597758567,-0.5542398222371903,-0.410624525767489,1.6774113091658882,33.3710407239819,0.15,False,"WMT, COST, BRK-B",
2026-09-29,TECH,72.36,72.5,72.36,72.38,3360178.0,-0.1792885566135105,243209683.64,214332361.1793518,1.1102209255646216,0.17928591047014514,0.04146510020732741,2.4486907289454907,0.13689471622197824,0.06494732982291603,0.2695172773550391,0.3600762464927465,-0.07195253969384198,-0.5895058152990789,-0.32857142857147353,-0.22987689554719032,14.285714285711384,0.04342956141416554,51.66297117516629,75.16629711751663,65.6319290465632,78.7139689578714,69.92239467849225,72.74944567627495,22.483370288248338,73.65853658536585,17.516629711751662,51.63367120684165,36.246119733924616,True,-0.22271811802767605,False,False,False,False,False,False,NORMAL,0.833,NORMAL,RISK_ON,0.15,0.9,0.91,Health Technology,53.8,53.8,53.8,53.8,0.0,80.9,REJECTED,NORMAL,0.833,0.17,0.2125,0.17,0.1275,0.17,46.8,False,False,NORMAL GİRİŞ,⭐,İşlem Açma,0.0,6.0,25.0,0.03811842104059654,0.12,3.005418467305465,7.571076560583823,-1.72722565263701,1.4726374512432194,87.6470588235294,0.15,False,"Health Technology · LLY, JNJ, TMO",
2026-09-29,NVDA,230.97,232.82,227.025,227.21,101493628.0,-0.7209650467321249,23060367217.88,23077933881.217834,0.894777503793125,5.3910709054129455,4.440358538267053,13.553900744664894,1.7543536333545557,1.0754105049976233,-0.6619086678807607,0.5009551580175391,-0.8237749903038456,-1.345075286597149,-0.80685936151855,-0.09619880677468164,3.192407247627311,-0.49824692870444887,30.155210643015522,85.14412416851441,83.37028824833703,50.110864745011085,84.16851441241685,50.79822616407982,32.81596452328159,40.532150776053214,99.77827050997783,43.104163119441225,53.215077605321504,True,-0.22271811802767605,False,False,False,False,False,False,NORMAL,0.833,NORMAL,RISK_ON,0.15,0.9,0.91,Electronic Technology,53.6,53.6,53.6,53.6,0.0,80.9,REJECTED,NORMAL,0.833,0.17,0.2125,0.17,0.1275,0.17,53.1,False,False,NORMAL GİRİŞ,⭐,İşlem Açma,0.0,3.0,96.0,0.02554887949189778,0.03125,0.8583284322582763,8.254331631412981,-0.07111071874775221,-2.1100550774600046,73.34841628959275,0.15,False,"Electronic Technology · MU, NVDA, SNDK",
2026-09-29,GS,918.25,919.62,903.85,916.24,1858455.0,-0.004368675033294966,1702790809.2,1892363243.024414,0.8840671403053518,27.060000523158482,-11.387924448012065,-9.406053175395746,1.81602753003384,0.8109137320698061,-0.07132469808075032,-1.0926564085765529,-1.4065599256262653,0.657681575479569,0.25688015218769844,-0.05146917934843437,78.56689917564998,0.21834944299438108,58.758314855875824,19.290465631929045,30.376940133037696,47.22838137472284,25.388026607538805,22.971175166297115,65.05543237250555,48.470066518847005,91.7960088691796,52.6216566581415,43.1640798226164,True,-0.22271811802767605,False,False,False,True,False,False,NORMAL,0.833,NORMAL,RISK_ON,0.15,0.9,0.91,Finance,53.5,53.5,53.5,53.5,0.0,80.9,REJECTED,NORMAL,0.833,0.17,0.2125,0.17,0.1275,0.17,54.5,False,False,NORMAL GİRİŞ,⭐,İşlem Açma,0.0,2.0,31.0,-0.11193454029395906,0.0,-0.6972418013568848,-2.61135578253694,-1.2921189937019073,1.295471942572124,45.86538461538461,0.15,True,"Finance · JPM, BAC, GS",
2026-09-29,LLY,1186.05,1192.94,1168.471,1184.63,1659277.0,-0.012663050791283936,1965629312.5100002,2451714344.177246,0.7153011824855907,28.539926130022327,0.8530490971471627,-1.2339276794871123,1.0976056378863905,0.8234189252097075,-1.4102133717940868,-0.11876348501141666,-1.2599703839361605,0.44616163446756796,0.15031059708202832,-0.06360978237359392,66.03866116310463,0.2100550672363921,58.31485587583148,78.27050997782705,56.09756097560976,19.733924611973393,66.07538802660754,26.263858093126387,59.512195121951216,13.43680709534368,94.45676274944567,55.79233618282931,35.10421286031042,True,-0.22271811802767605,False,False,False,True,False,False,NORMAL,0.833,NORMAL,RISK_ON,0.15,0.9,0.91,Health Technology,53.5,53.5,53.5,53.5,0.0,80.9,REJECTED,NORMAL,0.833,0.17,0.2125,0.17,0.1275,0.17,47.3,False,False,NORMAL GİRİŞ,⭐,İşlem Açma,0.0,6.0,25.0,0.03811842104059654,0.12,3.005418467305465,7.571076560583823,-0.25458820139379057,0.0,83.81221719457014,0.15,True,"Health Technology · LLY, JNJ, TMO",
2026-09-29,PNC,223.18,224.14,219.99,221.65,1922181.0,-0.9031153867223307,426051418.65000004,380218329.788208,1.1384091016772482,4.822858973911829,-8.492279745685739,-9.978880675818369,1.3345339590619634,0.3855716155814165,0.4989400991936332,-0.15938321573486391,-0.0060961816555959655,-0.4089156181000362,-0.27590361445783085,-0.09749044393318783,40.000000000000135,-0.6803972686946547,24.833702882483372,32.59423503325942,28.60310421286031,80.70953436807096,30.39911308203991,69.66740576496674,44.65631929046563,78.66962305986696,48.11529933481153,35.04212860310423,32.43237250554324,True,-0.22271811802767605,False,False,False,False,False,False,NORMAL,0.833,NORMAL,RISK_ON,0.15,0.9,0.91,Finance,53.4,53.4,53.4,53.4,0.0,80.9,REJECTED,NORMAL,0.833,0.17,0.2125,0.17,0.1275,0.17,59.7,False,False,NORMAL GİRİŞ,⭐,İşlem Açma,0.0,2.0,31.0,-0.11193454029395906,0.0,-0.6972418013568848,-2.61135578253694,-0.5582723721162974,0.5616253209865141,44.01018099547511,0.15,False,"Finance · JPM, BAC, GS",
2026-09-29,AMD,616.735,624.13,605.25,607.57,16513527.0,-0.04935185477111803,10033123599.390001,11278576279.54712,0.7518174297888304,26.04141854422433,30.497444048283874,4.589351190373736,3.6241615372794236,1.858447604740196,-1.0404756779460647,-0.5150684802485561,-1.5944617429098158,-1.2193150941328545,-0.6332759533898268,0.3660020728284569,12.288135593220607,0.17336626325655802,56.09756097560976,99.1130820399113,69.62305986696231,25.49889135254989,82.89356984478937,18.49223946784922,61.729490022172946,19.556541019955652,98.66962305986696,53.928370100342015,59.893569844789354,True,-0.22271811802767605,False,False,False,True,False,False,NORMAL,0.833,NORMAL,RISK_ON,0.15,0.9,0.91,Electronic Technology,53.0,53.0,53.0,53.0,0.0,80.9,REJECTED,NORMAL,0.833,0.17,0.2125,0.17,0.1275,0.17,47.7,False,False,NORMAL GİRİŞ,⭐,İşlem Açma,0.0,3.0,96.0,0.02554887949189778,0.03125,0.8583284322582763,8.254331631412981,-1.942924427720133,-0.2382413684876239,77.57918552036199,0.15,True,"Electronic Technology · MU, NVDA, SNDK",
2026-09-29,APH,86.08,86.2168,83.71,84.34,10623739.0,-0.33089427735020216,896006147.26,934782074.1119385,0.8611655770109184,2.912628331647601,6.935463420819077,-4.333030852994546,2.4555159294970257,1.3015873489714085,-0.5190256023832788,-0.03402409568235677,-1.084086147842431,-0.9289178739766454,-0.5859023456199084,0.012349134253602444,25.131641933939942,-0.10817615932252611,46.11973392461197,89.57871396895787,46.78492239467849,43.45898004434589,66.04212860310422,39.97782705099778,50.687361419068736,38.49223946784922,82.039911308204,46.30362982532304,60.68292682926828,True,-0.22271811802767605,False,False,False,True,False,False,NORMAL,0.833,NORMAL,RISK_ON,0.15,0.9,0.91,Electronic Technology,52.7,52.7,52.7,52.7,0.0,80.9,REJECTED,NORMAL,0.833,0.17,0.2125,0.17,0.1275,0.17,51.3,False,False,NORMAL GİRİŞ,⭐,İşlem Açma,0.0,3.0,96.0,0.02554887949189778,0.03125,0.8583284322582763,8.254331631412981,2.464913696742782,-4.646079492950539,68.4841628959276,0.15,True,"Electronic Technology · MU, NVDA, SNDK",
2026-09-29,EIX,51.5,53.695,51.1,53.56,7944577.0,4.060615367648768,425511544.12,276227983.97102356,1.0727108488639394,1.5653565761021204,-23.671084509049443,-28.05910006715917,3.234274431847492,0.7542151847231715,1.3094086797253344,1.003459675738857,0.5713945450674042,1.6454236281489953,0.8500000000000014,0.022617646756091004,94.79768786127175,4.283333485676444,98.00443458980045,1.9955654101995564,2.882483370288248,74.72283813747228,2.483370288248337,87.6940133037694,84.6119733924612,81.01995565410199,29.933481152993345,70.1959550388988,58.99778270509978,True,-0.22271811802767605,True,False,True,True,False,False,NORMAL,0.833,NORMAL,RISK_ON,0.15,0.9,0.91,Utilities,67.7,52.7,52.7,52.7,0.0,80.9,REJECTED,NORMAL,0.833,0.17,0.2125,0.17,0.1275,0.17,73.9,False,False,🎯 UYGUN GİRİŞ BÖLGESİ,⭐,İşlem Açma,0.0,16.0,99.0,-0.17851639791542123,0.020202020202020204,0.019313729597758567,-0.5542398222371903,-1.2134245482103068,2.480211331608706,35.31674208144797,0.15,False,"WMT, COST, BRK-B",
2026-09-29,VMC,246.52,248.84,239.9,242.75,1653826.0,-1.381269137026342,401466261.5,292697349.6498718,1.3609328390449427,6.225712193080357,-11.569706021638549,-17.714653740551167,1.5832349242692099,0.9098577200231146,1.600876772948249,1.253144881891682,-0.48603344361502826,-0.47400875153835675,-0.3890939597315448,-0.2239253482852005,31.879194630872426,-1.1585510189986659,12.416851441241686,17.96008869179601,10.643015521064301,91.57427937915743,13.93569844789357,82.00665188470066,25.011086474501106,92.72727272727272,34.58980044345898,23.42406136996086,65.13082039911308,True,-0.22271811802767605,False,False,False,False,False,False,NORMAL,0.833,NORMAL,RISK_ON,0.15,0.9,0.91,Non-Energy Minerals,52.8,52.7,52.7,52.7,0.0,80.9,REJECTED,NORMAL,0.833,0.17,0.2125,0.17,0.1275,0.17,57.6,False,False,NORMAL GİRİŞ,⭐,İşlem Açma,0.0,5.0,47.0,-0.09611548836367505,0.06382978723404255,0.3392823562719416,1.8889759365361414,-0.8923611606501902,-3.6033094478917223,62.398190045248874,0.15,False,"HD, DE, F",
2026-09-29,GNRC,207.9,212.41,205.25,212.22,1277124.0,3.416009481402704,271031255.28,188805924.72634888,0.887995494399288,11.63785635811942,15.462459194776933,-27.522967111778975,4.812287234407938,2.6449580256400913,0.43355610800634237,-0.5394745327767618,0.2787424368053868,1.8738642581972018,0.7923184357541901,-0.1710565072464981,97.34636871508383,3.6387275994303803,96.67405764966742,96.89578713968959,3.5476718403547673,47.893569844789354,45.55432372505544,59.50110864745011,60.0,57.73835920177384,11.751662971175167,69.11490294689641,84.54101995565411,True,-0.22271811802767605,False,False,True,True,False,False,NORMAL,0.833,NORMAL,RISK_ON,0.15,0.9,0.91,Producer Manufacturing,56.0,52.5,52.5,52.5,0.0,80.9,REJECTED,NORMAL,0.833,0.17,0.2125,0.17,0.1275,0.17,49.7,False,False,🎯 UYGUN GİRİŞ BÖLGESİ,⭐,İşlem Açma,0.0,3.0,96.0,0.02554887949189778,0.03125,0.8583284322582763,8.254331631412981,3.588662203588494,-5.7698279997962505,67.35294117647058,0.15,False,"Electronic Technology · MU, NVDA, SNDK",
2026-09-29,AME,251.94,254.193,249.585,250.78,1189709.0,-0.35363697517407644,298355223.02,330548798.4321594,0.807759785449978,5.391288635253907,6.15026455026455,3.6537984624287034,1.4186249334932728,0.7054018694798653,-0.09377334211489996,-0.1297132016281869,-0.9617548819152433,-0.7516798068553847,-0.378016493055557,0.2132289090667988,25.933159722222047,-0.1309188571464004,45.23281596452328,88.24833702882484,67.84922394678492,33.03769401330377,77.02882483370288,43.07095343680709,66.0310421286031,39.51219512195122,42.572062084257205,50.735222845836404,46.46119733924613,True,-0.22271811802767605,False,False,False,True,False,False,NORMAL,0.833,NORMAL,RISK_ON,0.15,0.9,0.91,Producer Manufacturing,52.3,52.3,52.3,52.3,0.0,80.9,REJECTED,NORMAL,0.833,0.17,0.2125,0.17,0.1275,0.17,49.1,False,False,NORMAL GİRİŞ,⭐,İşlem Açma,0.0,3.0,96.0,0.02554887949189778,0.03125,0.8583284322582763,8.254331631412981,2.84236310290043,-5.023528899108188,68.03167420814479,0.15,True,"Electronic Technology · MU, NVDA, SNDK",
2026-09-29,IQV,271.46,273.5,266.425,268.99,1174130.0,-0.7307086436813437,315829228.7,349025628.0924072,0.724416104442573,6.736070033482142,2.7659980897803305,39.21436704274921,1.6017103515461701,0.6658021018815713,-0.3322430265545819,0.39823474696821803,-0.641218547424138,-0.7272879446037621,-0.30830388692579314,0.015639242573983154,36.25441696113077,-0.5079905256536676,29.933481152993345,81.59645232815964,96.45232815964523,20.39911308203991,89.76718403547673,50.7649667405765,54.634146341463406,27.405764966740577,45.45454545454545,48.04340178480487,48.829268292682926,True,-0.22271811802767605,False,False,False,True,False,False,NORMAL,0.833,NORMAL,RISK_ON,0.15,0.9,0.91,Health Technology,52.1,52.1,52.1,52.1,0.0,80.9,REJECTED,NORMAL,0.833,0.17,0.2125,0.17,0.1275,0.17,46.2,False,False,NORMAL GİRİŞ,⭐,İşlem Açma,0.0,6.0,25.0,0.03811842104059654,0.12,3.005418467305465,7.571076560583823,-1.9001705980793204,1.6455823966855299,87.96380090497736,0.15,True,"Health Technology · LLY, JNJ, TMO",
2026-09-29,NUE,242.26,244.05,235.18,236.24,1473666.0,-3.3743733108937746,348138855.84000003,279631481.0097656,1.1949983579239294,7.639288242885044,-5.692614770459081,6.056116722783389,2.2968169277807893,0.864273668280795,0.43546244902784476,0.724551065722339,1.62384535404985,-1.3033254278712487,-0.7239571589627947,-0.18110048187577632,11.950394588500583,-3.1516551928660985,1.1086474501108647,49.2239467849224,72.06208425720621,84.4789356984479,61.7849223946785,86.06430155210643,20.044345898004433,79.77827050997783,31.042128603104214,29.134063849093963,72.02217294900223,True,-0.22271811802767605,False,False,False,False,False,False,NORMAL,0.833,NORMAL,RISK_ON,0.15,0.9,0.91,Non-Energy Minerals,53.4,52.1,52.1,52.1,0.0,80.9,REJECTED,NORMAL,0.833,0.17,0.2125,0.17,0.1275,0.17,54.0,False,False,NORMAL GİRİŞ,⭐,İşlem Açma,0.0,3.0,96.0,0.02554887949189778,0.03125,0.8583284322582763,8.254331631412981,-3.180379799019234,0.9992140028114771,80.29411764705881,0.15,False,"Electronic Technology · MU, NVDA, SNDK",
2026-09-29,ANET,207.1,207.48,201.35,202.86,4554405.0,-1.0052694648410743,923906598.3000001,893595828.6712646,0.9506088448437082,7.450284336635044,3.828436892210063,19.413703790911253,2.527152901618299,1.4134166656416662,-0.7271044477524227,-0.16527351347168293,-0.6599170694489961,-1.0908072872865922,-0.590293637846651,-0.09909968928166425,24.632952691680597,-0.7825513468133982,21.286031042128602,84.4789356984479,89.3569844789357,59.64523281596452,87.16186252771618,46.95121951219512,35.210643015521065,44.92239467849224,80.70953436807096,43.647330745886464,65.11973392461198,True,-0.22271811802767605,False,False,False,False,False,False,NORMAL,0.833,NORMAL,RISK_ON,0.15,0.9,0.91,Electronic Technology,52.0,51.9,51.9,51.9,0.0,80.9,REJECTED,NORMAL,0.833,0.17,0.2125,0.17,0.1275,0.17,49.8,False,False,NORMAL GİRİŞ,⭐,İşlem Açma,0.0,3.0,96.0,0.02554887949189778,0.03125,0.8583284322582763,8.254331631412981,-0.4813443602280365,-1.6998214359797204,74.34389140271493,0.15,False,"Electronic Technology · MU, NVDA, SNDK",
2026-09-29,VRSN,279.23,280.25,275.23,279.84,693727.0,-0.7905864736818868,194132563.67999998,192364557.11160642,0.9458731294951768,7.409285103934151,-4.141403761175633,11.24185085069167,1.550121524932375,0.5128017507624423,-0.11925557398514178,-0.044320480589083985,-0.5497994303392842,0.8825830994132855,0.5148406374501898,0.057187662967650425,91.83266932270864,-0.5678683556542108,28.824833702882486,58.09312638580931,81.1529933481153,58.98004434589801,70.77605321507761,55.09977827050997,78.980044345898,54.01330376940133,12.86031042128603,55.20100529147264,42.87361419068736,True,-0.22271811802767605,False,False,False,True,False,False,NORMAL,0.833,NORMAL,RISK_ON,0.15,0.9,0.91,Technology Services,51.6,51.6,51.6,51.6,0.0,80.9,REJECTED,NORMAL,0.833,0.17,0.2125,0.17,0.1275,0.17,53.6,False,False,NORMAL GİRİŞ,⭐,İşlem Açma,0.0,11.0,54.0,-0.1644316755552538,0.0,-1.5237123163531487,-6.819868411692198,-3.503083037287552,3.1228188291925085,35.18099547511312,0.15,True,"Technology Services · CRM, NFLX, NOW",
2026-09-29,AKAM,110.78,111.43,105.752,108.45,6060177.0,-0.4954563486132879,657226195.65,431007466.2844238,1.1491842168140083,6.7962868913923,0.9118823857820813,-8.25649268251416,3.875868422369529,1.6001408586535348,1.2125394130334133,-0.31850131949920113,-1.113136491587587,-0.17507011439142717,-0.21197604790419072,-0.41224108886214134,47.5167312433956,-0.27273823058561186,39.24611973392461,78.7139689578714,33.48115299334812,81.81818181818183,53.8359201773836,51.71840354767185,17.339246119733925,84.56762749445677,56.09756097560976,42.73393476513778,78.88248337028824,True,-0.22271811802767605,False,False,False,False,False,False,NORMAL,0.833,NORMAL,RISK_ON,0.15,0.9,0.91,Technology Services,54.0,51.5,51.5,51.5,0.0,80.9,REJECTED,NORMAL,0.833,0.17,0.2125,0.17,0.1275,0.17,48.9,False,False,NORMAL GİRİŞ,⭐,İşlem Açma,0.0,3.0,96.0,0.02554887949189778,0.03125,0.8583284322582763,8.254331631412981,-7.703083073701983,5.521917277494225,84.81900452488688,0.15,False,"Electronic Technology · MU, NVDA, SNDK",
2026-09-29,HUBB,469.3599853515625,472.32000732421875,456.9800109863281,459.0899963378906,491659.0,-1.4236032091030082,225715728.50949097,203448604.63513184,1.0094429902535562,12.401781354631696,-0.12400549582504139,-12.253441066916936,1.5766884287623013,0.9229245221112409,0.07710236337079818,0.9235540922585527,-0.008965867380567415,-1.0865669336646162,-0.6999681694024402,0.023662470765725464,13.754796970522879,-1.2008850910753321,11.30820399113082,74.94456762749445,22.838137472283815,67.62749445676275,46.286031042128606,75.17738359201773,50.95343680709534,63.54767184035476,15.077605321507761,26.3765883445024,65.1529933481153,True,-0.22271811802767605,False,False,False,True,False,False,NORMAL,0.833,NORMAL,RISK_ON,0.15,0.9,0.91,Producer Manufacturing,51.5,51.5,51.5,51.5,0.0,80.9,REJECTED,NORMAL,0.833,0.17,0.2125,0.17,0.1275,0.17,53.6,False,False,NORMAL GİRİŞ,⭐,İşlem Açma,0.0,3.0,96.0,0.02554887949189778,0.03125,0.8583284322582763,8.254331631412981,0.7108577343622857,-2.8920235305700426,71.49321266968326,0.15,True,"Electronic Technology · MU, NVDA, SNDK",
2026-09-29,AMT,167.25,169.22,166.07,167.35,2841128.0,-0.38690476190476053,475462770.8,424556681.95666504,1.084348265827012,3.8314289637974333,-5.038869658968393,2.3109372134254347,1.3687630056175115,0.48388460961843516,0.39022023686846785,-0.08435798585774731,-0.8433281188874194,-0.07002719994628614,-0.08873015873015999,-0.18079402433532846,40.6349206349206,-0.16418664387708448,44.345898004434595,52.106430155210646,65.18847006651885,75.60975609756098,59.301552106430165,56.7960088691796,36.674057649667404,73.8359201773836,54.54545454545454,50.95595326083131,36.65631929046563,True,-0.22271811802767605,False,False,False,False,False,False,NORMAL,0.833,NORMAL,RISK_ON,0.15,0.9,0.91,Finance,51.4,51.4,51.4,51.4,0.0,80.9,REJECTED,NORMAL,0.833,0.17,0.2125,0.17,0.1275,0.17,53.7,False,False,NORMAL GİRİŞ,⭐,İşlem Açma,0.0,16.0,99.0,-0.17851639791542123,0.020202020202020204,0.019313729597758567,-0.5542398222371903,-3.014641494923132,4.281428278321531,38.2579185520362,0.15,False,"WMT, COST, BRK-B",
2026-09-29,GD,331.46,335.47,330.36,332.34,1704342.0,-0.5446503597569152,566421020.28,445405296.21276855,1.3064997585300229,6.134284929547992,-12.385321100917434,-6.182249322493238,0.9820628403482148,0.32667110491480855,1.438976500701688,-0.3211263280296144,-0.7770255342485296,0.11556757647168893,-0.04628180039139951,-0.24120540743321092,38.74755381604611,-0.3219322417292392,35.47671840354767,14.634146341463413,40.79822616407982,89.3569844789357,29.02439024390244,59.966740576496676,31.175166297117514,90.59866962305986,57.64966740576497,40.9146666898086,27.190687361419066,True,-0.22271811802767605,False,False,False,False,False,False,NORMAL,0.833,NORMAL,RISK_ON,0.15,0.9,0.91,Electronic Technology,51.4,51.4,51.4,51.4,0.0,80.9,REJECTED,NORMAL,0.833,0.17,0.2125,0.17,0.1275,0.17,57.0,False,False,NORMAL GİRİŞ,⭐,İşlem Açma,0.0,1.0,13.0,-0.16992272122615265,0.0,0.37715172055692303,-3.842508601358297,-2.0825531697394095,2.8012786760596486,32.51696832579185,0.15,False,"Electronic Technology · BA, GE, HWM",
2026-09-29,PLTR,187.34,188.63,184.81,186.97,14754095.0,-0.27202674373869584,2758573142.15,4188332842.303009,0.5667577260769298,5.773713814871651,0.3650222770948508,60.25542127367789,3.0821563214200167,1.095240435598131,-1.94343241860784,-0.5305072096980615,-1.0275275695517816,-0.09755688817609076,0.02840314136125606,0.10045508749218522,56.544502617801065,-0.04930862571101979,48.55875831485588,76.49667405764967,99.55654101995566,3.7694013303769403,89.17960088691797,19.844789356984478,69.66740576496673,2.7937915742793793,96.45232815964523,58.70101345468477,53.483370288248345,True,-0.22271811802767605,False,False,False,True,False,False,NORMAL,0.833,NORMAL,RISK_ON,0.15,0.9,0.91,Technology Services,51.4,51.4,51.4,51.4,0.0,80.9,REJECTED,NORMAL,0.833,0.17,0.2125,0.17,0.1275,0.17,46.7,False,False,NORMAL GİRİŞ,⭐,İşlem Açma,0.0,3.0,96.0,0.02554887949189778,0.03125,0.8583284322582763,8.254331631412981,1.7245148614194294,-3.9056806576271863,69.52488687782805,0.15,True,"Electronic Technology · MU, NVDA, SNDK",
2026-09-29,VLO,381.57,389.4,379.57,387.72,2651663.0,-0.47488443397518676,1028102778.36,1366720232.0465088,0.6570857566243504,17.47286385672433,10.035191281643785,48.87114114575335,2.136269894665408,1.0267766650250025,-0.22649445185048714,-1.7610061139268178,-0.9964481363017325,0.9217373763743208,0.643540183112927,0.10912041925424958,82.90946083418156,-0.2521663159475107,41.019955654102,92.90465631929047,98.22616407982262,11.529933481152993,95.83148558758316,19.379157427937916,83.72505543237251,24.035476718403547,88.24833702882484,60.592498189848314,47.84478935698448,True,-0.22271811802767605,False,False,False,True,False,False,NORMAL,0.833,NORMAL,RISK_ON,0.15,0.9,0.91,Energy Minerals,51.4,51.4,51.4,51.4,0.0,80.9,REJECTED,NORMAL,0.833,0.17,0.2125,0.17,0.1275,0.17,53.4,False,False,NORMAL GİRİŞ,⭐,İşlem Açma,0.0,15.0,27.0,-0.13266678729271986,0.0,-0.8276815529380088,-3.09583284340259,5.1455200117059725,-1.1419133371249668,30.944570135746606,0.15,True,"Energy Minerals · XOM, CVX, VLO",
2026-09-29,AZO,2916.68,2921.48,2836.0166,2875.97,413412.0,-1.280688053385659,1188960509.6399999,1184802274.82,1.0218931912842506,86.3752630859375,-2.9031452146551673,-10.011762111045963,1.632372760953241,0.5720908013958109,1.1591057354031469,0.1848745339779224,-0.5144027860879021,-0.2790064914799265,-0.250114434951104,-0.21981704302384542,46.74913471731739,-1.057969935357983,15.96452328159645,64.7450110864745,28.38137472283814,68.73614190687361,44.745011086474506,67.90465631929047,28.869179600886916,76.36363636363637,85.36585365853658,30.35118841629937,40.190687361419066,True,-0.22271811802767605,False,False,False,False,False,False,NORMAL,0.833,NORMAL,RISK_ON,0.15,0.9,0.91,Retail Trade,51.2,51.2,51.2,51.2,0.0,80.9,REJECTED,NORMAL,0.833,0.17,0.2125,0.17,0.1275,0.17,61.4,False,False,NORMAL GİRİŞ,⭐,İşlem Açma,0.0,16.0,99.0,-0.17851639791542123,0.020202020202020204,0.019313729597758567,-0.5542398222371903,0.8451308507165467,0.42165593268185253,29.72850678733032,0.15,False,"WMT, COST, BRK-B",
2026-09-29,MS,193.8,194.35,191.2715,192.76,4677334.0,-0.45445124582844665,901602901.8399999,877564430.7510376,0.94276094140364,5.077748517717633,-10.248172463565686,-7.787983161117495,1.417569312544047,0.7317403415779222,-0.070373639844183,-1.0157333645153586,-0.7038326880930175,-0.22351465885628816,-0.17015592009095967,-0.06621855459707385,48.3514698716905,-0.2317331278007706,43.01552106430155,23.28159645232816,35.47671840354767,58.536585365853654,29.988913525498894,37.88248337028825,50.731707317073166,55.34368070953436,80.48780487804879,43.43935984747947,41.08425720620842,True,-0.22271811802767605,False,False,False,True,False,False,NORMAL,0.833,NORMAL,RISK_ON,0.15,0.9,0.91,Finance,51.2,51.2,51.2,51.2,0.0,80.9,REJECTED,NORMAL,0.833,0.17,0.2125,0.17,0.1275,0.17,53.8,False,False,NORMAL GİRİŞ,⭐,İşlem Açma,0.0,2.0,31.0,-0.11193454029395906,0.0,-0.6972418013568848,-2.61135578253694,-1.496900508790333,1.5002534576605497,46.38574660633484,0.15,True,"Finance · JPM, BAC, GS",
2026-09-29,HD,290.91,291.83,287.34,288.04,6012040.0,-0.6381781209956694,1731708001.6000001,1373298999.1729736,1.3028837922941394,6.440713762555804,-12.76537750991853,-18.3282295565385,1.3440744828994913,0.6506444306764275,1.5699186424167586,-0.8016453694490677,-1.02178320436184,-0.9761931560041455,-0.6661469933184747,-0.4462559308079633,15.59020044543528,-0.41546000296799335,33.48115299334812,13.52549889135255,9.534368070953436,88.91352549889136,11.33037694013304,47.88248337028825,5.232815964523282,90.86474501108648,88.470066518847,28.603365942547963,43.98669623059867,True,-0.22271811802767605,False,False,False,False,False,False,NORMAL,0.833,NORMAL,RISK_ON,0.15,0.9,0.91,Retail Trade,51.1,51.1,51.1,51.1,0.0,80.9,REJECTED,NORMAL,0.833,0.17,0.2125,0.17,0.1275,0.17,51.8,False,False,NORMAL GİRİŞ,⭐,İşlem Açma,0.0,5.0,47.0,-0.09611548836367505,0.06382978723404255,0.3392823562719416,1.8889759365361414,-4.4956706085419125,0.0,68.31447963800906,0.15,False,"HD, DE, F",
2026-09-29,MCO,456.35,458.65,450.53,454.82,848719.0,-1.143276544466565,386014375.58,322162711.41815186,1.1789483188520549,10.124999912806922,-11.676861831245766,0.41950013247371576,1.4856186390144024,0.734455368547221,0.5428978225387905,0.13129759225855356,-0.18574781543199678,-0.05211271246888905,-0.053633004926107515,-0.1517448805060187,52.83251231527116,-0.9205584264388889,18.403547671840354,17.516629711751662,59.86696230598669,83.5920177383592,40.80931263858093,71.98447893569845,42.572062084257205,81.01995565410199,41.019955654102,39.24223127587302,53.80266075388026,True,-0.22271811802767605,False,False,False,False,False,False,NORMAL,0.833,NORMAL,RISK_ON,0.15,0.9,0.91,Commercial Services,51.1,51.1,51.1,51.1,0.0,80.9,REJECTED,NORMAL,0.833,0.17,0.2125,0.17,0.1275,0.17,58.8,False,False,NORMAL GİRİŞ,⭐,İşlem Açma,0.0,11.0,54.0,-0.1644316755552538,0.0,-1.5237123163531487,-6.819868411692198,-0.03888938672915154,-0.3413748213658918,27.443438914027148,0.15,False,"Technology Services · CRM, NFLX, NOW",
2026-09-29,VRTX,522.22,529.46,519.245,526.73,688927.0,-0.17813840858866836,362878518.71000004,449013147.0687256,0.6655849362845025,11.063921508789065,-2.7617271871365645,6.039498319006298,1.2181225962115632,0.8007100981010984,-1.5814257198377835,0.06957538581287527,-1.047897244044756,0.9868449642445889,0.4546989720998511,-0.045136614833480825,73.27459618208508,0.044579709439007686,51.88470066518847,65.18847006651885,71.84035476718404,13.082039911308204,68.8470066518847,31.607538802660756,70.55432372505544,8.824833702882483,58.31485587583148,56.69996516144576,42.751662971175165,True,-0.22271811802767605,False,False,False,True,False,False,NORMAL,0.833,NORMAL,RISK_ON,0.15,0.9,0.91,Health Technology,51.1,51.1,51.1,51.1,0.0,80.9,REJECTED,NORMAL,0.833,0.17,0.2125,0.17,0.1275,0.17,44.1,False,False,NORMAL GİRİŞ,⭐,İşlem Açma,0.0,6.0,25.0,0.03811842104059654,0.12,3.005418467305465,7.571076560583823,0.7867575569007412,-1.0413457582945318,80.7918552036199,0.15,True,"Health Technology · LLY, JNJ, TMO",
2026-09-29,MO,68.35,68.92,67.97,68.72,6868120.0,-0.593081541599072,471977206.4,528903989.9711609,0.8325019166724748,1.2642855834960938,0.10196649672249425,-4.489228630993747,0.935624622773113,0.6416940870887761,-0.533670224324863,0.10382396141392032,-0.43720148870486325,1.1001227182201385,0.49368421052631484,-0.036379565786481126,78.9473684210524,-0.37036342357139596,34.368070953436806,75.60975609756098,46.56319290465632,37.250554323725055,59.63414634146342,51.873614190687356,73.17073170731706,34.67849223946785,66.07538802660754,47.3503909441008,31.46341463414634,True,-0.22271811802767605,False,False,False,True,False,False,NORMAL,0.833,NORMAL,RISK_ON,0.15,0.9,0.91,Consumer Non-Durables,50.9,50.9,50.9,50.9,0.0,80.9,REJECTED,NORMAL,0.833,0.17,0.2125,0.17,0.1275,0.17,57.7,False,False,NORMAL GİRİŞ,⭐,İşlem Açma,0.0,16.0,99.0,-0.17851639791542123,0.020202020202020204,0.019313729597758567,-0.5542398222371903,1.6097554462496388,-0.3429686628512396,27.669683257918553,0.15,True,"WMT, COST, BRK-B",
2026-09-29,CEG,261.725,270.115,261.22,264.58,1881099.0,1.593521269028808,497701173.41999996,739907296.9848633,0.6479878469919755,8.985716291155134,-4.397470641373092,6.526553126384016,2.6241404759204525,0.991487964048547,-1.3314761966080482,0.5258871554683286,0.533426085288096,0.136175178054967,0.009949409780769553,-0.1862057695458484,37.77403035413113,1.8162393870564841,91.57427937915743,56.98447893569845,72.28381374722838,10.199556541019955,65.39911308203992,56.82926829268293,38.22616407982262,8.070953436807095,74.94456762749445,67.21088418840647,61.41241685144125,True,-0.22271811802767605,False,False,True,False,False,False,NORMAL,0.833,NORMAL,RISK_ON,0.15,0.9,0.91,Utilities,50.8,50.8,50.8,50.8,0.0,80.9,REJECTED,NORMAL,0.833,0.17,0.2125,0.17,0.1275,0.17,45.1,True,False,🎯 UYGUN GİRİŞ BÖLGESİ,⭐,İşlem Açma,0.0,3.0,96.0,0.02554887949189778,0.03125,0.8583284322582763,8.254331631412981,1.0793049653874898,-3.2604707615952466,70.76923076923076,0.15,False,"Electronic Technology · MU, NVDA, SNDK",
2026-09-29,DXCM,86.63,87.03,85.24,86.64,3121839.0,-0.04614709856363142,270476130.96,283083808.0005231,0.7704725002159507,2.174285823277065,-4.602510460251041,28.641425389755028,1.466373511193574,0.41798766198362924,-0.6775655780251925,-0.25784803777201276,-1.2995600859699874,0.46240689842231036,0.312849162011175,0.045133749508050276,78.21229050279334,0.17657101946404463,56.31929046563193,54.988913525498894,93.34811529933481,27.494456762749447,76.08647450110865,28.237250554323726,72.94900221729489,26.518847006651885,32.15077605321508,64.82012040282923,33.891352549889135,True,-0.22271811802767605,False,False,False,True,False,False,NORMAL,0.833,NORMAL,RISK_ON,0.15,0.9,0.91,Health Technology,50.6,50.6,50.6,50.6,0.0,80.9,REJECTED,NORMAL,0.833,0.17,0.2125,0.17,0.1275,0.17,42.1,False,False,NORMAL GİRİŞ,⭐,İşlem Açma,0.0,9.0,19.0,-0.07995966169200827,0.10526315789473684,0.6362234813596768,0.03793591459123569,-2.351672271649685,0.9127438708794733,71.33484162895928,0.15,True,"Health Technology · BSX, MDT, ISRG",
2026-09-29,FTNT,174.5,176.65,172.42,175.96,2488623.0,-0.20983487053393146,437898103.08000004,586387009.8699646,0.5660045601087148,6.932144470214845,6.000000000000005,14.542377294623087,2.978637320226329,1.1004084163233958,-1.7382937697006797,-0.9852797004168354,-1.1378221715163037,0.9039013951197646,0.5258865248226966,0.16081030126170154,83.68794326241147,0.012883247493744587,50.77605321507761,88.02660753880266,84.92239467849224,3.5476718403547673,86.31929046563194,11.929046563192902,85.45454545454545,2.926829268292683,69.40133037694012,61.48852825085312,56.90022172949003,True,-0.22271811802767605,False,False,False,True,False,False,NORMAL,0.833,NORMAL,RISK_ON,0.15,0.9,0.91,Technology Services,50.5,50.5,50.5,50.5,0.0,80.9,REJECTED,NORMAL,0.833,0.17,0.2125,0.17,0.1275,0.17,43.7,False,False,NORMAL GİRİŞ,⭐,İşlem Açma,0.0,3.0,96.0,0.02554887949189778,0.03125,0.8583284322582763,8.254331631412981,1.629746690057049,-3.810912486264806,69.79638009049773,0.15,True,"Electronic Technology · MU, NVDA, SNDK",
2026-09-29,HBAN,15.34,15.425,15.075,15.27,28398439.0,-0.19607967556125594,433644163.53,424436601.57528496,0.9423232930567529,0.39714279174804695,-9.751773049645408,-13.874788494077839,1.8154758343004493,0.4814246935179412,0.4488876410506345,-0.05785498730935033,-1.149195032138623,0.08445232408219118,-0.027142857142858745,-0.11790426497190407,55.71428571428557,0.02663844246642011,51.44124168514412,26.38580931263858,17.738359201773836,58.31485587583148,21.629711751662974,49.05764966740577,48.0709534368071,64.52328159645234,54.32372505543237,44.18229331643965,40.20842572062084,True,-0.22271811802767605,False,False,False,True,False,False,NORMAL,0.833,NORMAL,RISK_ON,0.15,0.9,0.91,Finance,50.5,50.5,50.5,50.5,0.0,80.9,REJECTED,NORMAL,0.833,0.17,0.2125,0.17,0.1275,0.17,52.9,False,False,NORMAL GİRİŞ,⭐,İşlem Açma,0.0,2.0,31.0,-0.11193454029395906,0.0,-0.6972418013568848,-2.61135578253694,-0.4671016715001808,0.4704546203703974,43.73868778280543,0.15,True,"Finance · JPM, BAC, GS",
2026-09-29,HOOD,118.83,119.1899,114.93,116.22,15192764.0,-0.20607855603586023,1765703032.08,2281116796.375656,0.6631729036428806,5.772852005440847,11.471321695760594,15.895492620662143,5.023434425016984,2.0860365016886906,-0.7727332555828424,-0.5086458571174791,-1.4220658129721782,-0.734120214700157,-0.4926042864856002,-0.014311960949228271,30.28240099532843,0.01663956199181582,50.99778270509978,94.67849223946784,86.0310421286031,12.195121951219512,89.92239467849224,19.157427937915745,51.175166297117514,15.388026607538803,93.56984478935698,54.21116692880114,65.09756097560975,True,-0.22271811802767605,False,False,False,True,False,False,NORMAL,0.833,NORMAL,RISK_ON,0.15,0.9,0.91,Finance,50.4,50.4,50.4,50.4,0.0,80.9,REJECTED,NORMAL,0.833,0.17,0.2125,0.17,0.1275,0.17,42.9,False,False,NORMAL GİRİŞ,⭐,İşlem Açma,0.0,3.0,96.0,0.02554887949189778,0.03125,0.8583284322582763,8.254331631412981,-5.808586923163944,3.6274211269561873,83.64253393665157,0.15,True,"Electronic Technology · MU, NVDA, SNDK",
2026-09-29,USB,58.62,59.045,57.805,58.14,7642460.0,-1.08880366210945,444332624.4,421598120.12677,0.9862065850684251,1.2471423993791855,-6.931327036977741,-3.741721854304636,1.4081280916827352,0.4913989050385409,0.27481215024887795,0.26051560671763757,0.23603673636208836,-0.7222763796125722,-0.4270161290322564,-0.1132532050337548,27.01612903225809,-0.8660855440817739,19.51219512195122,42.793791574279375,48.11529933481153,64.52328159645234,45.72062084257206,72.87139689578714,38.22616407982262,65.41019955654102,53.43680709534369,33.546402260210286,37.753880266075384,True,-0.22271811802767605,False,False,False,False,False,False,NORMAL,0.833,NORMAL,RISK_ON,0.15,0.9,0.91,Finance,50.4,50.4,50.4,50.4,0.0,80.9,REJECTED,NORMAL,0.833,0.17,0.2125,0.17,0.1275,0.17,57.1,False,False,NORMAL GİRİŞ,⭐,İşlem Açma,0.0,2.0,31.0,-0.11193454029395906,0.0,-0.6972418013568848,-2.61135578253694,0.022682822456876472,-0.01932987358665983,41.99660633484163,0.15,False,"Finance · JPM, BAC, GS",
2026-09-29,ABNB,156.095,158.4,153.7,156.96,4395998.0,0.5638122492449993,689995846.08,676475490.9721289,0.8498631731268348,5.2046423775809165,-17.140896373330516,9.685534591194989,2.404900616985643,0.7145426591395937,0.08300051632284577,-0.06888651046598034,-0.7838870961740214,0.6409793571951535,0.29579787234042787,-0.20780311065561088,69.36170212765973,0.7865303672726753,76.71840354767184,6.651884700665188,78.27050997782705,40.79822616407982,46.04212860310421,50.36585365853658,42.172949002217294,47.80487804878049,72.50554323725056,66.10135868283248,52.74057649667405,True,-0.22271811802767605,False,False,True,False,False,False,NORMAL,0.833,NORMAL,RISK_ON,0.15,0.9,0.91,Consumer Services,50.2,50.2,50.2,50.2,0.0,80.9,REJECTED,NORMAL,0.833,0.17,0.2125,0.17,0.1275,0.17,51.8,True,False,NORMAL GİRİŞ,⭐,İşlem Açma,0.0,11.0,54.0,-0.1644316755552538,0.0,-1.5237123163531487,-6.819868411692198,0.03888938672915199,-0.41915359482419534,27.036199095022624,0.15,False,"Technology Services · CRM, NFLX, NOW",
2026-09-29,CTAS,199.9,201.265,196.47,197.74,2000181.0,-1.415894807622331,395515790.94,388650417.5418384,0.9564889511613116,4.188927917480468,-3.1540797335684156,16.262935089369712,1.3357178589145606,0.500649052828875,-0.11414279934513427,0.6141542221162394,0.4801177535822241,-1.019784765582535,-0.46136600625651436,0.08408001570839377,26.485922836288083,-1.193176689594655,11.751662971175167,63.63636363636363,86.47450110864744,60.532150776053214,76.19733924611974,73.7250554323725,55.92017738359202,55.033259423503324,49.44567627494457,40.17298252753125,34.79157427937916,True,-0.22271811802767605,False,False,False,True,False,False,NORMAL,0.833,NORMAL,RISK_ON,0.15,0.9,0.91,Commercial Services,50.2,50.2,50.2,50.2,0.0,80.9,REJECTED,NORMAL,0.833,0.17,0.2125,0.17,0.1275,0.17,59.8,False,False,NORMAL GİRİŞ,⭐,İşlem Açma,0.0,11.0,54.0,-0.1644316755552538,0.0,-1.5237123163531487,-6.819868411692198,2.5030297633318823,-2.8832939714269257,21.855203619909503,0.15,True,"Technology Services · CRM, NFLX, NOW",
2026-09-29,CFG,64.69,65.09,63.555,63.89,4454940.0,-1.4043256310203645,284626116.6,245670875.64868164,1.1409261217977447,1.5471428571428574,-8.348873906182753,-8.819751676894526,1.6075548619648046,0.5247691097311319,0.5352186377071484,0.1827939818748228,0.23092234111183255,-0.9128451913527835,-0.544462540716611,-0.05281673878017274,21.82410423452769,-1.1816075129926884,11.973392461197339,33.48115299334812,31.70731707317073,80.93126385809313,32.505543237250556,76.48558758314856,43.85809312638581,79.24611973392462,24.390243902439025,28.056024614140135,48.82261640798226,True,-0.22271811802767605,False,False,False,False,False,False,NORMAL,0.833,NORMAL,RISK_ON,0.15,0.9,0.91,Finance,50.1,50.1,50.1,50.1,0.0,80.9,REJECTED,NORMAL,0.833,0.17,0.2125,0.17,0.1275,0.17,56.8,False,False,NORMAL GİRİŞ,⭐,İşlem Açma,0.0,2.0,31.0,-0.11193454029395906,0.0,-0.6972418013568848,-2.61135578253694,-0.23335793455185883,0.23671088342207547,43.05995475113122,0.15,False,"Finance · JPM, BAC, GS",
2026-09-29,WMB,68.24,68.94,67.615,68.63,6697062.0,-0.5073982892150997,459619365.05999994,486586105.04844666,0.8278172193534631,1.6510716683523998,-6.917130069171307,-7.680925477535661,1.1275598799136235,0.4570032581899192,0.056749795027444074,-0.3701527726945535,-0.7549667484448461,1.009706551397324,0.4250943396226401,-0.10917378817481652,76.60377358490554,-0.2846801711874236,38.58093126385809,43.01552106430155,36.58536585365854,36.36363636363637,39.4789356984479,44.04656319290466,61.2860310421286,44.07982261640798,63.19290465631929,44.22246161569676,25.93569844789357,True,-0.22271811802767605,False,False,False,True,False,False,NORMAL,0.833,NORMAL,RISK_ON,0.15,0.9,0.91,Industrial Services,50.0,50.0,50.0,50.0,0.0,80.9,REJECTED,NORMAL,0.833,0.17,0.2125,0.17,0.1275,0.17,53.1,False,False,NORMAL GİRİŞ,⭐,İşlem Açma,0.0,15.0,27.0,-0.13266678729271986,0.0,-0.8276815529380088,-3.09583284340259,-0.9705966231647989,4.974203297745805,42.935520361990946,0.15,True,"Energy Minerals · XOM, CVX, VLO",
2026-09-29,HUM,386.78,395.23,385.54,386.87,1892586.0,-0.708365589976212,732184745.82,346198519.0765381,1.8794486539091748,12.589279000418527,0.3449706904601335,-2.605608982427876,1.9600355528005307,0.6985268958782842,1.4100970402890474,-0.6826400225153658,-0.9526202824139042,-0.5971640999330472,-0.3948400412796701,-0.1646440306166483,13.725490196078272,-0.48564747194853597,31.042128603104214,76.05321507760532,51.44124168514412,97.78270509977827,62.51662971175166,51.30820399113082,32.15077605321508,95.47671840354766,44.789356984478935,42.30270423025084,58.614190687361415,True,-0.22271811802767605,False,False,False,False,False,False,NORMAL,0.833,NORMAL,RISK_ON,0.15,0.9,0.91,Health Services,49.8,49.8,49.8,49.8,0.0,80.9,REJECTED,NORMAL,0.833,0.17,0.2125,0.17,0.1275,0.17,53.1,False,False,NORMAL GİRİŞ,⭐,İşlem Açma,0.0,14.0,9.0,-0.1474787699916338,0.0,0.667922296595147,1.58134060200813,4.841907700415938,-3.997310076086813,34.27036199095023,0.15,False,"Health Services · UNH, CVS, ELV",
2026-09-29,XOM,160.215,161.965,159.27,161.35,9160800.0,-0.7199140054780284,1478095080.0,2084690114.514923,0.6278141229393938,3.8214277866908475,2.9608831599770236,18.014921006436513,1.6368858309060905,0.9486503761595232,-2.025337010359285,-0.4597131098661499,-0.1886990672607339,0.7581675327183576,0.48849721706864024,0.10083657911251073,77.1799628942482,-0.49719588745035237,30.376940133037696,82.039911308204,88.02660753880266,8.425720620842572,85.33259423503327,35.9090909090909,80.53215077605321,5.232815964523282,92.6829268292683,52.02065704330509,41.31042128603104,True,-0.22271811802767605,False,False,False,True,False,False,NORMAL,0.833,NORMAL,RISK_ON,0.15,0.9,0.91,Energy Minerals,49.7,49.7,49.7,49.7,0.0,80.9,REJECTED,NORMAL,0.833,0.17,0.2125,0.17,0.1275,0.17,54.5,False,False,NORMAL GİRİŞ,⭐,İşlem Açma,0.0,15.0,27.0,-0.13266678729271986,0.0,-0.8276815529380088,-3.09583284340259,4.003606674581006,0.0,32.83371040723982,0.15,True,"Energy Minerals · XOM, CVX, VLO",
2026-09-29,STLD,231.86,232.13,221.65,221.9,1174197.0,-3.6850555198316925,260554314.3,216480991.57867432,1.185219541738165,7.5114302280970975,-5.441684066987673,-3.2946918852959084,2.2843686126476306,0.6802969753550576,0.3055698572792876,1.2148985750042043,1.824187534991267,-1.5727923469561678,-0.9514312977099244,-0.2068160895371317,2.3854961832061092,-3.4623374018040165,0.6651884700665188,50.332594235033255,49.44567627494457,83.81374722838137,49.84478935698448,88.60310421286032,16.319290465631926,77.87139689578714,18.403547671840354,22.952518576192006,69.50776053215078,True,-0.22271811802767605,False,False,False,False,False,False,NORMAL,0.833,NORMAL,RISK_ON,0.15,0.9,0.91,Non-Energy Minerals,50.4,49.6,49.6,49.6,0.0,80.9,REJECTED,NORMAL,0.833,0.17,0.2125,0.17,0.1275,0.17,50.7,False,False,NORMAL GİRİŞ,⭐,İşlem Açma,0.0,3.0,96.0,0.02554887949189778,0.03125,0.8583284322582763,8.254331631412981,-4.512699963335959,2.331534167128202,82.37556561085972,0.15,False,"Electronic Technology · MU, NVDA, SNDK",
2026-09-29,FERG,226.8,228.77,222.265,223.87,1361435.0,-1.5090202400819042,304784453.45,300181337.99590456,0.9491320412716118,5.346786150251118,-2.021970326928968,-5.671427969493958,1.4954833300109647,0.6980247625431568,-0.19645606426543466,0.7764852040318478,0.34779923138239643,-0.7969202912535501,-0.4812836279784758,-0.04959184231424199,24.673328209070135,-1.2863021220542281,10.42128603104213,69.62305986696231,43.01552106430155,59.42350332594235,54.988913525498894,73.45898004434588,46.03104212860311,53.215077605321504,36.14190687361419,29.653585592525644,52.95565410199556,True,-0.22271811802767605,False,False,False,True,False,False,NORMAL,0.833,NORMAL,RISK_ON,0.15,0.9,0.91,Distribution Services,49.5,49.5,49.5,49.5,0.0,80.9,REJECTED,NORMAL,0.833,0.17,0.2125,0.17,0.1275,0.17,53.7,False,False,NORMAL GİRİŞ,⭐,İşlem Açma,0.0,5.0,47.0,-0.09611548836367505,0.06382978723404255,0.3392823562719416,1.8889759365361414,2.394017045954766,-6.8896876544966785,56.651583710407245,0.15,True,"HD, DE, F",
2026-09-29,STX,943.5,944.43,900.1,913.45,2597373.0,-0.8746524378693277,2372570366.85,3056191238.1896973,0.6864320306564038,47.29213919503348,10.086048978017747,-5.341968911917094,3.431120963511551,2.1289517742715836,-1.5528597736062917,0.28403517823961993,-0.9107506153464943,-1.0928208985219456,-0.5237762237762227,0.11656063898653218,30.115046244078602,-0.6519343198416516,25.942350332594234,93.34811529933481,44.12416851441242,16.62971175166297,66.2749445676275,36.74057649667405,57.33924611973392,11.042128603104212,95.78713968957871,35.32857779513957,61.95787139689578,True,-0.22271811802767605,False,False,False,True,False,False,NORMAL,0.833,NORMAL,RISK_ON,0.15,0.9,0.91,Electronic Technology,49.5,49.5,49.5,49.5,0.0,80.9,REJECTED,NORMAL,0.833,0.17,0.2125,0.17,0.1275,0.17,49.6,False,False,NORMAL GİRİŞ,⭐,İşlem Açma,0.0,3.0,96.0,0.02554887949189778,0.03125,0.8583284322582763,8.254331631412981,-0.040499194856075116,-2.1406666013516817,73.30316742081448,0.15,True,"Electronic Technology · MU, NVDA, SNDK",
2026-09-29,LII,369.43,370.425,359.1,360.16,579228.0,-2.239353866643623,208614756.48000002,172938766.86938477,1.1626531779724807,10.448217337472098,-8.447088131370894,-37.139366436861856,1.5103150459732524,0.9926677777250476,0.5461330429441086,0.5673588841100189,0.5621658069219602,-1.2994455436565528,-0.815386313465783,-0.0445256156857968,9.359823399558529,-2.016635748615947,4.434589800443459,33.25942350332594,0.8869179600886918,82.70509977827051,15.454545454545455,83.02660753880266,41.01995565410199,80.57649667405764,8.647450110864744,16.98254553286051,69.25720620842573,True,-0.22271811802767605,False,False,False,False,False,False,NORMAL,0.833,NORMAL,RISK_ON,0.15,0.9,0.91,Producer Manufacturing,50.2,49.4,49.4,49.4,0.0,80.9,REJECTED,NORMAL,0.833,0.17,0.2125,0.17,0.1275,0.17,55.1,False,False,NORMAL GİRİŞ,⭐,İşlem Açma,0.0,5.0,47.0,-0.09611548836367505,0.06382978723404255,0.3392823562719416,1.8889759365361414,-1.9262026565438517,-2.5694679519980608,64.2081447963801,0.15,False,"HD, DE, F",
2026-09-29,TDG,1107.82,1118.72,1091.01,1099.79,456254.0,-0.850144331349123,501783586.65999997,406368850.4211426,1.157608433658518,26.682837960379466,-7.2666256313397515,-17.43566259271493,1.1976968466138063,0.44402520208956353,0.6227971962748887,0.3331688096477732,-0.4536938933691204,-0.3328790272440849,-0.3318657524359447,-0.16468208564850875,31.685312161674346,-0.627426213321447,27.27272727272727,41.019955654102,10.864745011086473,82.26164079822617,24.43458980044346,70.17738359201773,36.45232815964523,81.019955654102,51.21951219512195,31.385826116389158,33.81818181818182,True,-0.22271811802767605,False,False,False,False,False,False,NORMAL,0.833,NORMAL,RISK_ON,0.15,0.9,0.91,Electronic Technology,49.4,49.4,49.4,49.4,0.0,80.9,REJECTED,NORMAL,0.833,0.17,0.2125,0.17,0.1275,0.17,58.4,False,False,NORMAL GİRİŞ,⭐,İşlem Açma,0.0,1.0,13.0,-0.16992272122615265,0.0,0.37715172055692303,-3.842508601358297,0.0,0.7187255063202391,27.415158371040725,0.15,False,"Electronic Technology · BA, GE, HWM",
2026-09-29,GWW,1248.93,1257.05,1242.69,1248.67,257662.0,-0.559050540644479,321734809.54,322659404.77,0.9304228505398476,23.506453334263387,-4.411697159917316,-8.213025580711552,1.2384339679749006,0.4494882496565157,0.09415091530331783,-0.8420571816188396,-0.5368604949864348,-0.23210824757592202,-0.10006963788300356,-0.07548279974037604,41.64345403899763,-0.33633242261680296,35.033259423503324,56.76274944567628,33.70288248337029,56.98447893569845,44.07982261640799,44.51219512195122,49.88913525498891,57.78270509977827,41.46341463414634,40.08008819769134,34.290465631929045,True,-0.22271811802767605,False,False,False,True,False,False,NORMAL,0.833,NORMAL,RISK_ON,0.15,0.9,0.91,Distribution Services,49.3,49.3,49.3,49.3,0.0,80.9,REJECTED,NORMAL,0.833,0.17,0.2125,0.17,0.1275,0.17,48.2,False,False,NORMAL GİRİŞ,⭐,İşlem Açma,0.0,5.0,47.0,-0.09611548836367505,0.06382978723404255,0.3392823562719416,1.8889759365361414,-0.39933873231199346,-4.096331876229919,61.4027149321267,0.15,True,"HD, DE, F",
2026-09-29,CTSH,56.47,56.88,55.89,56.84,8660208.0,0.1585903083700435,492246222.72,306619449.9890747,1.4247196076028188,2.0171428571428573,-11.242973141786383,46.75961786728635,2.5448852139791702,0.9078214873775764,0.44720616285194764,-1.640781662011043,-1.1122752555018167,1.0149398569587695,0.6737373737373766,-0.3032089214980704,95.95959595959606,0.38130842639771956,65.85365853658537,19.955654101995567,98.00443458980045,93.12638580931264,62.882483370288256,35.831485587583146,37.16186252771619,85.23281596452328,37.6940133037694,73.24784429662479,68.77605321507761,True,-0.22271811802767605,False,False,True,False,False,False,NORMAL,0.833,NORMAL,RISK_ON,0.15,0.9,0.91,Technology Services,49.9,49.2,49.2,49.2,0.0,80.9,REJECTED,NORMAL,0.833,0.17,0.2125,0.17,0.1275,0.17,46.5,True,False,NORMAL GİRİŞ,⭐,İşlem Açma,0.0,11.0,54.0,-0.1644316755552538,0.0,-1.5237123163531487,-6.819868411692198,-0.09942100676476029,-0.28084320133028307,27.647058823529413,0.15,False,"Technology Services · CRM, NFLX, NOW",
2026-09-29,OKE,87.59,88.1,86.06,86.86,4427182.0,-1.9860107109395342,384545028.52,299944888.8473511,1.159960855878103,2.378573107038225,-8.336850991979738,-0.0920174833218268,1.3341459118036287,0.8396416183522348,0.9098319301065992,0.21152140215607268,0.2945887469961254,-0.3996495776419497,-0.2796568627450994,-0.24193183911629212,39.21568627450982,-1.7632925929118581,5.986696230598669,34.146341463414636,59.20177383592018,82.48337028824834,47.926829268292686,79.33481152993349,23.902439024390247,83.28159645232816,35.92017738359202,30.927111864701537,59.687361419068736,True,-0.22271811802767605,False,False,False,False,False,False,NORMAL,0.833,NORMAL,RISK_ON,0.15,0.9,0.91,Industrial Services,49.1,49.1,49.1,49.1,0.0,80.9,REJECTED,NORMAL,0.833,0.17,0.2125,0.17,0.1275,0.17,54.8,False,False,NORMAL GİRİŞ,⭐,İşlem Açma,0.0,15.0,27.0,-0.13266678729271986,0.0,-0.8276815529380088,-3.09583284340259,-1.245099944106498,5.248706618687504,43.34276018099548,0.15,False,"Energy Minerals · XOM, CVX, VLO",
2026-09-29,CPAY,394.04,394.27,388.605,392.7,592774.0,-0.8908994494235656,232782349.79999998,184049179.95300293,1.3197537598379179,7.150358712332588,-3.721682847896446,17.832388153749214,1.1726153765266232,0.6378248149911936,0.8026819780099015,0.5696057091622106,-0.6874169294432814,0.299127985250973,0.13870255957634217,-0.18531170571180272,72.28596646072369,-0.6681813313958895,25.055432372505543,61.19733924611973,87.8048780487805,90.46563192904657,75.83148558758316,71.70731707317074,40.1330376940133,87.36141906873615,10.864745011086473,52.317288442081235,54.290465631929045,True,-0.22271811802767605,False,False,False,False,False,False,NORMAL,0.833,NORMAL,RISK_ON,0.15,0.9,0.91,Commercial Services,49.0,49.0,49.0,49.0,0.0,80.9,REJECTED,NORMAL,0.833,0.17,0.2125,0.17,0.1275,0.17,53.2,False,False,NORMAL GİRİŞ,⭐,İşlem Açma,0.0,11.0,54.0,-0.1644316755552538,0.0,-1.5237123163531487,-6.819868411692198,2.9726060550052504,-3.352870263100294,21.221719457013574,0.15,False,"Technology Services · CRM, NFLX, NOW",
2026-09-29,ILMN,273.1,278.99,267.0,272.0,2229743.0,0.03678047287993813,606490096.0,596829901.6132812,0.5543328717503773,12.712858625139509,26.165406558745772,54.694875732241364,3.419157797141298,0.7704086645656277,0.1757617829440301,-0.15297997083205214,-1.3754611906056,-0.5137979248706762,-0.1325688073394507,-0.11877064683591808,41.70141784820681,0.2594985909076142,61.19733924611973,98.4478935698448,99.1130820399113,2.6607538802660753,98.81374722838137,33.60310421286031,40.04434589800444,26.341463414634152,69.62305986696231,60.72779145222645,58.787139689578716,True,-0.22271811802767605,False,False,True,False,False,False,NORMAL,0.833,NORMAL,RISK_ON,0.15,0.9,0.91,Health Technology,49.0,49.0,49.0,49.0,0.0,80.9,REJECTED,NORMAL,0.833,0.17,0.2125,0.17,0.1275,0.17,41.3,True,False,NORMAL GİRİŞ,⭐,İşlem Açma,0.0,6.0,25.0,0.03811842104059654,0.12,3.005418467305465,7.571076560583823,8.423850942488675,-8.678439143882466,74.02714932126696,0.15,False,"Health Technology · LLY, JNJ, TMO",
2026-09-29,DOV,191.2,192.275,188.13,189.7,1258771.0,-0.9295987921745463,238788858.7,249789038.41949463,0.8917113843167674,4.162500348772322,-4.519830883833309,-15.418227215980028,1.162225111694253,0.7323402630853787,0.2861212556913564,0.2690496091196326,-0.21642901579754198,-0.34882171986891575,-0.29620024125452593,-0.0469983900707028,37.87696019300336,-0.7068806741468703,23.503325942350333,56.09756097560976,15.299334811529933,48.78048780487805,33.65853658536586,65.62084257206209,53.12638580931264,56.4079822616408,25.942350332594234,30.21563393504313,51.43680709534368,True,-0.22271811802767605,False,False,False,True,False,False,NORMAL,0.833,NORMAL,RISK_ON,0.15,0.9,0.91,Producer Manufacturing,48.9,48.9,48.9,48.9,0.0,80.9,REJECTED,NORMAL,0.833,0.17,0.2125,0.17,0.1275,0.17,52.1,False,False,NORMAL GİRİŞ,⭐,İşlem Açma,0.0,5.0,47.0,-0.09611548836367505,0.06382978723404255,0.3392823562719416,1.8889759365361414,2.867246120276934,-7.362916728818846,56.13122171945702,0.15,True,"HD, DE, F",
2026-09-29,BDX,182.51,182.95,180.09,181.97,1534743.0,-1.011805370466179,279277183.71,277887711.855,0.828176196334909,3.8692875017438615,-3.983748417053612,20.247142007533192,1.5239380824334603,0.6633075393645693,-0.34076264096431114,0.04447131937777057,-0.19871700119230792,-0.010005162287200397,0.08811188811189093,-0.06413877347253079,65.73426573426592,-0.7890872524385029,21.06430155210643,58.758314855875824,90.68736141906874,36.58536585365854,76.31929046563192,55.631929046563194,54.05764966740577,37.028824833702885,30.598669623059866,46.35169708340442,51.4390243902439,True,-0.22271811802767605,False,False,False,True,False,False,NORMAL,0.833,NORMAL,RISK_ON,0.15,0.9,0.91,Health Technology,48.7,48.7,48.7,48.7,0.0,80.9,REJECTED,NORMAL,0.833,0.17,0.2125,0.17,0.1275,0.17,46.4,False,False,NORMAL GİRİŞ,⭐,İşlem Açma,0.0,9.0,19.0,-0.07995966169200827,0.10526315789473684,0.6362234813596768,0.03793591459123569,0.3134531576397648,-1.7523815584099767,64.5475113122172,0.15,True,"Health Technology · BSX, MDT, ISRG",
2026-09-29,BSX,44.145,44.3,43.22,43.88,14605116.0,-0.5214250899320594,640872490.08,925464679.6715927,0.6863493459878136,1.269285888671875,-6.31938514090521,2.8116213683224034,2.3334803432565976,0.760371169190141,-0.8283740228620851,-0.19283986260317565,-0.725503118000499,0.052030539019247146,0.011805555555559968,-0.0928451350351892,61.11111111111155,-0.29870697190438333,37.028824833702885,46.11973392461197,66.51884700665188,16.4079822616408,57.33924611973393,37.48337028824834,51.70731707317073,16.940133037694014,81.81818181818183,45.29736388272978,50.390243902439025,True,-0.22271811802767605,False,False,False,True,False,False,NORMAL,0.833,NORMAL,RISK_ON,0.15,0.9,0.91,Health Technology,48.7,48.7,48.7,48.7,0.0,80.9,REJECTED,NORMAL,0.833,0.17,0.2125,0.17,0.1275,0.17,46.5,False,False,NORMAL GİRİŞ,⭐,İşlem Açma,0.0,9.0,19.0,-0.07995966169200827,0.10526315789473684,0.6362234813596768,0.03793591459123569,-1.438928400770212,0.0,69.17420814479638,0.15,True,"Health Technology · BSX, MDT, ISRG",
2026-09-29,FSLR,174.22,177.05,172.0,176.93,2405826.0,2.2894136274209,425662794.18,417928165.8430518,0.9758518025765,9.735714285714286,-13.464736378753795,-25.016952025767083,3.801093078462071,0.9880232760334258,0.367682988426064,-1.2588746392766825,0.08904611633674421,1.912339522788601,0.7653465346534647,-0.16895181540061074,97.62376237623755,2.512131745448576,94.67849223946784,12.195121951219512,5.099778270509978,63.41463414634146,8.292682926829269,51.2749445676275,60.84257206208426,65.98669623059867,52.993348115299334,66.38765339948628,64.450110864745,True,-0.22271811802767605,True,False,True,True,False,False,NORMAL,0.833,NORMAL,RISK_ON,0.15,0.9,0.91,Electronic Technology,63.7,48.7,48.7,48.7,0.0,80.9,REJECTED,NORMAL,0.833,0.17,0.2125,0.17,0.1275,0.17,57.4,True,False,🎯 UYGUN GİRİŞ BÖLGESİ,⭐,İşlem Açma,0.0,3.0,96.0,0.02554887949189778,0.03125,0.8583284322582763,8.254331631412981,-11.224482902062732,9.043317105854975,85.31674208144796,0.15,False,"Electronic Technology · MU, NVDA, SNDK",
2026-09-29,QCOM,189.48,190.03,182.23,184.1,10025870.0,-1.8028567338198354,1845762667.0,2305668218.989563,0.6679046534758339,10.373571995326452,12.126195261587181,-0.3733968288327283,3.6238712913644124,1.6776303485837354,-0.38739284935920454,-0.4286018956810349,-0.10712285869296174,-1.1171214011873638,-0.5966666666666658,-0.0874751443128554,23.974358974358996,-1.5801386157921593,7.760532150776053,95.56541019955654,58.31485587583148,13.52549889135255,75.07760532150778,45.59866962305987,36.4079822616408,22.66075388026608,94.01330376940133,27.13801239410996,65.30155210643015,True,-0.22271811802767605,False,False,False,False,False,False,NORMAL,0.833,NORMAL,RISK_ON,0.15,0.9,0.91,Electronic Technology,48.6,48.5,48.5,48.5,0.0,80.9,REJECTED,NORMAL,0.833,0.17,0.2125,0.17,0.1275,0.17,47.9,False,False,NORMAL GİRİŞ,⭐,İşlem Açma,0.0,3.0,96.0,0.02554887949189778,0.03125,0.8583284322582763,8.254331631412981,-6.492632257008474,4.311466460800716,84.25339366515837,0.15,False,"Electronic Technology · MU, NVDA, SNDK",
2026-09-29,VICI,23.11,23.276,22.96,23.2,12580516.0,0.04311973140189718,291867971.2,251249945.9616661,1.1465747257174002,0.4007146028791154,-10.32083494395053,-12.617702448210933,0.9821821129351214,0.3725220455904321,0.8787213178867268,-0.18814266380569147,-1.0561067043814343,1.2731373894366973,0.4136075949367065,-0.38591442790369396,75.94936708860736,0.2658378494295732,61.4190687361419,23.059866962305986,22.172949002217297,81.37472283813747,22.572062084257208,54.390243902439025,35.34368070953437,82.4390243902439,26.38580931263858,52.48850655365009,35.536585365853654,True,-0.22271811802767605,False,False,True,False,False,False,NORMAL,0.833,NORMAL,RISK_ON,0.15,0.9,0.91,Finance,48.5,48.5,48.5,48.5,0.0,80.9,REJECTED,NORMAL,0.833,0.17,0.2125,0.17,0.1275,0.17,48.7,False,False,NORMAL GİRİŞ,⭐,İşlem Açma,0.0,16.0,99.0,-0.17851639791542123,0.020202020202020204,0.019313729597758567,-0.5542398222371903,-1.7595043058566295,3.0262910892550288,36.425339366515836,0.15,False,"WMT, COST, BRK-B",
2026-09-29,KMI,30.34,30.58,30.065,30.45,10683609.0,-0.5876564338831547,325315894.05,355061500.7306099,0.8238630597561634,0.6410713577270507,-3.5171102661596954,-4.754457303722237,1.0694845718613677,0.46519035659554175,0.12846808081578542,-0.31839410987902506,-0.5789314805541556,0.9502812134628221,0.3684466019417482,-0.11365010743520784,74.7572815533981,-0.36493831585547865,34.58980044345898,62.08425720620843,45.8980044345898,34.811529933481154,53.18181818181819,49.04656319290465,59.73392461197339,44.745011086474506,46.34146341463415,44.69856629281209,29.982261640798228,True,-0.22271811802767605,False,False,False,True,False,False,NORMAL,0.833,NORMAL,RISK_ON,0.15,0.9,0.91,Industrial Services,48.4,48.4,48.4,48.4,0.0,80.9,REJECTED,NORMAL,0.833,0.17,0.2125,0.17,0.1275,0.17,50.9,False,False,NORMAL GİRİŞ,⭐,İşlem Açma,0.0,15.0,27.0,-0.13266678729271986,0.0,-0.8276815529380088,-3.09583284340259,-0.2821234176293652,4.285730092210372,41.64592760180995,0.15,True,"Energy Minerals · XOM, CVX, VLO",
2026-09-29,MCD,232.2,236.01,232.06,233.98,5244493.0,0.16266861582014958,1227106472.1399999,1227534881.5129626,0.8906421734788841,4.860001918247767,-11.705660377358495,-13.440124301727652,1.327100033152894,0.40605643003912456,0.3860921349649783,-0.24034851781495115,-1.0805381188863676,0.7698958245719142,0.1874683544303785,-0.4854518520384712,48.607594936708686,0.3853867338478256,66.07538802660754,17.073170731707318,19.06873614190687,48.55875831485588,18.170731707317074,45.16629711751663,28.2039911308204,57.4279379157428,86.25277161862527,46.948342642229626,26.875831485587582,True,-0.22271811802767605,False,False,True,False,False,False,NORMAL,0.833,NORMAL,RISK_ON,0.15,0.9,0.91,Consumer Services,48.4,48.4,48.4,48.4,0.0,80.9,REJECTED,NORMAL,0.833,0.17,0.2125,0.17,0.1275,0.17,50.7,False,False,NORMAL GİRİŞ,⭐,İşlem Açma,0.0,16.0,99.0,-0.17851639791542123,0.020202020202020204,0.019313729597758567,-0.5542398222371903,-5.045643455257487,6.312430238655886,39.68325791855204,0.15,False,"WMT, COST, BRK-B",
2026-09-29,RTX,187.0,189.38,186.52,186.94,3681568.0,-0.383674543354362,688232321.92,691418929.7679834,0.9340051246923916,3.7435749162946417,-11.699966935902895,-1.4705107257681926,0.9117276544003239,0.42502852322964635,-0.45675719993818803,-0.4319983615869721,-0.5910512954051046,-0.6325724250128939,-0.39790209790210235,-0.01136766234458436,14.685314685314324,-0.16095642532668597,44.567627494456765,17.29490022172949,54.988913525498894,57.64966740576497,38.026607538802665,44.62305986696231,52.54988913525499,47.804878048780495,73.17073170731707,44.594917277844075,21.56319290465632,True,-0.22271811802767605,False,False,False,True,False,False,NORMAL,0.833,NORMAL,RISK_ON,0.15,0.9,0.91,Electronic Technology,48.3,48.3,48.3,48.3,0.0,80.9,REJECTED,NORMAL,0.833,0.17,0.2125,0.17,0.1275,0.17,53.3,False,False,NORMAL GİRİŞ,⭐,İşlem Açma,0.0,1.0,13.0,-0.16992272122615265,0.0,0.37715172055692303,-3.842508601358297,-0.9851662373396408,1.70389174365988,30.186651583710407,0.15,True,"Electronic Technology · BA, GE, HWM",
2026-09-29,HII,257.44,262.4999,256.7875,259.64,521153.0,1.0075908694916036,135312164.92,115884003.97491455,1.1383111635323155,6.482314896065849,-11.75011046531389,-7.234985172746433,1.1129757667585976,0.3978902468468598,0.4693789834939403,-0.14240913585550352,-0.2907375515126141,0.7345182091765999,0.1725947062530553,-0.26954592459919724,49.93522862544574,1.2303089875192796,84.25720620842571,16.851441241685144,37.472283813747225,80.48780487804879,28.19290465631929,66.06430155210644,35.74279379157428,78.00443458980045,1.3303769401330376,62.972458560992465,44.40354767184036,True,-0.22271811802767605,False,False,True,False,False,False,NORMAL,0.833,NORMAL,RISK_ON,0.15,0.9,0.91,Electronic Technology,48.0,48.0,48.0,48.0,0.0,80.9,REJECTED,NORMAL,0.833,0.17,0.2125,0.17,0.1275,0.17,46.4,False,False,🎯 UYGUN GİRİŞ BÖLGESİ,⭐,İşlem Açma,0.0,1.0,13.0,-0.16992272122615265,0.0,0.37715172055692303,-3.842508601358297,-3.038839750980449,3.757565257300688,33.806561085972845,0.15,False,"Electronic Technology · BA, GE, HWM",
2026-09-29,HPE,63.495,63.6965,60.68,61.49,12343415.0,-1.8202156293680827,758996588.35,1362969674.581337,0.4373129135653143,3.7297505994524274,17.549225769451347,36.31123919308359,5.194115654361465,2.042873741576508,-0.9614941705024102,-0.40388106379280864,-0.35397640292583604,-0.9431328102043635,-0.5537294878170049,0.17438675885551178,26.852312282446615,-1.5974975113404066,7.317073170731707,97.33924611973393,95.56541019955654,0.6651884700665188,96.36363636363637,35.75388026607539,61.46341463414634,5.454545454545454,88.02660753880266,36.16194963179233,64.31485587583148,True,-0.22271811802767605,False,False,False,True,False,False,NORMAL,0.833,NORMAL,RISK_ON,0.15,0.9,0.91,Electronic Technology,48.0,48.0,48.0,48.0,0.0,80.9,REJECTED,NORMAL,0.833,0.17,0.2125,0.17,0.1275,0.17,47.9,False,False,NORMAL GİRİŞ,⭐,İşlem Açma,0.0,3.0,96.0,0.02554887949189778,0.03125,0.8583284322582763,8.254331631412981,1.4079194269546236,-3.5890852231623804,70.11312217194569,0.15,True,"Electronic Technology · MU, NVDA, SNDK",
2026-09-29,AXP,307.08,307.18,303.97,305.4,3113345.0,-0.3035897930437348,950815562.9999999,856675623.5064697,0.9976015995744721,6.077142508370534,-8.343337334933976,-9.71175166297118,1.3814917362197638,0.6067050467100694,0.4184297883741055,-1.5140367552796359,-1.1341628890398505,-0.3740420497951623,-0.2954828660436302,-0.1582017993762521,44.5482866043601,-0.08087167501605874,47.22838137472284,33.70288248337029,29.490022172949004,65.41019955654102,31.385809312638585,31.829268292682926,36.80709534368071,68.07095343680709,79.82261640798227,43.49141402628966,38.525498891352555,True,-0.22271811802767605,False,False,False,False,False,False,NORMAL,0.833,NORMAL,RISK_ON,0.15,0.9,0.91,Finance,47.9,47.9,47.9,47.9,0.0,80.9,REJECTED,NORMAL,0.833,0.17,0.2125,0.17,0.1275,0.17,50.2,False,False,NORMAL GİRİŞ,⭐,İşlem Açma,0.0,2.0,31.0,-0.11193454029395906,0.0,-0.6972418013568848,-2.61135578253694,2.317929461956747,-2.3145765130865303,36.747737556561084,0.15,False,"Finance · JPM, BAC, GS",
2026-09-29,DG,123.97,124.04,120.48,122.64,2708410.0,-1.3910128715741155,332159402.4,297276845.2167511,1.0475584521069834,3.5871415492466516,-0.2034339653348538,6.54156893406308,2.1161967568468287,0.6234176509390493,0.5362284573486493,0.4010675787337956,-0.4614511173365864,0.07182993053459183,-0.05070224719101239,-0.23452087456414658,60.674157303370656,-1.1682947535464394,12.195121951219512,74.50110864745011,72.50554323725056,72.50554323725056,73.40354767184036,68.99113082039912,30.731707317073166,74.27937915742794,35.47671840354767,40.095131916589835,59.585365853658544,True,-0.22271811802767605,False,False,False,False,False,False,NORMAL,0.833,NORMAL,RISK_ON,0.15,0.9,0.91,Retail Trade,47.6,47.6,47.6,47.6,0.0,80.9,REJECTED,NORMAL,0.833,0.17,0.2125,0.17,0.1275,0.17,51.9,False,False,NORMAL GİRİŞ,⭐,İşlem Açma,0.0,13.0,12.0,-0.13861084651358005,0.0,0.21731553295660233,-0.8512872043160149,1.3033594874438725,0.3282950334132728,35.81447963800905,0.15,False,"Retail Trade · NKE, TJX, SBUX",
2026-09-29,FITB,51.73,51.85,50.605,50.97,6212942.0,-1.163466547168579,316673653.74,280722904.3224335,1.0897365086186106,1.1567854963030137,-6.545654565456549,-9.579563597658325,1.4641657211275128,0.47279312697891934,0.4487262420354312,0.48505496147852556,0.250042574951668,-0.8163729507415826,-0.5022088353413632,-0.17489369936081692,29.317269076305273,-0.940748429140903,17.96008869179601,44.567627494456765,29.933481152993345,76.27494456762749,36.51884700665188,78.61419068736141,26.43015521064302,75.21064301552106,31.48558758314856,29.42618367037997,45.434589800443455,True,-0.22271811802767605,False,False,False,False,False,False,NORMAL,0.833,NORMAL,RISK_ON,0.15,0.9,0.91,Finance,47.6,47.6,47.6,47.6,0.0,80.9,REJECTED,NORMAL,0.833,0.17,0.2125,0.17,0.1275,0.17,52.9,False,False,NORMAL GİRİŞ,⭐,İşlem Açma,0.0,2.0,31.0,-0.11193454029395906,0.0,-0.6972418013568848,-2.61135578253694,-1.182958715106197,1.1863116639764137,45.52601809954751,0.15,False,"Finance · JPM, BAC, GS",
2026-09-29,SMCI,42.6,42.69,40.855,41.02,25272775.0,-1.8190493094831561,1036689230.5000001,1376103832.7228394,0.6654088826939492,2.379642551967076,10.625674217907232,39.85680190930789,4.344353412625022,1.7562226012730626,-1.0888517914022537,-0.30933588068411233,-0.4371689546235378,-1.5215000362290352,-0.8385558583106225,0.06268552483462132,8.991825613079357,-1.59633119145548,7.5388026607538805,93.79157427937915,96.67405764966742,12.86031042128603,95.37694013303769,37.8159645232816,50.687361419068736,11.529933481152991,88.69179600886919,34.68521360343654,65.02882483370287,True,-0.22271811802767605,False,False,False,True,False,False,NORMAL,0.833,NORMAL,RISK_ON,0.15,0.9,0.91,Electronic Technology,47.6,47.6,47.6,47.6,0.0,80.9,REJECTED,NORMAL,0.833,0.17,0.2125,0.17,0.1275,0.17,46.6,False,False,NORMAL GİRİŞ,⭐,İşlem Açma,0.0,3.0,96.0,0.02554887949189778,0.03125,0.8583284322582763,8.254331631412981,-0.5976179282660532,-1.5835478679417037,74.70588235294117,0.15,True,"Electronic Technology · MU, NVDA, SNDK",
2026-09-29,TEL,215.24,215.755,211.7,212.59,1771485.0,-0.9873814203230857,376599996.15000004,372796905.12542725,0.872663456446508,6.013217904227121,4.899832231323398,5.446158424681302,2.019942869079409,1.0102697759022556,-0.43735452278255804,-0.744954604399321,-0.2669584774304907,-1.190092518852398,-0.6026510480887759,-0.002136243802598127,21.94821208384743,-0.7646633022954097,21.729490022172946,86.25277161862527,71.61862527716187,45.67627494456763,78.20399113082041,42.13968957871397,46.0310421286031,40.886917960088695,47.671840354767184,39.70701633033597,64.45232815964523,True,-0.22271811802767605,False,False,False,True,False,False,NORMAL,0.833,NORMAL,RISK_ON,0.15,0.9,0.91,Electronic Technology,47.6,47.6,47.6,47.6,0.0,80.9,REJECTED,NORMAL,0.833,0.17,0.2125,0.17,0.1275,0.17,44.2,False,False,NORMAL GİRİŞ,⭐,İşlem Açma,0.0,3.0,96.0,0.02554887949189778,0.03125,0.8583284322582763,8.254331631412981,0.2372908491478365,-2.4184566453555933,72.35294117647058,0.15,True,"Electronic Technology · MU, NVDA, SNDK",
2026-09-29,CINF,161.5,162.43,160.28,161.13,1403023.0,-0.48789413159519013,226069095.98999998,89590397.08813477,2.2119756891618123,2.6685719081333708,-6.303425015991159,-12.968564329696441,0.9442556104578993,0.5000506916766516,1.8175967930092174,-0.22213130132857428,-0.8674921742583995,-0.17739438651304434,-0.19255813953488854,-0.17001094142644121,39.53488372092986,-0.2651760135675141,39.689578713968956,46.34146341463415,19.955654101995567,98.66962305986696,31.82926829268293,62.13968957871397,37.20620842572062,97.33924611973393,0.4434589800443459,41.5776568865054,46.53880266075389,True,-0.22271811802767605,False,False,False,False,False,False,NORMAL,0.833,NORMAL,RISK_ON,0.15,0.9,0.91,Finance,47.5,47.5,47.5,47.5,0.0,80.9,REJECTED,NORMAL,0.833,0.17,0.2125,0.17,0.1275,0.17,49.4,False,False,NORMAL GİRİŞ,⭐,İşlem Açma,0.0,16.0,99.0,-0.17851639791542123,0.020202020202020204,0.019313729597758567,-0.5542398222371903,-1.3410244570994267,2.607811240497826,35.58823529411765,0.15,False,"WMT, COST, BRK-B",
2026-09-29,PCG,11.95,12.18,11.765,12.18,46270430.0,1.9246878192963557,563573837.4,566141341.287967,0.8094542750929368,0.42249999999999993,-26.626506024096397,-27.586206896551722,3.007322401554466,0.7461981160639917,0.7738122001382889,0.04623342497908442,-0.14265368635626743,1.5392982610303254,0.7993975903614468,-0.014611566173338603,100.0,2.1474059373240317,93.79157427937915,1.3303769401330376,3.325942350332594,33.25942350332594,2.4279379157427936,65.09977827050999,79.24611973392462,52.6829268292683,68.95787139689578,64.19844789356985,49.572062084257205,True,-0.22271811802767605,True,False,True,True,False,False,NORMAL,0.833,NORMAL,RISK_ON,0.15,0.9,0.91,Utilities,62.4,47.4,47.4,47.4,0.0,80.9,REJECTED,NORMAL,0.833,0.17,0.2125,0.17,0.1275,0.17,67.6,True,False,🎯 UYGUN GİRİŞ BÖLGESİ,⭐,İşlem Açma,0.0,16.0,99.0,-0.17851639791542123,0.020202020202020204,0.019313729597758567,-0.5542398222371903,-3.941579009466822,5.208365792865221,38.95927601809955,0.15,False,"WMT, COST, BRK-B",
2026-09-29,CHD,95.05,95.74,94.54,94.95,2250897.0,-0.7006930844351777,213722670.15,181613526.7261505,1.2408780813195477,1.472142573765345,-6.231483310290342,-1.9921552436003243,0.8250832574632527,0.5088530005668634,1.081060343122104,-0.44492312009956914,-0.5603112221515888,-0.4465835993880786,-0.21166666666666448,-0.11231802520873226,34.16666666666671,-0.4779749664075017,31.70731707317073,46.78492239467849,54.1019955654102,86.47450110864744,50.809312638580934,59.80044345898004,41.77383592017738,86.47450110864744,10.42128603104213,43.706023651145614,42.57649667405765,True,-0.22271811802767605,False,False,False,False,False,False,NORMAL,0.833,NORMAL,RISK_ON,0.15,0.9,0.91,Consumer Non-Durables,47.2,47.2,47.2,47.2,0.0,80.9,REJECTED,NORMAL,0.833,0.17,0.2125,0.17,0.1275,0.17,49.9,False,False,NORMAL GİRİŞ,⭐,İşlem Açma,0.0,16.0,99.0,-0.17851639791542123,0.020202020202020204,0.019313729597758567,-0.5542398222371903,0.27597315236751463,0.9908136310308846,31.221719457013577,0.15,False,"WMT, COST, BRK-B",
2026-09-29,TDY,607.89,614.835,601.93,605.59,248529.0,-0.8578519298721665,150506677.11,157409915.6677246,0.889414164549261,10.635360804966524,-2.6320020580101633,-9.193282351177078,0.849988205927818,0.518601372189148,-0.5381526984090691,0.8576594201563887,0.1583856514732318,-0.4656049419942183,-0.31822936846182953,-0.04537055885521162,28.3611003487025,-0.6351338118444905,26.82926829268293,66.07538802660754,30.820399113082043,48.11529933481153,46.68514412416852,68.25942350332593,51.529933481152995,41.01995565410199,5.764966740576496,34.16537832755318,42.787139689578716,True,-0.22271811802767605,False,False,False,True,False,False,NORMAL,0.833,NORMAL,RISK_ON,0.15,0.9,0.91,Electronic Technology,47.2,47.2,47.2,47.2,0.0,80.9,REJECTED,NORMAL,0.833,0.17,0.2125,0.17,0.1275,0.17,45.3,False,False,NORMAL GİRİŞ,⭐,İşlem Açma,0.0,3.0,96.0,0.02554887949189778,0.03125,0.8583284322582763,8.254331631412981,-0.5126983965607346,-1.6684673996470223,74.47963800904978,0.15,True,"Electronic Technology · MU, NVDA, SNDK",
2026-09-29,APA,41.38,42.51,41.23,42.19,5932596.0,-0.33073901487993274,250296225.23999998,247224064.75127137,1.001324275285877,1.6049996294294087,-0.8227550540667594,29.536383174700642,2.6059891796040673,1.5524811778313852,0.3292734477960935,-0.5831611027388715,-1.1366890096642934,0.9150724237271912,0.559765624999998,-0.14695909678574526,75.0,-0.10802089685225669,46.34146341463415,73.17073170731707,93.56984478935698,65.85365853658537,84.39024390243902,39.77827050997783,54.90022172949003,67.27272727272728,24.6119733924612,62.90354767184035,76.35920177383592,True,-0.22271811802767605,False,False,False,True,False,False,NORMAL,0.833,NORMAL,RISK_ON,0.15,0.9,0.91,Energy Minerals,49.2,47.1,47.1,47.1,0.0,80.9,REJECTED,NORMAL,0.833,0.17,0.2125,0.17,0.1275,0.17,46.8,False,False,NORMAL GİRİŞ,⭐,İşlem Açma,0.0,15.0,27.0,-0.13266678729271986,0.0,-0.8276815529380088,-3.09583284340259,2.0801542396173045,1.9234524349637017,36.41968325791855,0.15,True,"Energy Minerals · XOM, CVX, VLO",
2026-09-29,EFX,141.22,144.53,138.15,140.83,2821168.0,-3.395526698275597,397305089.44000006,245641273.06591797,1.7661386095225575,5.127852957589285,-27.53794700282993,-11.271421370967738,2.0621713326855784,1.308872936004325,1.6690441330480237,1.1021366414398286,0.08067009428026803,-0.078415401773618,-0.11543887147335179,-0.2654332678420446,42.00626959247663,-3.172808580247921,0.8869179600886918,1.1086474501108647,26.38580931263858,96.0088691796009,15.01108647450111,89.27937915742794,25.986696230598668,95.56541019955654,24.168514412416854,22.25827662665343,78.26164079822615,True,-0.22271811802767605,False,False,False,False,False,False,NORMAL,0.833,NORMAL,RISK_ON,0.15,0.9,0.91,Commercial Services,49.5,47.1,47.1,47.1,0.0,80.9,REJECTED,NORMAL,0.833,0.17,0.2125,0.17,0.1275,0.17,58.5,False,False,NORMAL GİRİŞ,⭐,İşlem Açma,0.0,11.0,54.0,-0.1644316755552538,0.0,-1.5237123163531487,-6.819868411692198,-8.823826420383812,8.443562212288768,37.69230769230769,0.15,False,"Technology Services · CRM, NFLX, NOW",
2026-09-29,KO,86.56,87.28,86.56,86.84,13665164.0,-0.3899980545831627,1186682841.76,1260165955.9799194,0.8567189406278644,1.1942857142857142,-3.145215257639966,6.853697551371973,0.7781742288915025,0.5281011388045431,-0.3881379646115704,-0.9141746021116587,-0.7502119213001295,0.20229204164263956,0.05277777777778117,-0.13927333488261437,38.888888888889106,-0.16727993655548667,43.68070953436807,63.8580931263858,73.17073170731707,43.01552106430155,68.98004434589801,33.2039911308204,46.65188470066519,40.26607538802661,86.91796008869179,50.38556294653858,23.929046563192905,True,-0.22271811802767605,False,False,False,True,False,False,NORMAL,0.833,NORMAL,RISK_ON,0.15,0.9,0.91,Consumer Non-Durables,47.1,47.1,47.1,47.1,0.0,80.9,REJECTED,NORMAL,0.833,0.17,0.2125,0.17,0.1275,0.17,49.4,False,False,NORMAL GİRİŞ,⭐,İşlem Açma,0.0,16.0,99.0,-0.17851639791542123,0.020202020202020204,0.019313729597758567,-0.5542398222371903,-0.5043134458384224,1.7711002292368216,33.755656108597286,0.15,True,"WMT, COST, BRK-B",
2026-09-29,MET,95.68,96.325,94.42,95.2,2621797.0,-0.6470462291785051,249595074.4,273477476.39360046,0.846472757093229,1.8553571210588728,-1.3573722930266263,12.516251034156722,1.2778599019072003,0.5415842116102393,-0.6563064279901782,0.3511301891529258,-0.1925328535629274,-0.33743935349322496,-0.21299212598425246,0.057798832819273914,40.94488188976381,-0.424328111150829,33.03769401330377,71.61862527716187,82.039911308204,40.133037694013304,77.35033259423506,56.98447893569845,64.16851441241685,34.63414634146341,29.490022172949004,49.4326256612602,40.24833702882483,True,-0.22271811802767605,False,False,False,True,False,False,NORMAL,0.833,NORMAL,RISK_ON,0.15,0.9,0.91,Finance,47.1,47.1,47.1,47.1,0.0,80.9,REJECTED,NORMAL,0.833,0.17,0.2125,0.17,0.1275,0.17,49.2,False,False,NORMAL GİRİŞ,⭐,İşlem Açma,0.0,2.0,31.0,-0.11193454029395906,0.0,-0.6972418013568848,-2.61135578253694,1.4591363437537197,-1.455783394883503,38.4445701357466,0.15,True,"Finance · JPM, BAC, GS",
2026-09-29,PKG,233.37,234.88,231.1825,233.28,626405.0,-0.5287413652868223,146127758.4,133916580.39297485,1.003178950065661,4.921963675362723,-2.9576937476600507,-2.0983716635890604,1.4516576335714946,0.7256230795808655,0.2103920290753859,-0.6909243664618182,-0.8381653422173568,0.36309834573008926,0.06304935767410422,-0.12786847557847014,56.7275185936444,-0.3060232472591462,36.80709534368071,64.52328159645234,53.43680709534369,66.51884700665188,58.42572062084258,42.949002217294904,50.022172949002226,65.18847006651885,2.882483370288248,47.74813988597198,60.91574279379157,True,-0.22271811802767605,False,False,False,True,False,False,NORMAL,0.833,NORMAL,RISK_ON,0.15,0.9,0.91,Process Industries,46.9,46.9,46.9,46.9,0.0,80.9,REJECTED,NORMAL,0.833,0.17,0.2125,0.17,0.1275,0.17,41.5,False,False,NORMAL GİRİŞ,⭐,İşlem Açma,0.0,5.0,47.0,-0.09611548836367505,0.06382978723404255,0.3392823562719416,1.8889759365361414,-0.9045863827067513,-3.591084225835161,62.44343891402715,0.15,True,"HD, DE, F",
2026-09-29,WFC,80.62,81.13,80.115,80.48,12885685.0,-0.4083622924929253,1037039928.8000001,1174331547.5276184,0.893441062892203,2.1210725402832034,-7.163455992617362,-2.613746369796699,1.7039917591613927,0.5105423042236923,-0.1062681529042148,-1.956870727454835,-0.8118475127281398,-0.3045875456999641,-0.21650246305417778,-0.14891676462443937,35.960591133005806,-0.18564417446524928,43.23725055432372,41.90687361419069,51.21951219512195,49.667405764966745,47.028824833702885,29.124168514412414,39.29046563192905,48.95787139689578,85.14412416851441,44.33441831507442,34.7139689578714,True,-0.22271811802767605,False,False,False,False,False,False,NORMAL,0.833,NORMAL,RISK_ON,0.15,0.9,0.91,Finance,46.8,46.8,46.8,46.8,0.0,80.9,REJECTED,NORMAL,0.833,0.17,0.2125,0.17,0.1275,0.17,47.3,False,False,NORMAL GİRİŞ,⭐,İşlem Açma,0.0,2.0,31.0,-0.11193454029395906,0.0,-0.6972418013568848,-2.61135578253694,-1.0013061473063134,1.00465909617653,45.16402714932127,0.15,False,"Finance · JPM, BAC, GS",
2026-09-29,O,55.3,55.4899,54.94,55.14,9648554.0,-0.37940104771507777,532021267.56,447971186.48986816,1.1769859277258932,0.894992824445452,-11.035818005808318,-11.007101355713367,0.7680625367807237,0.3626014257846383,1.4391395920132735,-1.1016072064700781,-0.7106999807906383,-0.06088046359936975,-0.2808601563920633,-0.3887205897036894,36.370249136207036,-0.15668292968740172,44.789356984478935,20.620842572062084,27.0509977827051,83.37028824833703,24.15742793791574,48.824833702882486,19.157427937915745,87.09534368070953,57.87139689578714,40.51839963645884,28.995565410199553,True,-0.22271811802767605,False,False,False,False,False,False,NORMAL,0.833,NORMAL,RISK_ON,0.15,0.9,0.91,Finance,46.7,46.7,46.7,46.7,0.0,80.9,REJECTED,NORMAL,0.833,0.17,0.2125,0.17,0.1275,0.17,49.4,False,False,NORMAL GİRİŞ,⭐,İşlem Açma,0.0,16.0,99.0,-0.17851639791542123,0.020202020202020204,0.019313729597758567,-0.5542398222371903,-0.9656648499694054,2.2324516333678046,34.86425339366516,0.15,False,"WMT, COST, BRK-B",
2026-09-29,VRSK,166.21,167.77,163.285,165.94,1685794.0,-1.0907815615769922,279740656.36,192264110.96115112,1.3593468532032416,5.255358276367188,-13.469260051102893,-7.569765498802427,2.4254976885518666,0.6862991915338263,0.596676101186009,-0.2778234319537418,-0.5222155632382217,0.19639909333210956,0.07408026755852579,-0.15368083672970412,59.19732441471557,-0.8680634435493162,19.290465631929045,11.973392461197339,36.80709534368071,91.13082039911308,25.631929046563194,62.51662971175166,45.09977827050998,86.07538802660753,12.638580931263856,36.30775904901036,66.20177383592018,True,-0.22271811802767605,False,False,False,True,False,False,NORMAL,0.833,NORMAL,RISK_ON,0.15,0.9,0.91,Technology Services,47.0,46.7,46.7,46.7,0.0,80.9,REJECTED,NORMAL,0.833,0.17,0.2125,0.17,0.1275,0.17,52.0,False,False,NORMAL GİRİŞ,⭐,İşlem Açma,0.0,11.0,54.0,-0.1644316755552538,0.0,-1.5237123163531487,-6.819868411692198,-0.4533602766092546,0.07309606851421124,28.86877828054299,0.15,True,"Technology Services · CRM, NFLX, NOW",
2026-09-29,UNH,374.88,376.59,371.33,374.94,3286568.0,-0.7648907378908887,1232265805.92,1730087100.402832,0.6285324696808444,7.920712193080358,-4.583280315561778,-9.789957414046146,1.148406549757565,0.5060462268701732,-1.1768519939091013,-0.577361671937374,0.05824865158292194,0.6810739191762808,0.2100760456273808,-0.004575270190124876,68.63117870722472,-0.5421726198632126,29.268292682926827,55.432372505543235,29.046563192904657,8.647450110864744,40.92017738359202,37.92682926829268,70.46563192904657,8.470066518847005,91.13082039911308,36.39415999932558,19.776053215077606,True,-0.22271811802767605,False,False,False,True,False,False,NORMAL,0.833,NORMAL,RISK_ON,0.15,0.9,0.91,Health Services,46.5,46.5,46.5,46.5,0.0,80.9,REJECTED,NORMAL,0.833,0.17,0.2125,0.17,0.1275,0.17,52.4,False,False,NORMAL GİRİŞ,⭐,İşlem Açma,0.0,14.0,9.0,-0.1474787699916338,0.0,0.667922296595147,1.58134060200813,1.3781761721866403,-0.5335785478575161,39.06674208144797,0.15,True,"Health Services · UNH, CVS, ELV",
2026-09-29,BRO,59.6,60.66,59.01,60.6,2478604.0,0.5976067588024048,150203402.4,123458357.4286499,1.128456535644937,1.77285646711077,-17.337334606465692,-5.5339049103663385,1.6413705743216793,1.0083937760419144,0.4162765396586787,0.06561347765932528,-0.8632315638948028,1.5569291638962373,0.7827272727272763,-0.39049498927014337,96.36363636363666,0.8203248768300808,77.60532150776052,6.430155210643015,43.45898004434589,79.82261640798227,26.7960088691796,59.01330376940133,38.270509977827054,76.62971175166298,1.5521064301552108,65.56651884700668,73.87583148558758,True,-0.22271811802767605,False,False,True,False,False,False,NORMAL,0.833,NORMAL,RISK_ON,0.15,0.9,0.91,Finance,47.9,46.3,46.3,46.3,0.0,80.9,REJECTED,NORMAL,0.833,0.17,0.2125,0.17,0.1275,0.17,44.8,False,False,NORMAL GİRİŞ,⭐,İşlem Açma,0.0,16.0,99.0,-0.17851639791542123,0.020202020202020204,0.019313729597758567,-0.5542398222371903,-1.453622381776043,2.720409165174442,35.92760180995476,0.15,False,"WMT, COST, BRK-B",
2026-09-29,NWSA,29.05,29.05,28.18,28.52,5906116.0,-1.9931284325310883,168442428.32,113735159.0,1.3013867451097045,0.7450000435965402,-7.910881498224088,14.861055175191318,1.6328010834350328,0.5256611536455363,1.407458722330217,0.8049511669258326,-0.05210778374905711,-0.7992115900722173,-0.39425287356321936,-0.16228112608315762,39.080459770114885,-1.7704103145034122,5.764966740576496,36.80709534368071,85.36585365853658,88.69179600886919,63.51441241685144,83.80266075388028,29.756097560975608,89.93348115299335,1.1086474501108647,37.50338965772102,58.01773835920177,True,-0.22271811802767605,False,False,False,False,False,False,NORMAL,0.833,NORMAL,RISK_ON,0.15,0.9,0.91,Consumer Services,46.2,46.2,46.2,46.2,0.0,80.9,REJECTED,NORMAL,0.833,0.17,0.2125,0.17,0.1275,0.17,52.3,False,False,NORMAL GİRİŞ,⭐,İşlem Açma,0.0,11.0,54.0,-0.1644316755552538,0.0,-1.5237123163531487,-6.819868411692198,0.5405039896807353,-0.9207681977757787,25.72398190045249,0.15,False,"Technology Services · CRM, NFLX, NOW",
2026-09-29,ECL,279.2,280.82,276.72,277.87,1107445.0,-0.8421692516163981,307725742.15,289596135.6536865,0.919877398964204,4.904281180245533,-3.0967741935483906,-0.26560424966799445,0.9983325435440074,0.5978955769003014,-0.3131126468453845,-0.4204255928604747,0.0035597536684536645,-0.839129216162229,-0.3874390243902469,-0.06354056838524046,28.04878048780456,-0.6194511335887221,27.494456762749447,64.07982261640798,58.758314855875824,55.432372505543235,61.152993348115295,53.802660753880254,42.4390243902439,48.78048780487805,33.70288248337029,39.893569844789326,44.18403547671841,True,-0.22271811802767605,False,False,False,False,False,False,NORMAL,0.833,NORMAL,RISK_ON,0.15,0.9,0.91,Process Industries,46.1,46.1,46.1,46.1,0.0,80.9,REJECTED,NORMAL,0.833,0.17,0.2125,0.17,0.1275,0.17,45.4,False,False,NORMAL GİRİŞ,⭐,İşlem Açma,0.0,5.0,47.0,-0.09611548836367505,0.06382978723404255,0.3392823562719416,1.8889759365361414,1.7705853066656507,-6.266255915207563,57.39819004524887,0.15,False,"HD, DE, F",
2026-09-29,INTU,269.4,270.61,262.5,268.03,3709755.0,-0.5085352366454798,994325632.6499999,1011689864.6678954,1.0327538208847193,12.028572038922992,-25.143830642909016,2.6934865900382965,2.439213758445704,1.0724317651787334,-0.05880073299908214,-0.8794845640105823,-1.0795370722922617,0.17276250019642803,0.1240443896424117,-0.3150755807526266,68.18742293464814,-0.2858171186178038,38.35920177383592,1.7738359201773837,66.29711751662971,70.73170731707317,37.26164079822617,34.567627494456765,25.631929046563194,62.92682926829268,82.70509977827051,47.38747843537169,63.06651884700665,True,-0.22271811802767605,False,False,False,False,False,False,NORMAL,0.833,NORMAL,RISK_ON,0.15,0.9,0.91,Technology Services,46.1,46.1,46.1,46.1,0.0,80.9,REJECTED,NORMAL,0.833,0.17,0.2125,0.17,0.1275,0.17,47.2,False,False,NORMAL GİRİŞ,⭐,İşlem Açma,0.0,11.0,54.0,-0.1644316755552538,0.0,-1.5237123163531487,-6.819868411692198,-5.28256739240242,4.902303184307376,36.651583710407245,0.15,False,"Technology Services · CRM, NFLX, NOW",
2026-09-29,RF,27.2,27.34,26.74,26.89,13370339.0,-1.3573009015965476,359528415.71,216292106.90717316,1.567817406084314,0.6121430805751257,-11.341905703923505,-10.960264900662253,1.4596522332056412,0.5306805551291427,1.5993949247291852,0.20333171195167857,-0.00526814807217041,-0.7566344222358388,-0.5074999999999952,-0.30951403829392393,25.000000000000295,-1.1345827835688715,13.303769401330376,19.733924611973393,27.27272727272727,94.45676274944567,23.88026607538803,79.8669623059867,13.392461197339248,94.36807095343681,17.96008869179601,25.750554323725083,55.05986696230599,True,-0.22271811802767605,False,False,False,False,False,False,NORMAL,0.833,NORMAL,RISK_ON,0.15,0.9,0.91,Finance,46.1,46.1,46.1,46.1,0.0,80.9,REJECTED,NORMAL,0.833,0.17,0.2125,0.17,0.1275,0.17,50.4,False,False,NORMAL GİRİŞ,⭐,İşlem Açma,0.0,2.0,31.0,-0.11193454029395906,0.0,-0.6972418013568848,-2.61135578253694,-1.4448435874127141,1.4481965362829308,46.22737556561086,0.15,False,"Finance · JPM, BAC, GS",
2026-09-29,BRK-B,501.53,503.86,500.23,502.35,3247039.0,-0.14709025090484662,1631150041.65,1950239091.4189453,0.7098640846317474,6.05142830984933,-0.5247524752475252,0.3916944783069365,0.7329738703051849,0.29315618164534324,-0.9512287919283775,-1.1411162315914318,-0.8373697088841077,0.37671610029047176,0.1940771349862344,0.008018861931958953,58.402203856749516,0.07562786712282943,53.215077605321504,73.39246119733924,59.64523281596452,18.625277161862527,65.83148558758315,20.95343680709534,67.58314855875831,16.496674057649667,92.23946784922394,53.937781361284706,9.232815964523283,True,-0.22271811802767605,False,False,False,True,False,False,NORMAL,0.833,NORMAL,RISK_ON,0.15,0.9,0.91,Finance,46.0,46.0,46.0,46.0,0.0,80.9,REJECTED,NORMAL,0.833,0.17,0.2125,0.17,0.1275,0.17,48.3,False,False,NORMAL GİRİŞ,⭐,İşlem Açma,0.0,16.0,99.0,-0.17851639791542123,0.020202020202020204,0.019313729597758567,-0.5542398222371903,1.2667867833983992,0.0,28.631221719457017,0.15,True,"WMT, COST, BRK-B",
2026-09-29,ALL,225.95,227.05,224.205,225.42,4096076.0,-0.9360593378121562,923337451.92,394293245.04852295,1.9459440456452233,5.933213500976562,-13.49297720469721,-5.261830713625293,1.6392714150230197,0.6933297925155596,2.4139179550342775,-1.1795374874765892,-1.0136003636716888,-0.1895877597167253,-0.1640597539543155,-0.356065169306967,42.706502636203005,-0.7133412197844802,23.059866962305986,11.751662971175167,44.567627494456765,98.22616407982262,29.800443458980048,46.05321507760533,18.669623059866964,98.13747228381376,49.889135254988915,36.00235758069347,56.82039911308203,True,-0.22271811802767605,False,False,False,False,False,False,NORMAL,0.833,NORMAL,RISK_ON,0.15,0.9,0.91,Finance,45.9,45.9,45.9,45.9,0.0,80.9,REJECTED,NORMAL,0.833,0.17,0.2125,0.17,0.1275,0.17,49.0,False,False,NORMAL GİRİŞ,⭐,İşlem Açma,0.0,16.0,99.0,-0.17851639791542123,0.020202020202020204,0.019313729597758567,-0.5542398222371903,-0.2845733383214477,1.551360121719847,33.05429864253394,0.15,False,"WMT, COST, BRK-B",
2026-09-29,APD,277.75,281.06,276.47,279.19,1062184.0,0.15784753363228265,296551150.96,295745135.48,0.8982604504055003,5.267859584263391,-9.380375864195523,-4.771812538372333,1.1597202495115404,0.32141479303109516,0.08088863974081809,0.07652064761731997,-1.2514512590046276,0.6798348971611439,0.24302832244008415,-0.2104218411792087,59.25925925925893,0.3805656516599587,65.6319290465632,27.716186252771617,45.67627494456763,51.44124168514412,37.59423503325942,44.40133037694014,42.172949002217294,54.01330376940133,35.033259423503324,55.43257781062656,32.529933481152995,True,-0.22271811802767605,False,False,True,False,False,False,NORMAL,0.833,NORMAL,RISK_ON,0.15,0.9,0.91,Process Industries,45.9,45.9,45.9,45.9,0.0,80.9,REJECTED,NORMAL,0.833,0.17,0.2125,0.17,0.1275,0.17,43.8,True,False,NORMAL GİRİŞ,⭐,İşlem Açma,0.0,15.0,27.0,-0.13266678729271986,0.0,-0.8276815529380088,-3.09583284340259,-0.6716761179145436,4.675282792495549,42.3472850678733,0.15,False,"Energy Minerals · XOM, CVX, VLO",
2026-09-29,CVS,87.2,87.56,86.36,87.1,7152450.0,-0.8537262232759524,622978395.0,625413011.2641907,0.9184862624185925,2.1857142203194755,-6.4044702342574755,-15.804736587723545,1.797085436605323,0.47125523603278935,-0.0018767284074549984,-0.8613094216482848,-0.33225654241565383,0.39230818648478993,0.09083333333332394,-0.20796239031162736,61.66666666666609,-0.6310081052482763,27.0509977827051,45.01108647450111,14.634146341463413,54.54545454545454,28.303769401330378,45.19955654101995,38.93569844789357,54.10199556541019,71.17516629711751,32.713229859571264,37.068736141906875,True,-0.22271811802767605,False,False,False,False,False,False,NORMAL,0.833,NORMAL,RISK_ON,0.15,0.9,0.91,Retail Trade,45.9,45.9,45.9,45.9,0.0,80.9,REJECTED,NORMAL,0.833,0.17,0.2125,0.17,0.1275,0.17,50.3,False,False,NORMAL GİRİŞ,⭐,İşlem Açma,0.0,14.0,9.0,-0.1474787699916338,0.0,0.667922296595147,1.58134060200813,0.8445976243291242,0.0,40.66176470588236,0.15,False,"Health Services · UNH, CVS, ELV",
2026-09-29,LMT,514.99,519.685,511.03,512.21,1240221.0,-1.1368415100340923,635253598.4100001,577301780.6243896,1.0389024778434888,11.319643380301338,-9.158464130531163,0.5397872256899472,1.3636920608617236,0.42285820603077895,0.4763697371745655,-0.4954066286927302,-0.16521067669195963,-0.7200915021168505,-0.5445696129404873,-0.23170937603308353,13.63373772385982,-0.9141233920064162,18.625277161862527,29.046563192904657,60.08869179600887,71.84035476718404,46.11973392461197,60.12195121951219,21.019955654102,72.99334811529934,69.17960088691795,32.65605669921524,33.40133037694014,True,-0.22271811802767605,False,False,False,False,False,False,NORMAL,0.833,NORMAL,RISK_ON,0.15,0.9,0.91,Electronic Technology,45.9,45.9,45.9,45.9,0.0,80.9,REJECTED,NORMAL,0.833,0.17,0.2125,0.17,0.1275,0.17,52.8,False,False,NORMAL GİRİŞ,⭐,İşlem Açma,0.0,1.0,13.0,-0.16992272122615265,0.0,0.37715172055692303,-3.842508601358297,-0.8039884419278165,1.5227139482480556,29.6210407239819,0.15,False,"Electronic Technology · BA, GE, HWM",
2026-09-29,BX,115.36,115.37,113.44,114.0,5833730.0,-0.48882469494409,665045220.0,453021144.9767761,1.448156022823042,3.691430751255581,-19.938197907156397,-3.118891816095859,1.962407143255878,1.0361071179494108,1.147649101342588,-1.7992990527547457,-1.211255704501414,-0.8912607265059511,-0.547927461139895,-0.3093134405029179,29.01554404145079,-0.26610657691641393,39.467849223946786,4.656319290465632,49.667405764966745,93.56984478935698,29.412416851441243,36.21951219512195,11.396895787139691,90.99778270509978,59.20177383592018,41.55011316245994,68.48558758314856,True,-0.22271811802767605,False,False,False,False,False,False,NORMAL,0.833,NORMAL,RISK_ON,0.15,0.9,0.91,Finance,46.4,45.8,45.8,45.8,0.0,80.9,REJECTED,NORMAL,0.833,0.17,0.2125,0.17,0.1275,0.17,44.3,False,False,NORMAL GİRİŞ,⭐,İşlem Açma,0.0,2.0,31.0,-0.11193454029395906,0.0,-0.6972418013568848,-2.61135578253694,-5.862171296257368,5.865524245127585,51.58936651583711,0.15,False,"Finance · JPM, BAC, GS",
2026-09-29,DELL,550.73,551.39,536.58,539.59,5748606.0,-0.706621409847763,3101890311.54,5128473375.939941,0.5027958731002827,31.27641967773437,18.268893564790467,25.061419366801108,5.744011637470023,2.0258649094917347,-0.44076319610809855,-1.6639721467505233,-1.0886792383769752,-1.1329496630665508,-0.6649223497636739,-0.009267827021771898,20.32410533423364,-0.48390329182008696,31.263858093126384,97.5609756097561,92.90465631929047,1.5521064301552108,95.0,14.356984478935699,45.98669623059867,14.323725055432375,97.11751662971176,44.2907253892992,65.23725055432374,True,-0.22271811802767605,False,False,False,True,False,False,NORMAL,0.833,NORMAL,RISK_ON,0.15,0.9,0.91,Electronic Technology,45.9,45.8,45.8,45.8,0.0,80.9,REJECTED,NORMAL,0.833,0.17,0.2125,0.17,0.1275,0.17,40.4,False,False,NORMAL GİRİŞ,⭐,İşlem Açma,0.0,3.0,96.0,0.02554887949189778,0.03125,0.8583284322582763,8.254331631412981,-1.0455084342731957,-1.1356573619345611,75.54298642533936,0.15,True,"Electronic Technology · MU, NVDA, SNDK",
2026-09-29,EOG,137.97,140.26,137.4,139.66,2326226.0,-0.6897567013674055,324880723.15999997,427805990.30682373,0.6873530172190909,3.8271447317940845,-2.5741192884548347,7.654359053418647,1.918417547722647,1.2272992512149135,-0.8849722529268098,-0.24890252859054723,-0.5137907409716306,0.9852560198735696,0.5851398601398621,-0.02781400945187567,79.02097902097911,-0.4670385833397295,32.15077605321508,66.51884700665188,75.3880266075388,17.29490022172949,71.3968957871397,39.711751662971174,72.1951219512195,16.674057649667404,55.432372505543235,49.76684291318439,59.06430155210643,True,-0.22271811802767605,False,False,False,True,False,False,NORMAL,0.833,NORMAL,RISK_ON,0.15,0.9,0.91,Energy Minerals,45.8,45.8,45.8,45.8,0.0,80.9,REJECTED,NORMAL,0.833,0.17,0.2125,0.17,0.1275,0.17,48.0,False,False,NORMAL GİRİŞ,⭐,İşlem Açma,0.0,15.0,27.0,-0.13266678729271986,0.0,-0.8276815529380088,-3.09583284340259,2.440540693359672,1.5630659812213343,35.76357466063348,0.15,True,"Energy Minerals · XOM, CVX, VLO",
2026-09-29,ADSK,204.65,206.05,199.1801,203.18,2185805.0,-1.9354227492420994,444111859.90000004,444522946.3745606,0.9593680597617605,7.309994252232142,-22.051714877618355,4.505709289167781,3.0180342582471478,1.085496233413032,0.2564845307085265,0.4821007250432089,-0.013692192247945002,-0.0149689534096662,-0.005830506994279949,-0.2558806634930156,58.22355492801927,-1.7127046312144234,6.651884700665188,2.4390243902439024,69.40133037694012,60.97560975609756,39.26829268292683,71.5521064301552,27.62749445676275,62.66075388026608,57.20620842572062,32.01304285422099,71.33702882483371,True,-0.22271811802767605,False,False,False,False,False,False,NORMAL,0.833,NORMAL,RISK_ON,0.15,0.9,0.91,Technology Services,46.8,45.7,45.7,45.7,0.0,80.9,REJECTED,NORMAL,0.833,0.17,0.2125,0.17,0.1275,0.17,53.7,False,False,NORMAL GİRİŞ,⭐,İşlem Açma,0.0,11.0,54.0,-0.1644316755552538,0.0,-1.5237123163531487,-6.819868411692198,-4.44942450170595,4.069160293610906,36.01809954751131,0.15,False,"Technology Services · CRM, NFLX, NOW",
2026-09-29,CMG,31.57,32.35,31.27,31.88,13885193.0,0.09419032392767868,442659952.84,394424180.938118,1.0200235516748428,1.2535719244820733,-16.171443597160142,-6.2352941176470615,2.0044700979853074,0.6738834900795215,-0.2968056944960138,-0.2077686271589776,-1.369979809661289,0.6170452240384391,0.2004629629629606,-0.28666490685207563,56.48148148148133,0.3169084419553547,63.8580931263858,7.5388026607538805,40.57649667405765,68.29268292682927,25.709534368070955,37.62749445676275,33.08203991130821,56.58536585365854,50.332594235033255,53.17919027675123,56.23281596452328,True,-0.22271811802767605,False,False,True,False,False,False,NORMAL,0.833,NORMAL,RISK_ON,0.15,0.9,0.91,Consumer Services,45.6,45.6,45.6,45.6,0.0,80.9,REJECTED,NORMAL,0.833,0.17,0.2125,0.17,0.1275,0.17,42.6,False,False,NORMAL GİRİŞ,⭐,İşlem Açma,0.0,14.0,9.0,-0.1474787699916338,0.0,0.667922296595147,1.58134060200813,-1.4539056401508987,2.298503264480023,47.0079185520362,0.15,False,"Health Services · UNH, CVS, ELV",
2026-09-29,EQT,49.17,49.7,48.61,48.88,7315055.0,-1.985159320410168,357559888.40000004,347498971.3785553,0.9728016543488163,1.4314275905064175,-10.426974528129007,-8.068459657701709,1.6481650231728822,0.5522034416353444,0.24043533166226352,-0.2148674218805167,0.9478922084334971,-0.5697717015790803,-0.39724770642201535,-0.16552593085940173,24.770642201835074,-1.762441202382492,6.208425720620843,22.61640798226164,34.811529933481154,62.3059866962306,29.323725055432377,68.86917960088692,32.328159645232816,63.28159645232816,45.23281596452328,22.888372424174637,48.40133037694014,True,-0.22271811802767605,False,False,False,False,False,False,NORMAL,0.833,NORMAL,RISK_ON,0.15,0.9,0.91,Energy Minerals,45.6,45.6,45.6,45.6,0.0,80.9,REJECTED,NORMAL,0.833,0.17,0.2125,0.17,0.1275,0.17,52.1,False,False,NORMAL GİRİŞ,⭐,İşlem Açma,0.0,15.0,27.0,-0.13266678729271986,0.0,-0.8276815529380088,-3.09583284340259,-1.4582677472600225,5.461874421841029,43.72737556561086,0.15,False,"Energy Minerals · XOM, CVX, VLO",
2026-09-29,LH,306.89,309.95,306.58,308.81,613108.0,-0.24550418523677786,189333881.48,231469193.47229004,0.72958648182305,8.242144252232142,-7.848169257855631,10.289285714285711,1.6800379842304252,0.8466276807320533,-0.2778735770855698,-1.7498379185834247,-0.8975103260150724,0.6542410071040273,0.4342729970326477,-0.012485776997056925,66.17210682492627,-0.022786067209101812,49.00221729490023,37.250554323725055,79.6008869179601,21.729490022172946,60.54323725055433,22.150776053215075,69.22394678492239,29.268292682926827,21.286031042128602,55.758008908656706,59.66962305986696,True,-0.22271811802767605,False,False,False,True,False,False,NORMAL,0.833,NORMAL,RISK_ON,0.15,0.9,0.91,Health Services,45.5,45.5,45.5,45.5,0.0,80.9,REJECTED,NORMAL,0.833,0.17,0.2125,0.17,0.1275,0.17,37.5,False,False,NORMAL GİRİŞ,⭐,İşlem Açma,0.0,9.0,19.0,-0.07995966169200827,0.10526315789473684,0.6362234813596768,0.03793591459123569,0.0,-1.438928400770212,65.55429864253394,0.15,True,"Health Technology · BSX, MDT, ISRG",
2026-09-29,TFC,47.09,47.29,46.2,46.44,7935088.0,-1.3803358472747274,368505486.71999997,328934270.5,1.0290161171833412,1.0950003923688614,-7.911957168352179,-6.784423926134087,1.5287958551488297,0.42942276276796143,0.5016563237507176,0.24756643469995834,0.3259384775746523,-0.943791093838907,-0.5761467889908333,-0.23537125609459267,22.018348623852816,-1.1576177292470513,12.638580931263856,36.58536585365854,38.58093126385809,70.50997782705099,37.6829268292683,76.2860310421286,16.274944567627497,72.72727272727272,42.350332594235034,26.123120893427412,43.807095343680714,True,-0.22271811802767605,False,False,False,False,False,False,NORMAL,0.833,NORMAL,RISK_ON,0.15,0.9,0.91,Finance,45.5,45.5,45.5,45.5,0.0,80.9,REJECTED,NORMAL,0.833,0.17,0.2125,0.17,0.1275,0.17,50.8,False,False,NORMAL GİRİŞ,⭐,İşlem Açma,0.0,2.0,31.0,-0.11193454029395906,0.0,-0.6972418013568848,-2.61135578253694,-1.1811277041727353,1.184480653042952,45.48076923076923,0.15,False,"Finance · JPM, BAC, GS",
2026-09-29,OTIS,66.33,66.88,65.155,65.63,5119315.0,-1.055332144928367,335980643.45,293294026.38931274,1.1026792012691125,1.6266426086425778,-8.516866462224703,-8.337988826815646,1.4606026081240742,0.47402075663536375,1.0392571138177868,0.35535811746117707,-0.40051314986506464,-0.7463605171729562,-0.4297101449275402,-0.23325430904825228,27.53623188405773,-0.832614026900691,20.17738359201774,32.15077605321508,33.03769401330377,77.8270509977827,32.63858093126386,71.87361419068735,20.17738359201774,81.01995565410199,34.811529933481154,29.85340145891575,46.11973392461197,True,-0.22271811802767605,False,False,False,False,False,False,NORMAL,0.833,NORMAL,RISK_ON,0.15,0.9,0.91,Industrial Services,45.4,45.4,45.4,45.4,0.0,80.9,REJECTED,NORMAL,0.833,0.17,0.2125,0.17,0.1275,0.17,50.8,False,False,NORMAL GİRİŞ,⭐,İşlem Açma,0.0,16.0,99.0,-0.17851639791542123,0.020202020202020204,0.019313729597758567,-0.5542398222371903,-2.105505556372611,3.3722923397710103,37.05882352941177,0.15,False,"WMT, COST, BRK-B",
2026-09-29,BAX,23.29,23.72,23.145,23.48,6685719.0,-0.04257033297402346,156980682.12,146295011.18676758,1.02446876242619,0.6803569248744419,-10.141599693838499,10.131332082551591,1.4646518855966673,0.719251316664334,0.266343177452429,-0.18860583526115302,-1.229923887794634,0.5694656241603488,0.23956521739130796,-0.2042611256065291,58.26086956521761,0.1801477850536526,56.76274944567628,24.168514412416854,79.37915742793791,69.40133037694012,54.534368070953434,45.44345898004434,41.86252771618625,67.89356984478935,4.212860310421286,59.85602043767475,62.170731707317074,True,-0.22271811802767605,False,False,False,False,False,False,NORMAL,0.833,NORMAL,RISK_ON,0.15,0.9,0.91,Health Technology,45.3,45.3,45.3,45.3,0.0,80.9,REJECTED,NORMAL,0.833,0.17,0.2125,0.17,0.1275,0.17,40.6,False,False,NORMAL GİRİŞ,⭐,İşlem Açma,0.0,14.0,9.0,-0.1474787699916338,0.0,0.667922296595147,1.58134060200813,0.0,0.8445976243291242,43.15045248868779,0.15,False,"Health Services · UNH, CVS, ELV",
2026-09-29,GE,318.87,324.08,316.58,317.89,3731848.0,-0.10997682413114163,1186317160.72,1201071746.7544556,0.8690903755731875,8.673579624720983,-7.207075719539957,-14.941267760147703,1.5415536510101993,0.8426447700775779,-0.013076562531393705,-0.31119538715503836,-1.3799991368725033,-0.5539171369109704,-0.41666666666666746,-0.06970187876023008,17.466666666666697,0.11274129389653442,54.1019955654102,41.24168514412417,16.186252771618626,44.789356984478935,27.46119733924612,35.011086474501106,45.54323725055432,47.98226164079823,85.58758314855875,40.29988174427199,46.101995565410206,True,-0.22271811802767605,False,False,False,True,False,False,NORMAL,0.833,NORMAL,RISK_ON,0.15,0.9,0.91,Electronic Technology,45.3,45.3,45.3,45.3,0.0,80.9,REJECTED,NORMAL,0.833,0.17,0.2125,0.17,0.1275,0.17,50.9,False,False,NORMAL GİRİŞ,⭐,İşlem Açma,0.0,1.0,13.0,-0.16992272122615265,0.0,0.37715172055692303,-3.842508601358297,0.7187255063202391,0.0,25.220588235294116,0.15,True,"Electronic Technology · BA, GE, HWM",
2026-09-29,CCI,67.0,67.67,66.35,67.07,3631587.0,-0.04470711595123689,243570540.08999997,229450583.09326172,1.0245190320692306,1.9064276776994984,-11.912266876805887,-11.435362471939802,1.520422003466807,0.5346296315713056,0.23137018109839955,-0.4893653445972509,-1.2446773411269243,0.4062137230114028,0.07386363636362961,-0.1525685758653852,54.545454545454156,0.17801100207643916,56.54101995565411,15.96452328159645,25.72062084257206,69.62305986696231,21.330376940133036,39.212860310421284,47.76053215077606,67.3170731707317,20.84257206208426,48.62749445676271,48.574279379157424,True,-0.22271811802767605,False,False,False,True,False,False,NORMAL,0.833,NORMAL,RISK_ON,0.15,0.9,0.91,Finance,45.2,45.2,45.2,45.2,0.0,80.9,REJECTED,NORMAL,0.833,0.17,0.2125,0.17,0.1275,0.17,43.7,False,False,NORMAL GİRİŞ,⭐,İşlem Açma,0.0,16.0,99.0,-0.17851639791542123,0.020202020202020204,0.019313729597758567,-0.5542398222371903,-5.830275656490403,7.097062439888802,40.0,0.15,True,"WMT, COST, BRK-B",
2026-09-29,CL,85.84,86.509,85.5825,86.46,4482645.0,-0.06934425034009761,387569486.7,417495267.05859375,0.8241148520639893,1.5133931623186387,-4.7272727272727355,-5.69371727748692,0.8276087436223951,0.5014367874759801,-0.03579353606835574,-1.1596806629131908,-1.4107839328119973,1.5104345252418745,0.792957366432798,-0.1141287913809565,94.71127900701497,0.15337386768757844,54.988913525498894,54.54545454545454,42.572062084257205,35.47671840354767,47.960088691796,20.953436807095343,65.27716186252772,42.12860310421286,52.54988913525499,55.473345195601716,27.07760532150776,True,-0.22271811802767605,False,False,False,True,False,False,NORMAL,0.833,NORMAL,RISK_ON,0.15,0.9,0.91,Consumer Non-Durables,45.2,45.2,45.2,45.2,0.0,80.9,REJECTED,NORMAL,0.833,0.17,0.2125,0.17,0.1275,0.17,44.8,False,False,NORMAL GİRİŞ,⭐,İşlem Açma,0.0,16.0,99.0,-0.17851639791542123,0.020202020202020204,0.019313729597758567,-0.5542398222371903,0.8154295617150642,0.45135722168333503,29.886877828054303,0.15,True,"WMT, COST, BRK-B",
2026-09-29,NKE,36.34,36.4276,35.67,35.84,28959973.0,-1.5114025800310626,1037925432.32,1142770153.4484863,0.8849923823659602,0.90482828805106,-9.49494949494949,-12.69183922046283,1.4055154756336963,0.8262438175359332,0.46880835547112676,-0.3651316651850845,-0.14615963722358566,-1.0063829024922089,-0.60015839493136,-0.16638229176225727,22.439281942978155,-1.2886844620033866,10.199556541019955,27.494456762749447,21.729490022172946,47.45011086474501,24.323725055432373,58.79157427937916,26.25277161862528,58.09312638580931,84.25720620842571,19.895812894963004,47.84257206208426,True,-0.22271811802767605,False,False,False,False,True,False,NORMAL,0.833,NORMAL,RISK_ON,0.15,0.9,0.91,Consumer Non-Durables,45.2,45.2,45.2,45.2,0.0,80.9,REJECTED,NORMAL,0.833,0.17,0.2125,0.17,0.1275,0.17,54.0,False,False,NORMAL GİRİŞ,⭐,İşlem Açma,0.0,13.0,12.0,-0.13861084651358005,0.0,0.21731553295660233,-0.8512872043160149,0.5749852258184418,1.0566692950387035,37.71493212669684,0.15,False,"Retail Trade · NKE, TJX, SBUX",
2026-09-29,HAS,89.75,90.09,87.57,88.26,1766534.0,-1.3303487857363905,155914290.84,131454174.72991943,1.091446842032097,2.2528569030761725,-6.335561922954469,6.865237922266609,1.1115422360896334,0.5840521684547434,0.08435110672711212,0.5397986015629567,0.02659703615646922,-0.7768938592622711,-0.5148809523809464,-0.1756734330908989,27.380952380952746,-1.1076306677087144,13.968957871396896,45.45454545454545,73.39246119733924,76.49667405764967,60.82039911308204,74.0022172949002,27.095343680709533,69.31263858093126,2.6607538802660753,36.47423714496889,55.76718403547672,True,-0.22271811802767605,False,False,False,False,False,False,NORMAL,0.833,NORMAL,RISK_ON,0.15,0.9,0.91,Consumer Durables,45.1,45.1,45.1,45.1,0.0,80.9,REJECTED,NORMAL,0.833,0.17,0.2125,0.17,0.1275,0.17,44.7,False,False,NORMAL GİRİŞ,⭐,İşlem Açma,0.0,5.0,47.0,-0.09611548836367505,0.06382978723404255,0.3392823562719416,1.8889759365361414,2.726562565752011,-7.222233174293923,56.22171945701358,0.15,False,"HD, DE, F",
2026-09-29,APP,309.0,313.38,304.84,305.66,3729361.0,-0.8370069803120717,1139916483.26,1238373352.9214478,0.7809983832867028,15.844719412667413,-3.807905337361517,-40.67503833239524,2.790417298721219,1.0527934419889298,-1.0763744468795264,-0.924244966029226,-0.5862712174416205,-0.9291603387716728,-0.6203747072599453,-0.058507229235175935,9.601873536300328,-0.6142888622843956,27.716186252771617,60.310421286031044,0.4434589800443459,28.60310421286031,27.38359201773836,28.53658536585366,42.08425720620842,21.06430155210643,86.47450110864744,23.30608535806462,59.809312638580934,True,-0.22271811802767605,False,False,False,False,False,False,NORMAL,0.833,NORMAL,RISK_ON,0.15,0.9,0.91,Technology Services,45.0,45.0,45.0,45.0,0.0,80.9,REJECTED,NORMAL,0.833,0.17,0.2125,0.17,0.1275,0.17,42.7,False,False,NORMAL GİRİŞ,⭐,İşlem Açma,0.0,3.0,96.0,0.02554887949189778,0.03125,0.8583284322582763,8.254331631412981,-6.363730810558039,4.182565014350281,84.16289592760181,0.15,False,"Electronic Technology · MU, NVDA, SNDK",
2026-09-29,AWK,127.83,130.52,127.325,129.8,1598971.0,0.6747904860326503,207546435.8,244003609.05020142,0.84045560984071,2.4489272199358263,-6.146059291395511,-1.3527891776865753,0.8941838913794166,0.4273416857565998,-0.6956749526178085,1.0310886963950108,-0.13651108988294933,1.338274084233734,0.5795774647887346,-0.2753322595353851,77.46478873239445,0.8975086040603264,78.49223946784922,47.45011086474501,55.210643015521065,39.02439024390244,51.71840354767184,63.691796008869176,42.66075388026608,32.993348115299334,23.725055432372503,64.6899378532838,35.88026607538803,True,-0.22271811802767605,False,False,True,False,False,False,NORMAL,0.833,NORMAL,RISK_ON,0.15,0.9,0.91,Utilities,44.9,44.9,44.9,44.9,0.0,80.9,REJECTED,NORMAL,0.833,0.17,0.2125,0.17,0.1275,0.17,43.2,False,False,NORMAL GİRİŞ,⭐,İşlem Açma,0.0,16.0,99.0,-0.17851639791542123,0.020202020202020204,0.019313729597758567,-0.5542398222371903,-1.5108361405737347,2.777622923972134,36.10859728506787,0.15,False,"WMT, COST, BRK-B",
2026-09-29,CF,114.83,117.615,114.03,115.71,2540262.0,0.17314332964313284,293933716.02,327401071.5717926,0.8989468543643969,4.921784602573939,-8.013355592654436,6.881581378163659,2.5102491924964156,1.2958073582511276,0.16329230493266472,-0.9466774705305178,-1.282670992973758,0.2187180210382723,0.07594142259414052,-0.159141904935429,46.861924686192346,0.3958614476708089,66.96230598669624,36.14190687361419,73.61419068736141,51.88470066518847,56.75166297117517,28.93569844789357,44.390243902439025,55.787139689578716,41.90687361419069,61.164019519617014,72.08647450110864,True,-0.22271811802767605,False,False,True,False,False,False,NORMAL,0.833,NORMAL,RISK_ON,0.15,0.9,0.91,Process Industries,46.2,44.9,44.9,44.9,0.0,80.9,REJECTED,NORMAL,0.833,0.17,0.2125,0.17,0.1275,0.17,41.5,True,False,NORMAL GİRİŞ,⭐,İşlem Açma,0.0,15.0,27.0,-0.13266678729271986,0.0,-0.8276815529380088,-3.09583284340259,-1.7065674113420637,5.71017408592307,44.02149321266968,0.15,False,"Energy Minerals · XOM, CVX, VLO",
2026-09-29,EXPD,186.87,189.03,186.4725,188.16,764504.0,-0.22271811802767605,143849072.64,171032034.03320312,0.7585757306648542,3.9019648088727683,-1.4714353039744443,15.449748435390841,1.3352422228188012,0.30180682394156777,-0.6745878504517611,-0.959775105709453,-0.8751515531248802,0.714448044221898,0.4027859237536626,0.16595396782873514,65.982404692082,0.0,50.110864745011085,71.3968957871397,85.58758314855875,26.607538802660752,79.20177383592018,25.543237250554323,83.50332594235033,26.164079822616408,7.982261640798225,60.91753093484013,32.64523281596452,True,-0.22271811802767605,False,False,False,True,False,False,NORMAL,0.833,NORMAL,RISK_ON,0.15,0.9,0.91,Transportation,44.9,44.9,44.9,44.9,0.0,80.9,REJECTED,NORMAL,0.833,0.17,0.2125,0.17,0.1275,0.17,39.5,False,False,NORMAL GİRİŞ,⭐,İşlem Açma,0.0,4.0,10.0,-0.11283149649648719,0.1,1.3059074668034854,-3.863498233483014,0.5532618207009177,-0.44140118537190354,46.67420814479638,0.15,True,"Transportation · UNP, FDX, CSX",
2026-09-29,GIS,33.33,34.09,33.2804,33.82,9088227.0,0.6547664758031146,307363837.14,354473122.0069885,0.8953860886605159,1.0128290400913786,-18.60409145607701,-2.816091954022981,1.5468068960117332,0.6832884432953945,0.03578332271248566,-0.42430632899447884,-0.8057390596297583,0.9153715970337873,0.4555088932806297,-0.40663321978154526,66.65019762845824,0.8774845938307907,78.04878048780488,5.543237250554324,50.77605321507761,50.332594235033255,30.421286031042136,44.20177383592017,31.04212860310421,52.01773835920177,46.11973392461197,60.58297985153762,53.60310421286031,True,-0.22271811802767605,False,False,True,False,False,False,NORMAL,0.833,NORMAL,RISK_ON,0.15,0.9,0.91,Consumer Non-Durables,44.9,44.9,44.9,44.9,0.0,80.9,REJECTED,NORMAL,0.833,0.17,0.2125,0.17,0.1275,0.17,42.2,True,False,NORMAL GİRİŞ,⭐,İşlem Açma,0.0,16.0,99.0,-0.17851639791542123,0.020202020202020204,0.019313729597758567,-0.5542398222371903,-3.104823001613588,4.371609785011987,38.41628959276018,0.15,False,"WMT, COST, BRK-B",
2026-09-29,MTD,1540.42,1552.82,1523.54,1537.33,144788.0,-0.5131828763774049,222586936.04,247384094.58129883,0.6644546935591198,44.20501499720982,9.920776787884854,20.338001268091823,2.038020013681481,0.8048092346222718,-0.4296381249666387,-0.9152696043348653,-0.6536890671760592,-0.24221229634368452,-0.07942281420765343,-0.010247906740290596,47.096994535519045,-0.29046475834972885,37.472283813747225,92.6829268292683,90.9090909090909,12.638580931263856,91.70731707317074,30.14412416851441,58.35920177383592,21.330376940133036,24.833702882483372,51.47910078392884,62.94013303769401,True,-0.22271811802767605,False,False,False,True,False,False,NORMAL,0.833,NORMAL,RISK_ON,0.15,0.9,0.91,Health Technology,44.9,44.9,44.9,44.9,0.0,80.9,REJECTED,NORMAL,0.833,0.17,0.2125,0.17,0.1275,0.17,35.8,False,False,NORMAL GİRİŞ,⭐,İşlem Açma,0.0,6.0,25.0,0.03811842104059654,0.12,3.005418467305465,7.571076560583823,1.631008978178472,-1.8855971795722626,79.02714932126696,0.15,True,"Health Technology · LLY, JNJ, TMO",
2026-09-29,TPR,114.16,115.085,112.39,114.12,2630964.0,0.5905712382376471,300245611.68,346262874.5404053,0.8209614835548025,3.1175008719308033,-9.06048290700453,-22.038529853805155,1.6019948189665967,0.8112713887855838,-0.10220331666653282,0.0022890268745361713,-0.7075887361374065,0.36388280413542473,0.14944341372913275,-0.2540230848929492,64.19294990723593,0.8132893562653232,77.16186252771618,29.490022172949004,6.430155210643015,34.58980044345898,16.80709534368071,49.390243902439025,32.41685144124169,40.088691796008874,45.01108647450111,50.48803113263046,58.93791574279379,True,-0.22271811802767605,False,False,True,False,False,False,NORMAL,0.833,NORMAL,RISK_ON,0.15,0.9,0.91,Retail Trade,44.9,44.9,44.9,44.9,0.0,80.9,REJECTED,NORMAL,0.833,0.17,0.2125,0.17,0.1275,0.17,41.6,False,False,NORMAL GİRİŞ,⭐,İşlem Açma,0.0,5.0,47.0,-0.09611548836367505,0.06382978723404255,0.3392823562719416,1.8889759365361414,2.532151979292818,-7.027822587834731,56.44796380090498,0.15,False,"HD, DE, F",
2026-09-29,C,131.9,132.2499,130.07,130.8,7605960.0,-0.38839202503690995,994859568.0000001,1147411265.90271,0.793471508266241,3.6849931187220983,-1.5801354401805856,-6.544727064875677,1.4394058028322574,0.7060237206653724,-0.7588383060526397,-1.0569474174742532,-0.7231256158318223,-0.7665035962550892,-0.4087091150970127,0.020542912605632478,33.48777466856356,-0.1656739070092339,44.12416851441242,70.95343680709534,39.689578713968956,31.263858093126384,53.75831485587583,26.973392461197335,54.45676274944567,27.095343680709533,84.4789356984479,43.10598367528207,38.59866962305986,True,-0.22271811802767605,False,False,False,True,False,False,NORMAL,0.833,NORMAL,RISK_ON,0.15,0.9,0.91,Finance,44.8,44.8,44.8,44.8,0.0,80.9,REJECTED,NORMAL,0.833,0.17,0.2125,0.17,0.1275,0.17,46.7,False,False,NORMAL GİRİŞ,⭐,İşlem Açma,0.0,2.0,31.0,-0.11193454029395906,0.0,-0.6972418013568848,-2.61135578253694,0.9490962689584492,-0.9457433200882326,39.48529411764706,0.15,True,"Finance · JPM, BAC, GS",
2026-09-29,NDAQ,93.05,93.64,91.24,91.85,3049733.0,-0.8313568600174293,280117976.05,291102617.9001831,0.9198549216546773,2.2414288112095426,-7.5118316383043116,16.53133722405482,1.6793151642465796,0.5344503922669336,-0.09612999531843322,0.5526234697977109,-0.3038931499761058,-0.9126946563617628,-0.4954166666666676,-0.06006820792179392,25.416666666666583,-0.6086387419897532,27.93791574279379,38.58093126385809,86.69623059866962,55.210643015521065,65.04434589800442,64.91130820399113,42.08425720620843,52.63858093126386,34.146341463414636,44.352087952697694,48.490022172949004,True,-0.22271811802767605,False,False,False,False,False,False,NORMAL,0.833,NORMAL,RISK_ON,0.15,0.9,0.91,Finance,44.8,44.8,44.8,44.8,0.0,80.9,REJECTED,NORMAL,0.833,0.17,0.2125,0.17,0.1275,0.17,49.5,False,False,NORMAL GİRİŞ,⭐,İşlem Açma,0.0,11.0,54.0,-0.1644316755552538,0.0,-1.5237123163531487,-6.819868411692198,0.23199768117442865,-0.612261889269472,26.33484162895928,0.15,False,"Technology Services · CRM, NFLX, NOW",
2026-09-29,D,60.04,60.89,59.61,60.64,4114564.0,0.5972150431210244,249507160.96,304425663.81168365,0.7925578349224695,1.0599995531354633,-7.490465293668946,-11.202225801727927,0.9469529781217118,0.38546476772555616,0.04716073150273426,0.6428427164411318,-0.3016935871664996,1.2415801578443637,0.5460937500000005,-0.43029165229713984,80.46875000000003,0.8199331611487004,77.38359201773835,39.02439024390244,26.82926829268293,31.042128603104214,32.31707317073171,63.64745011086474,34.41241685144124,40.709534368070955,36.80709534368071,56.67104351441241,33.23946784922395,True,-0.22271811802767605,False,False,True,False,False,False,NORMAL,0.833,NORMAL,RISK_ON,0.15,0.9,0.91,Utilities,44.7,44.7,44.7,44.7,0.0,80.9,REJECTED,NORMAL,0.833,0.17,0.2125,0.17,0.1275,0.17,44.9,True,False,NORMAL GİRİŞ,⭐,İşlem Açma,0.0,16.0,99.0,-0.17851639791542123,0.020202020202020204,0.019313729597758567,-0.5542398222371903,-1.3740073119864804,2.6407940953848796,35.70135746606335,0.15,False,"WMT, COST, BRK-B",
2026-09-29,GM,80.77,81.1,79.575,80.47,6251186.0,-0.21081273677472367,503032937.42,536404502.1513214,0.8411821143440764,2.7367852347237718,-6.72307870638692,4.398028022833422,2.3058382517658926,0.5858911413432732,0.02385501335711102,-1.4878913749553513,-1.3696140894694906,0.06310754606087256,0.007049180327869928,-0.23991447456784315,58.68852459016401,0.011905381252952374,50.554323725055426,43.23725055432372,69.17960088691795,39.24611973392461,57.50554323725055,20.554323725055433,30.24390243902439,45.09977827050997,66.74057649667405,51.69479480934899,50.98004434589801,True,-0.22271811802767605,False,False,False,False,False,False,NORMAL,0.833,NORMAL,RISK_ON,0.15,0.9,0.91,Consumer Durables,44.6,44.6,44.6,44.6,0.0,80.9,REJECTED,NORMAL,0.833,0.17,0.2125,0.17,0.1275,0.17,37.6,False,False,NORMAL GİRİŞ,⭐,İşlem Açma,0.0,5.0,47.0,-0.09611548836367505,0.06382978723404255,0.3392823562719416,1.8889759365361414,-2.3977612599804354,-2.097909348561477,65.09049773755656,0.15,False,"HD, DE, F",
2026-09-29,TSLA,358.4,358.74,351.67,352.84,32492251.0,-1.2896942368437303,11464565842.839998,12431870177.657959,0.8125608096736303,10.995713936941964,1.1727598566308117,-16.110318592486937,2.6257618440772106,1.2491632459669622,-0.3759640093533161,-0.6495559123133159,-0.43177500120302076,-1.2975558822086775,-0.7218528995756786,-0.2232222049169386,16.548797736915986,-1.0669761188160543,15.521064301552107,79.15742793791574,13.968957871396896,34.146341463414636,43.303769401330385,40.23281596452328,14.722838137472285,35.210643015521065,99.1130820399113,19.95199729032131,63.607538802660756,True,-0.22271811802767605,False,False,False,False,False,False,NORMAL,0.833,NORMAL,RISK_ON,0.15,0.9,0.91,Consumer Durables,44.6,44.6,44.6,44.6,0.0,80.9,REJECTED,NORMAL,0.833,0.17,0.2125,0.17,0.1275,0.17,43.4,False,False,NORMAL GİRİŞ,⭐,İşlem Açma,0.0,3.0,96.0,0.02554887949189778,0.03125,0.8583284322582763,8.254331631412981,-6.223612933109751,4.042447136901995,84.02714932126696,0.15,False,"Electronic Technology · MU, NVDA, SNDK",
2026-09-29,CARR,55.89,56.07,55.105,55.38,6387170.0,-0.8770340813540334,353721474.6,323845418.12992096,0.9143429346091134,1.7535716356549946,-5.800306174519465,-24.498977505112464,1.6207804666155072,0.8833700718614667,0.1603440081218236,-1.2518614033885447,-0.4541064266711174,-0.7645408847148658,-0.4743523316062105,-0.06447091017830052,28.49740932642536,-0.6543159633263573,25.49889135254989,48.55875831485588,5.543237250554324,53.88026607538803,24.900221729490028,41.119733924611964,43.23725055432372,56.895787139689574,41.68514412416852,27.357501464793312,59.54545454545455,True,-0.22271811802767605,False,False,False,False,False,False,NORMAL,0.833,NORMAL,RISK_ON,0.15,0.9,0.91,Producer Manufacturing,44.5,44.5,44.5,44.5,0.0,80.9,REJECTED,NORMAL,0.833,0.17,0.2125,0.17,0.1275,0.17,45.0,False,False,NORMAL GİRİŞ,⭐,İşlem Açma,0.0,5.0,47.0,-0.09611548836367505,0.06382978723404255,0.3392823562719416,1.8889759365361414,1.3903941227925154,-5.886064731334428,58.0316742081448,0.15,False,"HD, DE, F",
2026-09-29,FDS,266.27,269.105,252.05,259.97,1287550.0,-2.876681376867496,334724373.50000006,211097762.91656494,1.5183462166640134,12.343929268973215,-15.861868082076501,12.991133518776078,2.820893161073297,0.9982480132907788,1.2459239521943966,1.2428752658586906,-0.19696766396216073,-0.40568901784769534,-0.20540897097625122,-0.3014829748162408,46.437994722955224,-2.65396325883982,1.5521064301552108,8.425720620842572,82.70509977827051,94.01330376940133,49.27937915742794,85.16629711751662,19.02439024390244,92.23946784922396,16.851441241685144,33.97971964967912,80.70731707317071,True,-0.22271811802767605,False,False,False,False,True,False,NORMAL,0.833,NORMAL,RISK_ON,0.15,0.9,0.91,Commercial Services,47.3,44.5,44.5,44.5,0.0,80.9,REJECTED,NORMAL,0.833,0.17,0.2125,0.17,0.1275,0.17,53.1,False,False,NORMAL GİRİŞ,⭐,İşlem Açma,0.0,11.0,54.0,-0.1644316755552538,0.0,-1.5237123163531487,-6.819868411692198,-2.9148630058876517,2.5345987977926083,34.411764705882355,0.15,False,"Technology Services · CRM, NFLX, NOW",
2026-09-29,V,366.93,368.26,365.0,365.88,5472560.0,-0.5057894936010499,2002300252.8,1868182755.6030273,0.8934310477966085,5.423570207868303,-4.119496855345917,6.642571919904405,1.0630504126506524,0.3932145420359291,-0.47016966105063007,-1.0524331027531089,-0.4159454129139719,-0.9441531821302162,-0.39800613496932785,-0.1009836568976383,26.993865030674787,-0.2830713755733738,38.80266075388026,58.536585365853654,72.9490022172949,49.44567627494457,66.46341463414635,36.80709534368071,36.008869179600886,42.61640798226164,91.57427937915743,46.29473018377701,20.76940133037694,True,-0.22271811802767605,False,False,False,False,False,False,NORMAL,0.833,NORMAL,RISK_ON,0.15,0.9,0.91,Finance,44.5,44.5,44.5,44.5,0.0,80.9,REJECTED,NORMAL,0.833,0.17,0.2125,0.17,0.1275,0.17,48.7,False,False,NORMAL GİRİŞ,⭐,İşlem Açma,0.0,16.0,99.0,-0.17851639791542123,0.020202020202020204,0.019313729597758567,-0.5542398222371903,2.553858335281678,-1.2870715518832787,25.633484162895932,0.15,False,"WMT, COST, BRK-B",
2026-09-29,CVX,203.05,205.48,202.7,204.38,5922993.0,-0.9642851016483656,1210541309.34,1712861632.24411,0.5739545642184499,4.589285496303014,1.2483899732487869,23.29874517374517,1.4798324061971018,0.9451467558748654,-1.0241066846785711,-0.6083340320447076,0.05635671206663049,0.5181333494645776,0.33003597122302136,-0.083325327017621,60.431654676259214,-0.7415669836206895,22.61640798226164,79.37915742793791,92.23946784922394,4.656319290465632,86.45232815964523,37.48337028824833,58.270509977827054,7.583148558758314,90.9090909090909,44.99438497982104,43.966740576496676,True,-0.22271811802767605,False,False,False,True,False,False,NORMAL,0.833,NORMAL,RISK_ON,0.15,0.9,0.91,Energy Minerals,44.4,44.4,44.4,44.4,0.0,80.9,REJECTED,NORMAL,0.833,0.17,0.2125,0.17,0.1275,0.17,48.4,False,False,NORMAL GİRİŞ,⭐,İşlem Açma,0.0,15.0,27.0,-0.13266678729271986,0.0,-0.8276815529380088,-3.09583284340259,3.313469966667959,0.6901367079130472,34.06674208144796,0.15,True,"Energy Minerals · XOM, CVX, VLO",
2026-09-29,LHX,236.36,239.36,235.02,236.47,1833949.0,-0.5174577046839435,433673920.03,374502898.0,1.0877482569743269,5.185001089913505,-10.025873221216042,-18.62417839567775,0.989786629395597,0.4688593493845821,0.6378784599394774,-0.17823625814059416,-0.7376924631013384,0.0960913434208838,-0.1710829493087605,-0.3152572592223084,33.41013824884764,-0.2947395866562674,37.250554323725055,25.055432372505543,9.312638580931264,75.83148558758315,16.39689578713969,59.190687361419066,24.257206208425725,77.51662971175166,47.893569844789354,33.149217816015586,36.00221729490022,True,-0.22271811802767605,False,False,False,False,False,False,NORMAL,0.833,NORMAL,RISK_ON,0.15,0.9,0.91,Electronic Technology,44.4,44.4,44.4,44.4,0.0,80.9,REJECTED,NORMAL,0.833,0.17,0.2125,0.17,0.1275,0.17,50.1,False,False,NORMAL GİRİŞ,⭐,İşlem Açma,0.0,1.0,13.0,-0.16992272122615265,0.0,0.37715172055692303,-3.842508601358297,-0.2902867251865837,1.0090122315068228,28.240950226244344,0.15,False,"Electronic Technology · BA, GE, HWM",
2026-09-29,ARES,118.3,119.58,117.61,118.97,2167880.0,0.5323674848785265,257912683.6,226423656.3922882,0.9752529364925839,4.302428567068917,-16.52985336420403,6.881681789596628,1.8645603028315996,1.0620054154474594,0.23213933913623433,-2.0732696757584588,-0.9361529805950375,0.7931429759290473,0.36243654822335086,-0.24559299928694847,69.03553299492387,0.7550856029062025,76.27494456762749,6.873614190687362,73.8359201773836,63.19290465631929,43.702882483370296,31.751662971175165,38.62527716186253,63.54767184035477,20.620842572062084,66.8547728116875,72.38580931263859,True,-0.22271811802767605,False,False,True,False,False,False,NORMAL,0.833,NORMAL,RISK_ON,0.15,0.9,0.91,Finance,45.7,44.3,44.3,44.3,0.0,80.9,REJECTED,NORMAL,0.833,0.17,0.2125,0.17,0.1275,0.17,37.9,False,False,NORMAL GİRİŞ,⭐,İşlem Açma,0.0,2.0,31.0,-0.11193454029395906,0.0,-0.6972418013568848,-2.61135578253694,-2.4005680959975466,2.4039210448677633,48.33144796380091,0.15,False,"Finance · JPM, BAC, GS",
2026-09-29,BAC,55.4,55.55,54.7339,54.96,31666515.0,-0.9194180809081631,1740391664.4,1906722162.789383,0.8501937175663526,1.329006663295201,-11.810012836970474,-3.545103545103534,1.5657573723467033,0.4973520195331632,-0.020887900561860843,-1.192182594139002,0.1163665275269418,-0.8503027664435028,-0.48786300698443363,-0.17642484550898235,27.70493812032873,-0.6966999628804871,24.6119733924612,16.62971175166297,49.00221729490023,41.24168514412417,34.43458980044346,45.288248337028826,25.720620842572064,45.7649667405765,92.01773835920177,31.33590401158942,33.13747228381375,True,-0.22271811802767605,False,False,False,False,False,False,NORMAL,0.833,NORMAL,RISK_ON,0.15,0.9,0.91,Finance,44.3,44.3,44.3,44.3,0.0,80.9,REJECTED,NORMAL,0.833,0.17,0.2125,0.17,0.1275,0.17,48.9,False,False,NORMAL GİRİŞ,⭐,İşlem Açma,0.0,2.0,31.0,-0.11193454029395906,0.0,-0.6972418013568848,-2.61135578253694,0.0033529488702166432,0.0,42.18891402714932,0.15,False,"Finance · JPM, BAC, GS",
2026-09-29,PPG,107.05,107.49,105.63,106.02,1894062.0,-0.9251491603281536,200808453.23999998,167921168.0,1.0986852752568976,2.2535699680873327,-7.179127998599199,-12.589661142715814,1.3772626638688465,0.9543763751626921,0.48792280432886265,-0.3203298932084057,-0.5605444655322723,-0.9188188689169351,-0.5685483870967741,-0.13262019838850916,20.967741935483907,-0.7024310423004776,23.725055432372503,41.68514412416852,22.394678492239468,77.16186252771618,31.07538802660754,58.436807095343674,31.84035476718404,76.27494456762749,7.095343680709535,30.14001144410271,68.75388026607538,True,-0.22271811802767605,False,False,False,False,False,False,NORMAL,0.833,NORMAL,RISK_ON,0.15,0.9,0.91,Process Industries,44.9,44.3,44.3,44.3,0.0,80.9,REJECTED,NORMAL,0.833,0.17,0.2125,0.17,0.1275,0.17,43.8,False,False,NORMAL GİRİŞ,⭐,İşlem Açma,0.0,5.0,47.0,-0.09611548836367505,0.06382978723404255,0.3392823562719416,1.8889759365361414,-0.4505896466009407,-4.045080961940972,61.53846153846154,0.15,False,"HD, DE, F",
2026-09-29,WAB,292.8,293.56,290.03,291.23,605001.0,-0.389915222569448,176194441.23000002,216870641.88232422,0.7538013954647396,5.722854701450895,-0.34219621530985345,8.022997032640955,1.1069449448604105,0.7164836325103663,-0.8852376875781385,-1.023221389397473,-0.6520600642590613,-0.740437831455098,-0.3762039660056522,0.26411295848718935,33.994334277621405,-0.16719710454177195,43.90243902439025,74.27937915742794,75.83148558758315,25.942350332594234,75.13303769401331,27.106430155210642,67.3170731707317,21.773835920177383,18.625277161862527,51.36949994660915,49.230598669623056,True,-0.22271811802767605,False,False,False,True,False,False,NORMAL,0.833,NORMAL,RISK_ON,0.15,0.9,0.91,Producer Manufacturing,44.3,44.3,44.3,44.3,0.0,80.9,REJECTED,NORMAL,0.833,0.17,0.2125,0.17,0.1275,0.17,36.4,False,False,NORMAL GİRİŞ,⭐,İşlem Açma,0.0,3.0,96.0,0.02554887949189778,0.03125,0.8583284322582763,8.254331631412981,1.1788552953730547,-3.3600210915808115,70.58823529411765,0.15,True,"Electronic Technology · MU, NVDA, SNDK",
2026-09-29,DLR,176.42,178.24,175.65,176.56,1774441.0,-0.34992250897976085,313295302.96,305314223.3428955,0.8393363606262713,4.651428484235491,-4.804011430420008,-1.6817017485243446,1.722543380798279,0.5470193453048061,-0.5081458984913262,-0.9245214037140519,-0.8913803965189597,-0.11628380670066243,-0.13918918918918863,-0.15915795287669712,35.13513513513496,-0.1272043909520848,45.45454545454545,53.65853658536586,54.54545454545454,38.58093126385809,54.146341463414636,28.58093126385809,39.911308203991126,35.74279379157428,37.250554323725055,45.413735243003515,49.534368070953434,True,-0.22271811802767605,False,False,False,False,False,False,NORMAL,0.833,NORMAL,RISK_ON,0.15,0.9,0.91,Finance,44.2,44.2,44.2,44.2,0.0,80.9,REJECTED,NORMAL,0.833,0.17,0.2125,0.17,0.1275,0.17,35.1,False,False,NORMAL GİRİŞ,⭐,İşlem Açma,0.0,3.0,96.0,0.02554887949189778,0.03125,0.8583284322582763,8.254331631412981,-4.242117397775286,2.060951601567529,82.01357466063348,0.15,False,"Electronic Technology · MU, NVDA, SNDK",
2026-09-29,LULU,100.4,100.49,96.62,96.87,4550354.0,-3.688607838053548,440792791.98,504092950.2586365,0.5479482439926063,3.587857033865792,-19.8162403774522,-15.160273252758804,4.480490938831605,1.6342372227982103,0.41570652006250935,0.3954585123009996,1.0142149927702317,-1.929812102461254,-0.8894056847545229,0.10702042711519058,6.459948320413453,-3.465889720025872,0.4434589800443459,4.878048780487805,15.74279379157428,2.4390243902439024,10.853658536585368,68.83592017738358,53.39246119733925,30.110864745011092,64.30155210643017,9.875484854214296,70.09756097560975,True,-0.22271811802767605,False,False,False,True,False,False,NORMAL,0.833,NORMAL,RISK_ON,0.15,0.9,0.91,Consumer Non-Durables,45.0,44.1,44.1,44.1,0.0,80.9,REJECTED,NORMAL,0.833,0.17,0.2125,0.17,0.1275,0.17,55.6,False,False,NORMAL GİRİŞ,⭐,İşlem Açma,0.0,13.0,12.0,-0.13861084651358005,0.0,0.21731553295660233,-0.8512872043160149,-5.318123436329608,6.949777957186753,46.58371040723982,0.15,True,"Retail Trade · NKE, TJX, SBUX",
2026-09-29,HSY,162.68,163.68,160.61,161.41,1669713.0,-1.824708713147949,269508375.33,225367414.05999756,1.1472773246665797,3.125002223423548,-9.851996648980743,-8.002279851809623,0.9075988757324911,0.5691219422323412,0.5092796334861653,0.9229016990537406,0.6685570498972065,-0.6503882497733979,-0.4495114006514732,-0.30033717623332856,26.058631921823604,-1.6019905951202729,7.095343680709535,25.72062084257206,35.254988913525494,81.59645232815964,30.964523281596453,86.06430155210641,15.742793791574279,79.55654101995566,20.39911308203991,23.917393125663516,50.133037694013304,True,-0.22271811802767605,False,False,False,False,False,False,NORMAL,0.833,NORMAL,RISK_ON,0.15,0.9,0.91,Consumer Non-Durables,43.8,43.8,43.8,43.8,0.0,80.9,REJECTED,NORMAL,0.833,0.17,0.2125,0.17,0.1275,0.17,50.5,False,False,NORMAL GİRİŞ,⭐,İşlem Açma,0.0,16.0,99.0,-0.17851639791542123,0.020202020202020204,0.019313729597758567,-0.5542398222371903,-2.6917691049421206,3.95855588834052,37.85067873303168,0.15,False,"WMT, COST, BRK-B",
2026-09-29,PRU,115.58,116.36,114.42,115.06,1457092.0,-0.8872395300045688,167653005.52,168864285.76,0.9192371507340185,2.2728564017159596,-3.9485766758494023,6.606133605114417,1.3947746285681375,0.565542811597487,-0.39731207389469914,-0.26977423501703635,0.054649660404569624,-0.5543042392483973,-0.30773195876288506,-0.000457272253003275,32.98969072164955,-0.6645214119768927,25.277161862527713,58.98004434589801,72.72727272727273,54.988913525498894,66.54101995565411,56.07538802660754,54.63414634146341,47.27272727272727,7.317073170731707,43.19919080165498,50.62527716186253,True,-0.22271811802767605,False,False,False,True,False,False,NORMAL,0.833,NORMAL,RISK_ON,0.15,0.9,0.91,Finance,43.8,43.8,43.8,43.8,0.0,80.9,REJECTED,NORMAL,0.833,0.17,0.2125,0.17,0.1275,0.17,44.1,False,False,NORMAL GİRİŞ,⭐,İşlem Açma,0.0,2.0,31.0,-0.11193454029395906,0.0,-0.6972418013568848,-2.61135578253694,0.0,0.0033529488702166432,42.460407239819006,0.15,True,"Finance · JPM, BAC, GS",
2026-09-29,CRM,227.27,228.98,223.43,225.31,13511275.0,-0.8624122126170253,3044225370.25,2937817651.2062073,1.0073234675645986,8.110711015973772,-11.98828125,43.821013660155764,2.1437732190232746,1.2515018726188831,0.1315499085057563,-0.9018712470414624,-1.0129471380447335,-0.6808841152998077,-0.3363063063063072,-0.3483377924522678,33.8738738738739,-0.6396940945893492,26.607538802660752,15.74279379157428,97.78270509977827,67.1840354767184,60.86474501108648,36.86252771618625,12.283813747228383,64.25720620842571,95.56541019955654,44.061445037054796,63.06430155210643,True,-0.22271811802767605,False,False,False,False,False,False,NORMAL,0.833,NORMAL,RISK_ON,0.15,0.9,0.91,Technology Services,43.7,43.7,43.7,43.7,0.0,80.9,REJECTED,NORMAL,0.833,0.17,0.2125,0.17,0.1275,0.17,46.7,False,False,NORMAL GİRİŞ,⭐,İşlem Açma,0.0,11.0,54.0,-0.1644316755552538,0.0,-1.5237123163531487,-6.819868411692198,-0.38026420809504335,0.0,28.45022624434389,0.15,False,"Technology Services · CRM, NFLX, NOW",
2026-09-29,KDP,31.21,31.4,30.7708,31.03,10408845.0,-1.3668121328232474,322986460.35,307158327.5460243,1.0227466004149413,0.76494296068464,-3.5736482287134774,-5.19401161014359,1.6414364704235578,0.4708135818487219,-0.1692678180214567,-0.04832397209576736,-0.04318459807713138,-0.23442988031874262,-0.2255880483153197,-0.1706842855909346,41.1951684678959,-1.1440940147955714,13.082039911308204,61.86252771618626,44.789356984478935,69.17960088691795,52.47228381374723,62.80487804878048,36.09756097560975,59.334811529933475,37.91574279379157,32.499782922177616,44.23281596452328,True,-0.22271811802767605,False,False,False,False,False,False,NORMAL,0.833,NORMAL,RISK_ON,0.15,0.9,0.91,Consumer Non-Durables,43.7,43.7,43.7,43.7,0.0,80.9,REJECTED,NORMAL,0.833,0.17,0.2125,0.17,0.1275,0.17,49.1,False,False,NORMAL GİRİŞ,⭐,İşlem Açma,0.0,16.0,99.0,-0.17851639791542123,0.020202020202020204,0.019313729597758567,-0.5542398222371903,-0.030122204133697927,1.2969089875320972,32.443438914027155,0.15,False,"WMT, COST, BRK-B",
2026-09-29,SPG,203.98,206.195,203.01,204.28,1165251.0,-0.12223086138412054,238037474.28,219112902.7824402,0.9025642018674794,2.5903594534737726,-4.791200596569722,-8.66085401296669,0.9482055197246058,0.36005681451868166,-0.32186739940586134,0.5762238259036458,-0.9646755625423041,0.17911948965362273,-0.06899529042385708,-0.07636301416193482,39.87441130298303,0.10048725664355551,53.88026607538803,53.88026607538803,32.15077605321508,52.328159645232816,41.92904656319291,51.951219512195124,55.254988913525494,46.74057649667405,18.8470066518847,48.00739678440029,32.82926829268293,True,-0.22271811802767605,False,False,False,True,False,False,NORMAL,0.833,NORMAL,RISK_ON,0.15,0.9,0.91,Finance,43.6,43.6,43.6,43.6,0.0,80.9,REJECTED,NORMAL,0.833,0.17,0.2125,0.17,0.1275,0.17,45.3,False,False,NORMAL GİRİŞ,⭐,İşlem Açma,0.0,16.0,99.0,-0.17851639791542123,0.020202020202020204,0.019313729597758567,-0.5542398222371903,0.6823294829192417,0.5844573004791576,30.294117647058826,0.15,True,"WMT, COST, BRK-B",
2026-09-29,COIN,197.53,197.63,188.14,190.02,5847159.0,-0.9228809364898116,1111077153.18,1469952053.541565,0.5901940814641502,11.60071524483817,6.370353784146898,29.981530884465425,5.502660230474026,2.325360147027325,-0.7846502566380215,-0.22954138349140857,-1.2129316407926691,-1.2308306395362112,-0.6881981032665931,-0.09279261873011077,19.810326659641962,-0.7001628184621356,23.946784922394677,88.91352549889136,94.01330376940133,5.543237250554324,91.71840354767184,26.108647450110865,34.63414634146341,11.130820399113082,89.3569844789357,40.04866016042096,70.13525498891353,True,-0.22271811802767605,False,False,False,False,False,False,NORMAL,0.833,NORMAL,RISK_ON,0.15,0.9,0.91,Finance,44.3,43.4,43.4,43.4,0.0,80.9,REJECTED,NORMAL,0.833,0.17,0.2125,0.17,0.1275,0.17,38.3,False,False,NORMAL GİRİŞ,⭐,İşlem Açma,0.0,3.0,96.0,0.02554887949189778,0.03125,0.8583284322582763,8.254331631412981,-4.841412253410999,2.660246457203242,82.78280542986425,0.15,False,"Electronic Technology · MU, NVDA, SNDK",
2026-09-29,EXE,84.5,85.025,83.25,84.18,3402759.0,-1.3245781162021797,286444252.62,277867964.6011682,1.0288397898635624,2.505857195172991,-14.242053789731045,-7.687246408597426,1.6535437638497859,0.5949913217520381,0.2268722406208568,-0.37153972053964895,0.07858977434717532,0.1083139583502427,-0.05478873239436183,-0.27238656885669704,52.39436619718332,-1.1018599981745036,14.19068736141907,10.42128603104213,36.36363636363637,70.28824833702882,24.689578713968963,62.49445676274944,27.89356984478936,67.62749445676275,30.155210643015522,29.36693107648108,56.06208425720621,True,-0.22271811802767605,False,False,False,False,False,False,NORMAL,0.833,NORMAL,RISK_ON,0.15,0.9,0.91,Energy Minerals,43.3,43.3,43.3,43.3,0.0,80.9,REJECTED,NORMAL,0.833,0.17,0.2125,0.17,0.1275,0.17,46.7,False,False,NORMAL GİRİŞ,⭐,İşlem Açma,0.0,15.0,27.0,-0.13266678729271986,0.0,-0.8276815529380088,-3.09583284340259,-0.9345317720577895,4.938138446638796,42.84502262443439,0.15,False,"Energy Minerals · XOM, CVX, VLO",
2026-09-29,PODD,132.58,133.49,130.8,132.84,1366136.0,-0.20284021419391118,181477506.24,188547067.2958374,0.7692640351371136,4.247143162318638,-8.4682698270516,-12.748768472906402,1.8539914557221568,0.5161620542507245,-0.14976558240338939,-0.8017052873574744,-1.2095732639142853,0.5694407159665056,0.3276951672862413,-0.06437657202805455,75.83643122676557,0.019877903833764865,51.21951219512195,33.03769401330377,21.06430155210643,27.0509977827051,26.452328159645234,25.17738359201774,60.93126385809313,34.2350332594235,11.30820399113082,45.23552782334174,50.607538802660756,True,-0.22271811802767605,False,False,False,True,False,False,NORMAL,0.833,NORMAL,RISK_ON,0.15,0.9,0.91,Health Technology,43.3,43.3,43.3,43.3,0.0,80.9,REJECTED,NORMAL,0.833,0.17,0.2125,0.17,0.1275,0.17,34.9,False,False,NORMAL GİRİŞ,⭐,İşlem Açma,0.0,9.0,19.0,-0.07995966169200827,0.10526315789473684,0.6362234813596768,0.03793591459123569,-3.8159170024337223,2.3769886016635104,73.91402714932127,0.15,True,"Health Technology · BSX, MDT, ISRG",
2026-09-29,PSX,250.0,252.95,248.51,252.25,2190117.0,-0.5127205821774061,552457013.25,761501199.8291016,0.6253385641965685,9.205001438685827,3.3769107823449884,49.21620822241939,1.7298394035981646,1.1011432899661173,-0.8651030919543508,-1.8540852465180195,-0.7207126873117412,0.8897602712383385,0.60461711711712,-0.10079578011169497,84.23423423423448,-0.2900024641497301,37.6940133037694,83.81374722838137,98.4478935698448,8.2039911308204,91.86252771618626,18.458980044345896,60.97560975609756,11.396895787139691,76.27494456762749,56.257126305906816,53.769401330376944,True,-0.22271811802767605,False,False,False,True,False,False,NORMAL,0.833,NORMAL,RISK_ON,0.15,0.9,0.91,Energy Minerals,43.3,43.3,43.3,43.3,0.0,80.9,REJECTED,NORMAL,0.833,0.17,0.2125,0.17,0.1275,0.17,41.4,False,False,NORMAL GİRİŞ,⭐,İşlem Açma,0.0,15.0,27.0,-0.13266678729271986,0.0,-0.8276815529380088,-3.09583284340259,0.576044102071549,3.427562572509457,39.63235294117647,0.15,True,"Energy Minerals · XOM, CVX, VLO",
2026-09-29,GEHC,66.32,66.76,65.61,66.46,3312403.0,-0.4791835656578147,220142303.37999997,223359027.42242187,0.912863554250486,1.4100707353864397,-7.340536772394568,3.827526948914217,1.2509360511285839,0.5940334957138799,-0.24075374057899818,-0.23307980493289698,-0.7499398646514425,0.7368694829813289,0.31782608695651227,-0.11139231153256605,73.91304347826001,-0.2564654476301387,39.91130820399113,40.133037694013304,68.07095343680709,53.43680709534369,55.49889135254989,46.629711751662974,57.51662971175166,49.00221729490022,19.51219512195122,52.2072688711076,47.310421286031044,True,-0.22271811802767605,False,False,False,True,False,False,NORMAL,0.833,NORMAL,RISK_ON,0.15,0.9,0.91,Health Technology,43.0,43.0,43.0,43.0,0.0,80.9,REJECTED,NORMAL,0.833,0.17,0.2125,0.17,0.1275,0.17,44.9,False,False,NORMAL GİRİŞ,⭐,İşlem Açma,0.0,11.0,54.0,-0.1644316755552538,0.0,-1.5237123163531487,-6.819868411692198,3.3229414655766734,-3.7032056736717167,20.79185520361991,0.15,True,"Technology Services · CRM, NFLX, NOW",
2026-09-29,EBAY,107.0,107.7,104.8,105.21,3900346.0,-1.9660824644280983,410355402.65999997,428615831.82926756,0.7280642954409485,3.262856510707311,-0.3881840560500005,-5.852348993288592,1.6816422117593817,0.5407754478223042,-0.08779840364159351,-0.26758183305699174,0.42964389608269893,-1.185060530209094,-0.6722413793103468,-0.022025164938947354,14.137931034482612,-1.7433643464004223,6.430155210643015,74.05764966740577,41.90687361419069,21.06430155210643,56.37472283813747,56.74057649667405,44.168514412416854,32.41685144124169,55.654101995565405,22.754147870632295,43.172949002217294,True,-0.22271811802767605,False,False,False,False,False,False,NORMAL,0.833,NORMAL,RISK_ON,0.15,0.9,0.91,Retail Trade,42.9,42.9,42.9,42.9,0.0,80.9,REJECTED,NORMAL,0.833,0.17,0.2125,0.17,0.1275,0.17,47.9,False,False,NORMAL GİRİŞ,⭐,İşlem Açma,0.0,14.0,9.0,-0.1474787699916338,0.0,0.667922296595147,1.58134060200813,-2.8797807973438228,3.724378421672947,49.270361990950235,0.15,False,"Health Services · UNH, CVS, ELV",
2026-09-29,KEY,20.4,20.485,20.02,20.12,13662139.0,-1.3725471753241347,274882236.68,296327394.70062256,0.9062538307441262,0.43821415492466514,-8.169785486079418,-12.711496746203899,1.60301478685895,0.43357208892646104,0.6672028518041203,0.42560392580096007,0.24768072121466866,-0.9178866885976984,-0.5844086021505319,-0.19068041258222213,21.505376344086333,-1.1498290572964587,12.86031042128603,35.254988913525494,21.286031042128602,52.993348115299334,27.572062084257205,75.66518847006652,23.015521064301552,64.16851441241685,35.254988913525494,21.488675106692444,45.45232815964523,True,-0.22271811802767605,False,False,False,False,False,False,NORMAL,0.833,NORMAL,RISK_ON,0.15,0.9,0.91,Finance,42.9,42.9,42.9,42.9,0.0,80.9,REJECTED,NORMAL,0.833,0.17,0.2125,0.17,0.1275,0.17,49.5,False,False,NORMAL GİRİŞ,⭐,İşlem Açma,0.0,2.0,31.0,-0.11193454029395906,0.0,-0.6972418013568848,-2.61135578253694,0.4519496662950373,-0.44859671742482066,40.707013574660635,0.15,False,"Finance · JPM, BAC, GS",
2026-09-29,COF,197.6,198.04,195.31,196.46,3064595.0,-3.417421845508528e-06,602070333.7,673841860.576355,0.8522244886324926,4.749285321916852,-8.907126628645612,-2.0735719270262187,1.4918818626214356,0.6559784132452057,-0.4249714592925936,-1.3230175663796455,-1.4317180667824267,-0.4230351977430621,-0.274542124542119,-0.11170175411797453,42.124542124542494,0.22271470060583054,58.98004434589801,30.155210643015522,53.65853658536586,41.46341463414634,43.082039911308215,17.21729490022173,42.572062084257205,38.713968957871394,72.28381374722838,51.514006318884405,43.01552106430155,True,-0.22271811802767605,False,False,False,False,False,False,NORMAL,0.833,NORMAL,RISK_ON,0.15,0.9,0.91,Finance,42.8,42.8,42.8,42.8,0.0,80.9,REJECTED,NORMAL,0.833,0.17,0.2125,0.17,0.1275,0.17,40.1,False,False,NORMAL GİRİŞ,⭐,İşlem Açma,0.0,2.0,31.0,-0.11193454029395906,0.0,-0.6972418013568848,-2.61135578253694,0.1703668068505304,-0.16701385798031376,41.52149321266968,0.15,False,"Finance · JPM, BAC, GS",
2026-09-29,AJG,227.32,229.345792,225.11,227.75,1484669.0,-0.7452308305732513,338133364.75,351234606.7840576,1.0227141376115507,6.23642844063895,-14.878905666018838,-0.7927865139173207,1.9768380659310376,0.7359606771171358,0.3686953683009491,-0.8430223625323646,-0.7610775544302848,0.3579628376291719,0.18126820202691876,-0.3132318882474115,62.32600656500607,-0.5225127125455753,29.711751662971174,9.534368070953436,56.98447893569845,68.95787139689578,35.631929046563194,44.390243902439025,27.450110864745014,69.40133037694012,45.67627494456763,41.3545518760128,61.01773835920177,True,-0.22271811802767605,False,False,False,False,False,False,NORMAL,0.833,NORMAL,RISK_ON,0.15,0.9,0.91,Finance,42.7,42.7,42.7,42.7,0.0,80.9,REJECTED,NORMAL,0.833,0.17,0.2125,0.17,0.1275,0.17,44.6,False,False,NORMAL GİRİŞ,⭐,İşlem Açma,0.0,16.0,99.0,-0.17851639791542123,0.020202020202020204,0.019313729597758567,-0.5542398222371903,0.32158500617485153,0.9452017772235477,31.063348416289593,0.15,False,"WMT, COST, BRK-B",
2026-09-29,PTC,137.87,138.86,134.3106,137.56,1318684.0,-1.5248066462735466,181398171.04,206906517.15393066,0.7712436725610665,4.532814045933315,-12.465797009226854,21.080890766657866,2.7243482079293004,0.9477141705129093,-0.13788278194859013,0.5986764350519136,-0.2495623777242002,0.3492756381171437,0.20500945179583976,0.01663508794740218,71.42480327076085,-1.3020885282458705,9.977827050997783,14.412416851441243,91.57427937915743,27.716186252771617,56.85144124168515,61.58536585365853,68.470066518847,34.90022172949003,16.186252771618626,40.67241380822908,69.509977827051,True,-0.22271811802767605,False,False,False,True,False,False,NORMAL,0.833,NORMAL,RISK_ON,0.15,0.9,0.91,Technology Services,43.5,42.7,42.7,42.7,0.0,80.9,REJECTED,NORMAL,0.833,0.17,0.2125,0.17,0.1275,0.17,49.2,False,False,NORMAL GİRİŞ,⭐,İşlem Açma,0.0,11.0,54.0,-0.1644316755552538,0.0,-1.5237123163531487,-6.819868411692198,1.2933733425500917,-1.673637550645135,24.11764705882353,0.15,True,"Technology Services · CRM, NFLX, NOW",
2026-09-29,WTW,290.14,291.65,286.26,288.57,660366.0,-1.2118672859820379,190561816.62,144218941.45355225,1.2664032984945823,7.047860979352679,-16.052363636363644,10.406703141140916,1.49102673243815,0.5874718033203664,0.7876142276382695,-0.45866568207514785,-0.3260632250996698,-0.30289830958573255,-0.20964749536177918,-0.2933241219029447,42.85714285714301,-0.9891491679543618,17.29490022172949,7.982261640798225,79.82261640798227,87.58314855875831,47.49445676274945,62.028824833702885,21.286031042128606,85.45454545454545,3.9911308203991127,39.67817548305355,61.352549889135254,True,-0.22271811802767605,False,False,False,False,False,False,NORMAL,0.833,NORMAL,RISK_ON,0.15,0.9,0.91,Finance,42.6,42.6,42.6,42.6,0.0,80.9,REJECTED,NORMAL,0.833,0.17,0.2125,0.17,0.1275,0.17,42.9,False,False,NORMAL GİRİŞ,⭐,İşlem Açma,0.0,16.0,99.0,-0.17851639791542123,0.020202020202020204,0.019313729597758567,-0.5542398222371903,-2.868314304837372,4.135101088235771,38.09954751131222,0.15,False,"WMT, COST, BRK-B",
2026-09-29,FANG,182.33,184.55,181.91,183.95,1972939.0,-0.6910304794380373,362922129.04999995,420517848.0621338,0.5853732277670718,6.43857164655413,-6.940861031011281,4.647855273637491,2.3038931075199223,1.5167134514894236,-0.0587678683859453,-1.5640447769479258,-0.6670998680971302,1.0153472977950742,0.57613636363635,-0.07864935783658354,77.27272727272654,-0.46831236141036126,31.9290465631929,42.572062084257205,70.06651884700665,5.321507760532151,57.6940133037694,27.150776053215075,65.45454545454545,23.76940133037694,53.215077605321504,45.452328159645155,65.58980044345898,True,-0.22271811802767605,False,False,False,True,False,False,NORMAL,0.833,NORMAL,RISK_ON,0.15,0.9,0.91,Energy Minerals,42.6,42.5,42.5,42.5,0.0,80.9,REJECTED,NORMAL,0.833,0.17,0.2125,0.17,0.1275,0.17,43.2,False,False,NORMAL GİRİŞ,⭐,İşlem Açma,0.0,15.0,27.0,-0.13266678729271986,0.0,-0.8276815529380088,-3.09583284340259,2.0420967409622848,1.9615099336187214,36.55542986425339,0.15,True,"Energy Minerals · XOM, CVX, VLO",
2026-09-29,GEN,21.2,21.83,20.3401,20.85,22908335.0,-1.8295909787191533e-06,477638784.75000006,185083237.57320404,2.2842685122956623,1.3457070338657924,-32.7852998065764,-16.231418240257124,3.6300038721818964,0.8027368186727489,2.8080402809914142,0.43117576744208236,-1.2457476563440009,-0.3682022336992605,-0.2792502852540417,-0.5217945111968247,34.223773407611404,0.22271628843669733,59.20177383592018,0.4434589800443459,13.52549889135255,98.89135254988913,7.638580931263858,63.30376940133037,13.880266075388027,98.80266075388026,11.086474501108649,44.13302035628221,80.07317073170732,True,-0.22271811802767605,False,False,False,False,False,False,NORMAL,0.833,NORMAL,RISK_ON,0.15,0.9,0.91,Technology Services,45.1,42.4,42.4,42.4,0.0,80.9,REJECTED,NORMAL,0.833,0.17,0.2125,0.17,0.1275,0.17,45.1,False,False,NORMAL GİRİŞ,⭐,İşlem Açma,0.0,11.0,54.0,-0.1644316755552538,0.0,-1.5237123163531487,-6.819868411692198,-20.56215976551848,20.181895557423438,37.89592760180996,0.15,False,"Technology Services · CRM, NFLX, NOW",
2026-09-29,BBY,89.53,89.85,87.42,88.75,2602556.0,-1.2901830884901155,230976845.0,307183205.3695679,0.6703135402997222,2.9650005667550223,7.654051431344011,16.960991038481808,2.4068344845861978,0.5692482449879616,-0.9488814976530391,-0.3607410429735954,-0.022355720436901753,-0.25384169421862834,-0.09238683127571976,0.04454708007136965,54.73251028806594,-1.0674649704624395,15.299334811529933,90.68736141906874,87.13968957871397,13.968957871396896,88.73614190687363,42.91574279379157,63.769401330376944,13.880266075388027,38.13747228381374,42.0763552416669,50.53880266075389,True,-0.22271811802767605,False,False,False,True,False,False,NORMAL,0.833,NORMAL,RISK_ON,0.15,0.9,0.91,Retail Trade,42.2,42.2,42.2,42.2,0.0,80.9,REJECTED,NORMAL,0.833,0.17,0.2125,0.17,0.1275,0.17,42.4,False,False,NORMAL GİRİŞ,⭐,İşlem Açma,0.0,13.0,12.0,-0.13861084651358005,0.0,0.21731553295660233,-0.8512872043160149,-5.106400099992331,6.738054620849476,46.44796380090498,0.15,True,"Retail Trade · NKE, TJX, SBUX",
2026-09-29,DIS,105.48,105.84,104.8516,105.41,7327412.0,-0.1704672261893414,772382498.92,777867800.3682251,0.872434027895602,2.1213131304059707,-2.4884366327474594,9.516883116883124,1.3662559328151178,0.5281014968217501,-0.7394877747293378,-1.8945683244454754,-1.1975658232721669,0.08924361847724833,0.03957911776607493,-0.10090619303445988,56.49534601375886,0.052250891838334645,52.106430155210646,66.96230598669624,78.04878048780488,45.45454545454545,73.05986696230599,16.097560975609756,50.687361419068736,35.96452328159645,77.16186252771618,57.72492262798343,31.181818181818183,True,-0.22271811802767605,False,False,False,True,False,False,NORMAL,0.833,NORMAL,RISK_ON,0.15,0.9,0.91,Consumer Services,42.2,42.2,42.2,42.2,0.0,80.9,REJECTED,NORMAL,0.833,0.17,0.2125,0.17,0.1275,0.17,42.7,False,False,NORMAL GİRİŞ,⭐,İşlem Açma,0.0,11.0,54.0,-0.1644316755552538,0.0,-1.5237123163531487,-6.819868411692198,4.567727605277722,-4.947991813372765,19.773755656108598,0.15,True,"Technology Services · CRM, NFLX, NOW",
2026-09-29,HON,211.9,213.37,209.02,210.13,2026954.0,-0.6571502668232143,425923844.02,541478190.4205322,0.6328634363984351,4.278572736467633,-3.3574023823759402,-6.150066994193837,1.1715601269902989,0.5430501996267489,-1.2846681387075227,0.535872420243394,-0.17138014504395674,-0.7723359205293803,-0.452413793103453,0.16484044636110898,25.51724137931004,-0.43443214879553826,32.59423503325942,62.74944567627494,41.019955654102,9.090909090909092,50.79822616407982,51.10864745011086,63.8580931263858,7.849223946784923,67.40576496674058,35.746846089150516,29.889135254988915,True,-0.22271811802767605,False,False,False,True,False,False,NORMAL,0.833,NORMAL,RISK_ON,0.15,0.9,0.91,Producer Manufacturing,42.2,42.2,42.2,42.2,0.0,80.9,REJECTED,NORMAL,0.833,0.17,0.2125,0.17,0.1275,0.17,49.5,False,False,NORMAL GİRİŞ,⭐,İşlem Açma,0.0,1.0,13.0,-0.16992272122615265,0.0,0.37715172055692303,-3.842508601358297,0.3234683819589024,0.39525712436133675,26.20475113122172,0.15,True,"Electronic Technology · BA, GE, HWM",
2026-09-29,HPQ,31.3,31.35,30.6,30.73,11347780.0,-1.8837793760314692,348717279.4,478692289.7644043,0.6869049694433952,1.6050003596714564,0.6880733944954143,40.06381039197811,3.5476866019934556,0.7684221462103846,-0.8507661569364692,-2.1282205705250004,-0.1786505689239218,-1.3396553778733298,-0.7013333333333349,-0.0416138799725411,17.3333333333332,-1.6610612580037931,6.873614190687362,77.8270509977827,96.89578713968959,17.073170731707318,88.3148558758315,27.4390243902439,41.37472283813747,16.89578713968958,61.86252771618626,34.0371027346637,60.73835920177383,True,-0.22271811802767605,False,False,False,False,False,False,NORMAL,0.833,NORMAL,RISK_ON,0.15,0.9,0.91,Technology Services,42.1,42.1,42.1,42.1,0.0,80.9,REJECTED,NORMAL,0.833,0.17,0.2125,0.17,0.1275,0.17,36.4,False,False,NORMAL GİRİŞ,⭐,İşlem Açma,0.0,3.0,96.0,0.02554887949189778,0.03125,0.8583284322582763,8.254331631412981,-3.4344522048231294,1.2532864086153723,80.7918552036199,0.15,False,"Electronic Technology · MU, NVDA, SNDK",
2026-09-29,SWK,89.6,92.35,88.73,88.79,1645180.0,0.06761708643812092,146075532.20000002,142640530.2368164,0.9573237436864278,2.5571428789411264,-9.212678936605311,-5.6629834254143585,1.8362853339250824,0.9078371981856149,0.033248710723475565,1.4178484937819895,-1.3195009682304386,-1.096413032308856,-0.6324585635359097,-0.13301734437766682,1.6574585635359789,0.29033520446579697,62.74944567627494,28.60310421286031,43.23725055432372,60.75388026607539,36.65188470066519,55.0,29.490022172949,58.18181818181819,3.5476718403547673,47.57816270779483,74.84478935698448,True,-0.22271811802767605,False,False,True,False,False,False,NORMAL,0.833,NORMAL,RISK_ON,0.15,0.9,0.91,Consumer Durables,43.8,42.1,42.1,42.1,0.0,80.9,REJECTED,NORMAL,0.833,0.17,0.2125,0.17,0.1275,0.17,37.7,False,False,NORMAL GİRİŞ,⭐,İşlem Açma,0.0,5.0,47.0,-0.09611548836367505,0.06382978723404255,0.3392823562719416,1.8889759365361414,-2.4520733731399735,-2.043597235401939,65.18099547511312,0.15,False,"HD, DE, F",
2026-09-29,ELV,391.0,395.435,390.0,392.73,934760.0,-0.471374427925908,367108294.8,476505503.8619995,0.7438152000063658,9.776073085239956,-0.4310016986537546,1.551470017841905,1.6982615264636445,0.6829334909756801,-0.5474439932747805,-1.1593270487244194,-0.7940975697205639,0.42536822049408585,0.145768169273234,-0.15635900551911305,50.2299908003683,-0.24865630989823195,41.68514412416852,73.8359201773836,63.19290465631929,24.833702882483372,67.98226164079824,25.6430155210643,47.13968957871397,26.873614190687363,61.64079822616409,47.255815044560116,48.476718403547665,True,-0.22271811802767605,False,False,False,True,False,False,NORMAL,0.833,NORMAL,RISK_ON,0.15,0.9,0.91,Health Services,41.9,41.9,41.9,41.9,0.0,80.9,REJECTED,NORMAL,0.833,0.17,0.2125,0.17,0.1275,0.17,39.5,False,False,NORMAL GİRİŞ,⭐,İşlem Açma,0.0,14.0,9.0,-0.1474787699916338,0.0,0.667922296595147,1.58134060200813,-1.565759432145819,2.4103570564749432,47.30203619909503,0.15,True,"Health Services · UNH, CVS, ELV",
2026-09-29,RL,359.12,361.1,349.49,355.92,425600.0,-0.3471843569814892,151479552.0,237593029.42565918,0.5798562621342689,9.681436767578125,0.5310134448085035,-11.332552751550784,1.8667477309575877,0.9324859689402393,-1.3132596145736963,0.7030884138770076,-0.9079321487727753,0.12663441289400068,-0.0648148148148143,0.1124018384409683,55.38329026701119,-0.12446623895381315,45.67627494456763,77.16186252771618,25.942350332594234,5.099778270509978,48.99113082039911,40.09977827050997,73.92461197339247,5.188470066518846,22.61640798226164,42.785557408075846,62.232815964523276,True,-0.22271811802767605,False,False,False,True,False,False,NORMAL,0.833,NORMAL,RISK_ON,0.15,0.9,0.91,Consumer Non-Durables,41.9,41.9,41.9,41.9,0.0,80.9,REJECTED,NORMAL,0.833,0.17,0.2125,0.17,0.1275,0.17,39.8,False,False,NORMAL GİRİŞ,⭐,İşlem Açma,0.0,5.0,47.0,-0.09611548836367505,0.06382978723404255,0.3392823562719416,1.8889759365361414,4.022453437173068,-8.51812404571498,55.452488687782804,0.15,True,"HD, DE, F",
2026-09-29,ALGN,145.0,145.93,142.24,144.01,937278.0,-0.6827586206896608,134977404.78,127011496.51031494,1.0210389284994525,4.48356937953404,-8.611498921182903,-14.61520218190443,2.1296222410485317,0.7566631009803043,0.2831441272301328,-0.12662093471427677,-0.8507216304153958,-0.1479567470908513,-0.14308943089431522,-0.09604662955247038,47.96747967479629,-0.4600405026619847,32.37250554323725,31.9290465631929,16.62971175166297,68.51441241685144,23.514412416851442,54.30155210643015,48.647450110864746,68.0709534368071,1.9955654101995564,35.926459719142606,69.78270509977827,True,-0.22271811802767605,False,False,False,True,False,False,NORMAL,0.833,NORMAL,RISK_ON,0.15,0.9,0.91,Health Technology,42.7,41.8,41.8,41.8,0.0,80.9,REJECTED,NORMAL,0.833,0.17,0.2125,0.17,0.1275,0.17,44.9,False,False,NORMAL GİRİŞ,⭐,İşlem Açma,0.0,11.0,54.0,-0.1644316755552538,0.0,-1.5237123163531487,-6.819868411692198,-3.0176501934252524,2.637385985330209,34.52488687782805,0.15,True,"Technology Services · CRM, NFLX, NOW",
2026-09-29,KKR,93.78,94.1,92.15,93.18,3672754.0,-0.06434777471486797,342227217.72,383710732.5897217,0.9451780594886998,3.030715070452008,-14.262053735737945,1.5253867945086208,1.9395387493775975,0.9068240914699783,-0.1779080876867573,-1.0645518306296506,-1.5442263321742147,-0.09542286172761016,-0.10743589743589288,-0.2312204919998887,52.82051282051319,0.15837034331280808,55.432372505543235,10.199556541019955,62.74944567627494,58.758314855875824,39.10199556541019,23.137472283813747,29.445676274944567,52.993348115299334,48.55875831485588,52.36963443061008,64.11086474501109,True,-0.22271811802767605,False,False,False,False,False,False,NORMAL,0.833,NORMAL,RISK_ON,0.15,0.9,0.91,Finance,41.7,41.7,41.7,41.7,0.0,80.9,REJECTED,NORMAL,0.833,0.17,0.2125,0.17,0.1275,0.17,36.1,False,False,NORMAL GİRİŞ,⭐,İşlem Açma,0.0,2.0,31.0,-0.11193454029395906,0.0,-0.6972418013568848,-2.61135578253694,-3.1335987363679267,3.1369516852381434,49.41742081447964,0.15,False,"Finance · JPM, BAC, GS",
2026-09-29,LUV,43.17,43.17,41.47,42.08,4108783.0,-0.47303402334725186,172897588.64,224324540.588974,0.673562702097925,1.3664283207484655,6.155398587285554,-18.164138467522374,1.6722193865305193,1.4984673656511394,-0.7478098835019868,1.020496874740519,-0.8852429709559122,-0.4833084181825394,-0.44382352941176617,0.1145795666460496,35.88235294117638,-0.2503159053195758,41.46341463414634,88.470066518847,9.75609756097561,14.412416851441243,45.17738359201774,47.350332594235034,65.63192904656319,17.16186252771619,19.733924611973393,36.23235946263205,68.99113082039912,True,-0.22271811802767605,False,False,False,True,False,False,NORMAL,0.833,NORMAL,RISK_ON,0.15,0.9,0.91,Transportation,42.4,41.6,41.6,41.6,0.0,80.9,REJECTED,NORMAL,0.833,0.17,0.2125,0.17,0.1275,0.17,41.3,False,False,NORMAL GİRİŞ,⭐,İşlem Açma,0.0,5.0,47.0,-0.09611548836367505,0.06382978723404255,0.3392823562719416,1.8889759365361414,1.173231461416635,-5.6689020699585475,58.43891402714932,0.15,True,"HD, DE, F",
2026-09-29,TRGP,274.62,278.15,271.81,273.49,1088857.0,-1.4201754604037053,297791500.93,270177032.220459,0.9526266289298821,7.39499799455915,-4.978806198318386,1.9952263742821108,1.133489204928042,0.8306893225456691,-0.0455835026202712,-0.20748058138009728,0.04980118859548978,-0.517462630803305,-0.33872239747633837,-0.19905513040732012,26.498422712933966,-1.1974573423760293,11.529933481152993,52.993348115299334,64.52328159645234,60.08869179600887,59.33481152993349,61.330376940133036,28.248337028824835,56.8070953436807,29.046563192904657,32.283988612756815,58.51884700665189,True,-0.22271811802767605,False,False,False,False,False,False,NORMAL,0.833,NORMAL,RISK_ON,0.15,0.9,0.91,Utilities,41.6,41.6,41.6,41.6,0.0,80.9,REJECTED,NORMAL,0.833,0.17,0.2125,0.17,0.1275,0.17,44.0,False,False,NORMAL GİRİŞ,⭐,İşlem Açma,0.0,15.0,27.0,-0.13266678729271986,0.0,-0.8276815529380088,-3.09583284340259,-0.7290875662654961,4.732694240846502,42.43778280542987,0.15,False,"Energy Minerals · XOM, CVX, VLO",
2026-09-29,ED,102.19,103.79,102.0,103.33,1759626.0,0.48623763497230854,181822154.57999998,193903946.80023193,0.8562552766997968,1.5150015040806366,-3.870127453716621,-6.598571815963117,0.8636461030557245,0.38436138687268806,-0.6635915640800305,0.7374484655703455,-0.39201672056470677,1.216315048125667,0.5539106145251349,-0.2554308350128473,74.30167597765328,0.7089557529999846,75.16629711751663,59.64523281596452,39.24611973392461,42.572062084257205,48.42572062084257,58.79157427937915,42.57206208425721,35.92017738359202,13.082039911308204,60.4989037396722,36.70731707317073,True,-0.22271811802767605,False,False,True,False,False,False,NORMAL,0.833,NORMAL,RISK_ON,0.15,0.9,0.91,Utilities,41.5,41.5,41.5,41.5,0.0,80.9,REJECTED,NORMAL,0.833,0.17,0.2125,0.17,0.1275,0.17,40.2,False,False,NORMAL GİRİŞ,⭐,İşlem Açma,0.0,16.0,99.0,-0.17851639791542123,0.020202020202020204,0.019313729597758567,-0.5542398222371903,1.0020677331036842,0.264719050294715,29.389140271493215,0.15,False,"WMT, COST, BRK-B",
2026-09-29,TMUS,164.47,165.46,162.76,162.98,4312326.0,-2.084708327943796,702822891.4799999,801373262.5083923,0.825173149839312,5.118570207868304,-10.139493852346037,-2.8319322721039764,2.110477676310083,0.5211660166387688,-0.13768970495572264,-0.5338994026966857,0.6260864349948126,-1.1752187376241645,-0.7087037037037047,-0.07888139205526942,8.148148148148055,-1.86199020991612,5.099778270509978,24.390243902439025,50.554323725055426,35.69844789356985,38.78048780487805,54.15742793791574,36.49667405764967,39.77827050997783,78.49223946784922,21.790424570912368,41.02660753880266,True,-0.22271811802767605,False,False,False,False,False,False,NORMAL,0.833,NORMAL,RISK_ON,0.15,0.9,0.91,Communications,41.5,41.5,41.5,41.5,0.0,80.9,REJECTED,NORMAL,0.833,0.17,0.2125,0.17,0.1275,0.17,50.9,False,False,NORMAL GİRİŞ,⭐,İşlem Açma,0.0,16.0,99.0,-0.17851639791542123,0.020202020202020204,0.019313729597758567,-0.5542398222371903,1.8441657873031536,-0.5773790039047544,26.764705882352942,0.15,False,"WMT, COST, BRK-B",
2026-09-29,VZ,46.555,46.905,45.98,45.98,19114243.0,-1.4995721949431329,878872893.14,945540409.0506134,0.8982096654289068,1.0582139696393698,-8.223552894211583,8.597071327350015,1.3953706993295316,0.48423180846063785,-0.3696144006294714,-0.08807525643179581,0.9363032265975972,-1.6547152671524235,-0.8297297297297299,-0.21991134556121453,0.0,-1.2768540769154568,10.643015521064301,34.58980044345898,76.49667405764967,51.21951219512195,57.63858093126386,63.92461197339245,13.835920177383592,45.54323725055433,82.26164079822617,28.533259423503324,34.81596452328159,True,-0.22271811802767605,False,False,False,False,False,False,NORMAL,0.833,NORMAL,RISK_ON,0.15,0.9,0.91,Communications,41.5,41.5,41.5,41.5,0.0,80.9,REJECTED,NORMAL,0.833,0.17,0.2125,0.17,0.1275,0.17,48.9,False,False,NORMAL GİRİŞ,⭐,İşlem Açma,0.0,16.0,99.0,-0.17851639791542123,0.020202020202020204,0.019313729597758567,-0.5542398222371903,0.4813621246668509,0.7854246587315483,30.74660633484163,0.15,False,"WMT, COST, BRK-B",
2026-09-29,XYL,101.0,101.49,100.17,100.93,2210213.0,0.019816011460660476,223076798.09,245253433.79631042,0.8050296757791372,2.427142028808593,-9.3253076992184,-14.6180526182218,1.7144772671688298,0.737940140937629,0.2904846681494455,-1.3647836485658864,-1.2395725277798748,0.3754516189941268,0.05946969696970671,-0.2060125483748158,57.57575757575826,0.24253412948833653,60.75388026607539,27.93791574279379,16.4079822616408,32.59423503325942,21.59645232815965,24.623059866962308,38.891352549889135,46.78492239467849,23.946784922394677,44.866223207686694,62.05543237250555,True,-0.22271811802767605,False,False,True,False,False,False,NORMAL,0.833,NORMAL,RISK_ON,0.15,0.9,0.91,Producer Manufacturing,41.5,41.5,41.5,41.5,0.0,80.9,REJECTED,NORMAL,0.833,0.17,0.2125,0.17,0.1275,0.17,33.2,False,False,NORMAL GİRİŞ,⭐,İşlem Açma,0.0,5.0,47.0,-0.09611548836367505,0.06382978723404255,0.3392823562719416,1.8889759365361414,-5.243081824701701,0.7474112161597883,69.61538461538463,0.15,False,"HD, DE, F",
2026-09-29,UPS,94.2,94.5399,93.32,93.93,4290049.0,-0.33952254641909096,402964302.57000005,401284700.8062555,0.8999813292719255,2.279993184116909,-10.823127314155501,-12.623255813953483,1.8472578399675839,0.46677128344100705,-0.1832595950542992,-1.2105837907930626,-0.9830741128194957,0.014490161384260859,-0.09955324206901188,-0.21897643484385176,50.004098696615195,-0.11680442839141492,45.8980044345898,21.286031042128602,21.951219512195124,52.106430155210646,21.651884700665192,28.658536585365855,32.72727272727273,48.91352549889136,50.77605321507761,39.59575355037106,43.62084257206209,True,-0.22271811802767605,False,False,False,False,False,False,NORMAL,0.833,NORMAL,RISK_ON,0.15,0.9,0.91,Transportation,41.3,41.3,41.3,41.3,0.0,80.9,REJECTED,NORMAL,0.833,0.17,0.2125,0.17,0.1275,0.17,38.4,False,False,NORMAL GİRİŞ,⭐,İşlem Açma,0.0,4.0,10.0,-0.11283149649648719,0.1,1.3059074668034854,-3.863498233483014,-1.8169656939138246,1.9288263292428387,53.21266968325792,0.15,False,"Transportation · UNP, FDX, CSX",
2026-09-29,IP,33.84,34.03,32.875,33.32,5461168.0,-2.0000000000000018,181966117.76,180462857.6202011,1.027440142305771,1.11392820085798,-15.237852963622489,-12.545931758530182,2.245560176643737,1.0731040754967274,0.47531553011668626,0.1477705729575366,0.09877478058037083,-0.2691785233779946,-0.32878787878787996,-0.3156217871512367,38.52813852813852,-1.7772818819723257,5.543237250554324,9.090909090909092,22.61640798226164,70.06651884700665,16.529933481152995,73.19290465631929,19.51219512195122,71.84035476718404,10.199556541019955,20.350596557913633,81.60753880266076,True,-0.22271811802767605,False,False,False,False,False,False,NORMAL,0.833,NORMAL,RISK_ON,0.15,0.9,0.91,Process Industries,44.1,41.1,41.1,41.1,0.0,80.9,REJECTED,NORMAL,0.833,0.17,0.2125,0.17,0.1275,0.17,44.2,False,False,NORMAL GİRİŞ,⭐,İşlem Açma,0.0,5.0,47.0,-0.09611548836367505,0.06382978723404255,0.3392823562719416,1.8889759365361414,-5.519564931398968,1.0238943228570552,70.0,0.15,False,"HD, DE, F",
2026-09-29,T,24.72,25.03,24.455,24.48,33282724.0,-1.686745481785934,814761083.52,895600365.2469635,0.8656544090012367,0.6146433149065292,-5.882352941176472,18.260869565217398,1.4473071986554384,0.6724564323150667,-0.6873117455367617,0.009971345233890525,1.021908268851072,-1.3961845495119773,-0.6899999999999941,-0.2137148643903837,4.347826086956871,-1.464027363758258,8.425720620842572,47.893569844789354,88.470066518847,43.90243902439025,70.21064301552107,61.59645232815964,15.698447893569845,36.00886917960089,80.93126385809313,30.47801985925001,45.74057649667405,True,-0.22271811802767605,False,False,False,False,False,False,NORMAL,0.833,NORMAL,RISK_ON,0.15,0.9,0.91,Communications,40.7,40.7,40.7,40.7,0.0,80.9,REJECTED,NORMAL,0.833,0.17,0.2125,0.17,0.1275,0.17,46.6,False,False,NORMAL GİRİŞ,⭐,İşlem Açma,0.0,16.0,99.0,-0.17851639791542123,0.020202020202020204,0.019313729597758567,-0.5542398222371903,-0.9769165647148359,2.243703348113235,34.93212669683258,0.15,False,"WMT, COST, BRK-B",
2026-09-29,WYNN,81.0,81.5,77.74,78.23,2250600.0,-2.8440098590883367,176064438.0,172835999.19561768,1.0015820777955047,2.5328574698311948,-17.87738820071384,-19.425275517561026,1.3218829403249528,0.6092395591400607,0.926057242818838,1.2968126002450469,1.52175102859928,-1.1780643015876053,-0.738164893617018,-0.2760028933638022,13.031914893617245,-2.6212917410606607,1.7738359201773837,5.986696230598669,8.647450110864744,66.07538802660754,7.45011086474501,89.23503325942349,10.332594235033259,73.52549889135256,8.425720620842572,11.784344482709841,61.115299334811525,True,-0.22271811802767605,False,False,False,False,False,False,NORMAL,0.833,NORMAL,RISK_ON,0.15,0.9,0.91,Consumer Services,40.4,40.4,40.4,40.4,0.0,80.9,REJECTED,NORMAL,0.833,0.17,0.2125,0.17,0.1275,0.17,46.3,False,False,NORMAL GİRİŞ,⭐,İşlem Açma,0.0,10.0,3.0,,,,,,,50.0,0.15,False,"Consumer Services · LVS, WYNN, MGM",
2026-09-29,VMRK,60.98,61.635,60.68,61.35,3673654.0,-0.03258747308593213,225378672.9,394345396.8967438,0.5732761667713506,1.3010710362025668,-6.393042416844685,-9.686441925511557,1.4098018453329486,0.39484225398918105,-0.26329313755365247,-0.7883525294966549,-0.9981183741066668,1.0400802320032203,0.3960732984293252,-0.10359865647981319,70.15706806282753,0.19013064494174392,56.98447893569845,45.23281596452328,29.711751662971174,4.434589800443459,36.69623059866963,25.354767184035474,62.66075388026608,19.068736141906875,50.110864745011085,47.49464250473065,29.906873614190687,True,-0.22271811802767605,False,False,False,True,False,False,NORMAL,0.833,NORMAL,RISK_ON,0.15,0.9,0.91,Finance,40.2,40.2,40.2,40.2,0.0,80.9,REJECTED,NORMAL,0.833,0.17,0.2125,0.17,0.1275,0.17,40.2,False,False,NORMAL GİRİŞ,⭐,İşlem Açma,0.0,16.0,99.0,-0.17851639791542123,0.020202020202020204,0.019313729597758567,-0.5542398222371903,-0.11064239068617754,1.3774291740845768,32.64705882352941,0.15,True,"WMT, COST, BRK-B",
2026-09-29,CNC,61.85,62.42,61.38,62.21,4266882.0,-0.5117524157106201,265442729.22,283756705.81741333,0.8565911867237743,2.298572344098772,-3.9227799227799176,-3.0845926156722214,2.203430663876226,0.7521045292090445,0.004709748673628431,-1.4834139714731003,-1.0446624033180085,0.9873180990995373,0.483653846153845,-0.2549410913643355,79.80769230769221,-0.2890342976829441,37.91574279379157,59.20177383592018,49.889135254988915,42.793791574279375,54.07982261640798,26.507760532150776,40.709534368070955,47.13968957871397,32.8159645232816,46.2845386320996,63.532150776053214,True,-0.22271811802767605,False,False,False,False,False,False,NORMAL,0.833,NORMAL,RISK_ON,0.15,0.9,0.91,Health Services,40.1,40.1,40.1,40.1,0.0,80.9,REJECTED,NORMAL,0.833,0.17,0.2125,0.17,0.1275,0.17,36.2,False,False,NORMAL GİRİŞ,⭐,İşlem Açma,0.0,14.0,9.0,-0.1474787699916338,0.0,0.667922296595147,1.58134060200813,-0.8773618687701878,1.721959493099312,45.55995475113123,0.15,False,"Health Services · UNH, CVS, ELV",
2026-09-29,LOW,188.57,188.9799,186.5,187.26,2901945.0,-0.2131533914011885,543418220.6999999,613090845.1446533,0.873139616226503,4.069996126883369,-9.992790194664758,-15.070978275658764,1.2715888523981569,0.6555719070023486,-0.11396356452885692,-1.109671060317402,-1.2182629464181027,-0.5441210251158136,-0.4506008306786603,-0.3490110341941191,30.646397032138196,0.009564726626487552,50.332594235033255,25.277161862527713,15.96452328159645,45.8980044345898,20.155210643015522,24.47893569844789,13.835920177383592,46.34146341463415,70.73170731707317,36.09789912671714,45.968957871396896,True,-0.22271811802767605,False,False,False,False,False,False,NORMAL,0.833,NORMAL,RISK_ON,0.15,0.9,0.91,Retail Trade,40.1,40.1,40.1,40.1,0.0,80.9,REJECTED,NORMAL,0.833,0.17,0.2125,0.17,0.1275,0.17,34.9,False,False,NORMAL GİRİŞ,⭐,İşlem Açma,0.0,5.0,47.0,-0.09611548836367505,0.06382978723404255,0.3392823562719416,1.8889759365361414,-3.3249290937309333,-1.1707415148109792,66.49321266968326,0.15,False,"HD, DE, F",
2026-09-29,DOW,27.5,27.815,27.2,27.61,8402865.0,-1.0039418995195892,232003102.65,247954943.02342987,0.9405095487932844,0.8607141494750977,-9.505080301540481,0.9137426900584833,1.7470797616789089,0.9936025711195706,-0.28301729686008503,-0.6070143048238278,-0.4942477109906785,0.6372032956269567,0.2638211382113793,-0.21991060776303387,66.66666666666647,-0.7812237814919132,21.507760532150776,27.27272727272727,60.97560975609756,58.09312638580931,45.809312638580934,44.090909090909086,39.95565410199557,50.90909090909091,25.055432372505543,39.87730968218771,68.59423503325942,True,-0.22271811802767605,False,False,False,False,False,False,NORMAL,0.833,NORMAL,RISK_ON,0.15,0.9,0.91,Process Industries,40.6,40.0,40.0,40.0,0.0,80.9,REJECTED,NORMAL,0.833,0.17,0.2125,0.17,0.1275,0.17,40.4,False,False,NORMAL GİRİŞ,⭐,İşlem Açma,0.0,15.0,27.0,-0.13266678729271986,0.0,-0.8276815529380088,-3.09583284340259,0.24799849157640663,3.7556081830045995,40.22058823529412,0.15,False,"Energy Minerals · XOM, CVX, VLO",
2026-09-29,PYPL,54.11,54.23,53.33,53.89,8049420.0,-0.7184944511193003,433783243.8,535391834.10095215,0.6116027502072381,1.4735710906982422,0.4286246738725463,24.803149606299215,2.236791401891828,0.6287166684539114,-0.937545823479583,-0.5219974849685997,-0.29573354235096394,-0.22559474096554047,0.024444444444448696,-0.004172513230692308,62.22222222222258,-0.4957763330916243,30.598669623059866,76.71840354767184,92.6829268292683,7.095343680709535,85.49889135254989,35.31042128603104,59.15742793791574,9.933481152993348,66.51884700665188,49.069228874106955,46.749445676274945,True,-0.22271811802767605,False,False,False,True,False,False,NORMAL,0.833,NORMAL,RISK_ON,0.15,0.9,0.91,Commercial Services,40.0,40.0,40.0,40.0,0.0,80.9,REJECTED,NORMAL,0.833,0.17,0.2125,0.17,0.1275,0.17,43.6,False,False,NORMAL GİRİŞ,⭐,İşlem Açma,0.0,11.0,54.0,-0.1644316755552538,0.0,-1.5237123163531487,-6.819868411692198,4.926948242812407,-5.30721245090745,19.524886877828056,0.15,True,"Technology Services · CRM, NFLX, NOW",
2026-09-29,OXY,55.02,55.665,54.76,54.94,7588747.0,-2.0677335216973347,416925760.18,515263128.024292,0.8501607057835037,1.6378573172433037,-7.03891708967852,13.115091620341769,2.030528543137894,1.17197871557219,-0.3481174961814055,-0.34580049141958247,0.7192633200273845,-0.6865273998848749,-0.37099447513812484,-0.24479464492622832,19.889502762430883,-1.8450154036696587,5.321507760532151,42.12860310421286,82.92682926829268,41.019955654102,64.56762749445676,57.48337028824834,19.77827050997783,39.60088691796009,64.96674057649668,29.359238524580118,67.7960088691796,True,-0.22271811802767605,False,False,False,False,False,False,NORMAL,0.833,NORMAL,RISK_ON,0.15,0.9,0.91,Energy Minerals,40.2,39.7,39.7,39.7,0.0,80.9,REJECTED,NORMAL,0.833,0.17,0.2125,0.17,0.1275,0.17,44.1,False,False,NORMAL GİRİŞ,⭐,İşlem Açma,0.0,15.0,27.0,-0.13266678729271986,0.0,-0.8276815529380088,-3.09583284340259,-0.0927630552754577,4.096369729856464,41.30656108597285,0.15,False,"Energy Minerals · XOM, CVX, VLO",
2026-09-29,HST,22.68,22.88,22.28,22.44,6103009.0,-0.9708731195655074,136951521.96,155229127.3118019,0.7391968770401162,0.4450002125331332,0.7181328545780907,-5.356389708983544,1.021000363998761,0.3238993748485042,-1.1212644454744203,1.1564098758374985,0.49772273007316803,-0.7479936714155314,-0.43666666666666487,-0.018060530750354485,26.66666666666678,-0.7481550015378313,22.172949002217297,78.04878048780488,43.90243902439025,24.168514412416854,59.26829268292684,64.55654101995566,50.288248337028826,18.04878048780488,5.099778270509978,32.60236511456025,37.04878048780488,True,-0.22271811802767605,False,False,False,True,False,False,NORMAL,0.833,NORMAL,RISK_ON,0.15,0.9,0.91,Finance,39.5,39.5,39.5,39.5,0.0,80.9,REJECTED,NORMAL,0.833,0.17,0.2125,0.17,0.1275,0.17,39.1,False,False,NORMAL GİRİŞ,⭐,İşlem Açma,0.0,5.0,47.0,-0.09611548836367505,0.06382978723404255,0.3392823562719416,1.8889759365361414,1.8913655633364002,-6.387036171878313,57.171945701357465,0.15,True,"HD, DE, F",
2026-09-29,FIS,34.15,34.23,33.18,33.35,7427589.0,-2.7980219611367874,247710093.15,222909384.62257385,1.1634229835744343,1.0500000762939454,-19.522200772200758,-14.223251028806583,1.961547158912583,0.7220241224616808,0.8340996375087707,0.36731797310655206,0.5505578426409458,-0.9982115300525491,-0.7147619047619023,-0.2992762815972192,16.190476190476396,-2.5753038431091113,2.4390243902439024,5.099778270509978,17.29490022172949,82.92682926829268,11.80709534368071,81.70731707317073,11.042128603104212,83.10421286031041,19.06873614190687,15.888448949424578,70.31929046563194,True,-0.22271811802767605,False,False,False,False,False,False,NORMAL,0.833,NORMAL,RISK_ON,0.15,0.9,0.91,Technology Services,40.3,39.3,39.3,39.3,0.0,80.9,REJECTED,NORMAL,0.833,0.17,0.2125,0.17,0.1275,0.17,48.3,False,False,NORMAL GİRİŞ,⭐,İşlem Açma,0.0,11.0,54.0,-0.1644316755552538,0.0,-1.5237123163531487,-6.819868411692198,-1.569030174304081,1.1887659662090377,31.71945701357466,0.15,False,"Technology Services · CRM, NFLX, NOW",
2026-09-29,IBKR,87.86,87.86,85.8908,86.18,2832962.0,-1.0335344650093004,244144665.16000003,340640792.0082092,0.7396854532233408,2.6706570120675224,-10.07929883138564,-0.988051470588236,2.4640623268719675,1.1164434803324363,-1.106074242824841,-0.5064909090117372,-0.2498723564018953,-1.4105911063940266,-0.7723644119439304,-0.06159089143146472,14.686166971359334,-0.8108163469816243,20.84257206208426,24.6119733924612,56.54101995565411,24.390243902439025,42.1729490022173,37.87139689578714,36.76274944567627,18.27050997782705,43.90243902439025,29.661521353455228,71.5720620842572,True,-0.22271811802767605,False,False,False,False,False,False,NORMAL,0.833,NORMAL,RISK_ON,0.15,0.9,0.91,Finance,40.5,39.3,39.3,39.3,0.0,80.9,REJECTED,NORMAL,0.833,0.17,0.2125,0.17,0.1275,0.17,34.8,False,False,NORMAL GİRİŞ,⭐,İşlem Açma,0.0,3.0,96.0,0.02554887949189778,0.03125,0.8583284322582763,8.254331631412981,-5.549551473270359,3.368385677062602,83.43891402714932,0.15,False,"Electronic Technology · MU, NVDA, SNDK",
2026-09-29,VEEV,278.5,282.2424,273.92,278.57,1104980.0,-0.4964964628887625,307814278.59999996,360916532.84606934,0.6830646357746897,7.418026304408479,0.6794607683689335,56.96737476756635,1.771937755582997,0.8306528497104455,-0.9495955727541355,0.5122774755179995,-0.8393770472733204,-0.01578715136411109,0.06839132942420421,-0.061403874775730644,55.87330577717966,-0.27377834486108643,39.02439024390244,77.60532150776052,99.33481152993349,15.96452328159645,89.55654101995566,42.90465631929045,54.54545454545455,14.98891352549889,46.78492239467849,54.05517980166475,56.59645232815965,True,-0.22271811802767605,False,False,False,True,False,False,NORMAL,0.833,NORMAL,RISK_ON,0.15,0.9,0.91,Technology Services,39.3,39.3,39.3,39.3,0.0,80.9,REJECTED,NORMAL,0.833,0.17,0.2125,0.17,0.1275,0.17,41.6,False,False,NORMAL GİRİŞ,⭐,İşlem Açma,0.0,11.0,54.0,-0.1644316755552538,0.0,-1.5237123163531487,-6.819868411692198,9.804846517761874,-10.185110725856916,18.257918552036198,0.15,True,"Technology Services · CRM, NFLX, NOW",
2026-09-29,TRMB,57.47,57.75,56.44,57.34,2355216.0,-0.29559785514643444,135048085.44,126714700.85811615,0.6484081044956301,1.4050000435965404,-6.0154073102769985,12.03595154357171,1.47182382132513,0.7074680778546998,-0.24170783234503798,-0.0768160233995889,-1.0209550338808768,0.23886557390109028,0.16106870229008144,0.046197613390337705,68.7022900763362,-0.07287973711875839,47.45011086474501,47.671840354767184,81.81818181818183,10.42128603104213,66.45232815964525,38.10421286031042,70.64301552106431,23.104212860310422,1.7738359201773837,55.24716914067132,56.8580931263858,True,-0.22271811802767605,False,False,False,True,False,False,NORMAL,0.833,NORMAL,RISK_ON,0.15,0.9,0.91,Technology Services,39.2,39.2,39.2,39.2,0.0,80.9,REJECTED,NORMAL,0.833,0.17,0.2125,0.17,0.1275,0.17,37.6,False,False,NORMAL GİRİŞ,⭐,İşlem Açma,0.0,11.0,54.0,-0.1644316755552538,0.0,-1.5237123163531487,-6.819868411692198,-0.26899592652769844,-0.11126828156734492,28.07692307692308,0.15,True,"Technology Services · CRM, NFLX, NOW",
2026-09-29,ADM,78.77,80.29,78.52,79.4,3040431.0,-1.2192053830610061,241410221.4,283733196.6392517,0.7875672672310962,2.286429029192244,-2.624478783419182,3.926701570680624,1.799060675674628,0.7603649862513617,-0.48774412064497835,-0.4914282291375092,0.15497188597574196,0.3795200464086498,0.15706214689265974,-0.18636994607646687,49.71751412429404,-0.9964872650333301,16.851441241685144,66.29711751662971,68.29268292682927,29.711751662971174,67.39467849223948,48.913525498891346,40.66518847006652,30.598669623059862,32.59423503325942,36.57596427273983,61.2350332594235,True,-0.22271811802767605,False,False,False,False,False,False,NORMAL,0.833,NORMAL,RISK_ON,0.15,0.9,0.91,Process Industries,39.0,39.0,39.0,39.0,0.0,80.9,REJECTED,NORMAL,0.833,0.17,0.2125,0.17,0.1275,0.17,39.5,False,False,NORMAL GİRİŞ,⭐,İşlem Açma,0.0,15.0,27.0,-0.13266678729271986,0.0,-0.8276815529380088,-3.09583284340259,-1.2303570774350514,5.233963752016058,43.297511312217196,0.15,False,"Energy Minerals · XOM, CVX, VLO",
2026-09-29,EL,95.31,96.66,94.05,94.37,2045240.0,-1.2556238345255544,193009298.8,270383498.2081299,0.6664668043978389,2.9871433367047993,-8.724247993036071,19.531348955034833,2.1135898409974927,0.7546027009369642,-0.6822485816247319,-0.1644340356984094,-0.01664552712616334,-1.0751721577262185,-0.5772030651340961,-0.09099236466646622,12.260536398467718,-1.0329057164978783,16.62971175166297,31.042128603104214,89.57871396895787,13.303769401330376,63.23725055432373,48.96895787139689,37.16186252771618,17.738359201773836,29.268292682926827,33.51651927177581,64.96230598669624,True,-0.22271811802767605,False,False,False,False,False,False,NORMAL,0.833,NORMAL,RISK_ON,0.15,0.9,0.91,Consumer Non-Durables,39.0,39.0,39.0,39.0,0.0,80.9,REJECTED,NORMAL,0.833,0.17,0.2125,0.17,0.1275,0.17,35.2,False,False,NORMAL GİRİŞ,⭐,İşlem Açma,0.0,5.0,47.0,-0.09611548836367505,0.06382978723404255,0.3392823562719416,1.8889759365361414,-4.729646689446221,0.23397608090430833,68.7556561085973,0.15,False,"HD, DE, F",
2026-09-29,MKC,48.14,48.675,47.96,48.4,3349941.0,-0.12381156749109445,162137144.4,140766392.92858124,1.0492107290733583,1.136785496303013,-12.52485089463221,-4.006346687822305,1.0419906063181301,0.5844505187788862,0.505597091747901,-1.049815610243532,-1.2446178925591147,0.6220706126113053,0.29055944055944016,-0.3314602065072327,61.53846153846154,0.0989065505365816,53.65853658536586,13.968957871396896,47.45011086474501,72.72727272727273,32.38359201773836,34.390243902439025,29.844789356984478,74.14634146341464,3.325942350332594,50.913269657172094,54.330376940133036,True,-0.22271811802767605,False,False,False,False,True,False,NORMAL,0.833,NORMAL,RISK_ON,0.15,0.9,0.91,Consumer Non-Durables,39.0,39.0,39.0,39.0,0.0,80.9,REJECTED,NORMAL,0.833,0.17,0.2125,0.17,0.1275,0.17,34.8,False,False,NORMAL GİRİŞ,⭐,İşlem Açma,0.0,16.0,99.0,-0.17851639791542123,0.020202020202020204,0.019313729597758567,-0.5542398222371903,-0.5707336559243825,1.8375204393227818,33.89140271493213,0.15,False,"WMT, COST, BRK-B",
2026-09-29,NOC,503.22,508.75,502.1,504.61,694166.0,-0.23526845031396348,350283105.26,423967191.72058105,0.8490288649706458,10.891434151785713,-7.507744194145582,-0.9228171447644873,1.2342978950728694,0.3815261243848589,-0.24407900462119128,-0.9849968089625645,-1.0868454700045411,0.07309642016510412,-0.0407518796992488,-0.17390289860930955,37.74436090225563,-0.012550332286287436,49.2239467849224,38.80266075388026,56.76274944567628,40.57649667405765,48.68070953436808,26.607538802660756,39.33481152993349,41.108647450110865,54.1019955654102,47.29882633412801,30.70288248337029,True,-0.22271811802767605,False,False,False,False,False,False,NORMAL,0.833,NORMAL,RISK_ON,0.15,0.9,0.91,Electronic Technology,38.9,38.9,38.9,38.9,0.0,80.9,REJECTED,NORMAL,0.833,0.17,0.2125,0.17,0.1275,0.17,38.8,False,False,NORMAL GİRİŞ,⭐,İşlem Açma,0.0,1.0,13.0,-0.16992272122615265,0.0,0.37715172055692303,-3.842508601358297,0.10567486602428566,0.6130506402959535,26.97398190045249,0.15,False,"Electronic Technology · BA, GE, HWM",
2026-09-29,RMD,221.96,224.22,220.32,222.83,949403.0,0.32867801730007695,211555470.49,234247282.45620728,0.736076879242372,5.242143249511719,-7.281654391877835,14.342159277504107,1.4296474418996288,0.5733602063666304,-1.0080457779530851,-0.4176527028150313,-0.7982402181740361,0.24624567788215776,0.25833333333333813,-0.22873966047947736,64.35897435897476,0.551396135327753,71.17516629711751,40.35476718403548,84.4789356984479,23.725055432372503,64.62305986696231,32.10643015521064,34.146341463414636,19.113082039911305,21.729490022172946,63.38600830064249,52.239467849223956,True,-0.22271811802767605,False,False,True,False,False,False,NORMAL,0.833,NORMAL,RISK_ON,0.15,0.9,0.91,Health Technology,38.9,38.9,38.9,38.9,0.0,80.9,REJECTED,NORMAL,0.833,0.17,0.2125,0.17,0.1275,0.17,28.0,False,False,NORMAL GİRİŞ,⭐,İşlem Açma,0.0,9.0,19.0,-0.07995966169200827,0.10526315789473684,0.6362234813596768,0.03793591459123569,1.2637338797327091,-2.702662280502921,62.624434389140276,0.15,False,"Health Technology · BSX, MDT, ISRG",
2026-09-29,ROST,236.01,236.24,233.54,234.4,1485901.0,-1.1345887129109222,348295194.40000004,407457207.2105408,0.7424808808428669,4.974287370954242,2.5596149639028676,10.124500822175243,1.155415213693196,0.47346876402344645,-1.235702387213117,-0.6606927318200839,0.6365549795046888,-0.9811133955691502,-0.4679629629629555,-0.0015012777550609858,31.85185185185216,-0.9118705948832462,18.8470066518847,80.93126385809313,79.15742793791574,24.6119733924612,79.95565410199558,43.01552106430155,48.64745011086474,17.605321507760532,51.44124168514412,38.86146012975284,32.55432372505544,True,-0.22271811802767605,False,False,False,True,False,False,NORMAL,0.833,NORMAL,RISK_ON,0.15,0.9,0.91,Retail Trade,38.8,38.8,38.8,38.8,0.0,80.9,REJECTED,NORMAL,0.833,0.17,0.2125,0.17,0.1275,0.17,41.3,False,False,NORMAL GİRİŞ,⭐,İşlem Açma,0.0,13.0,12.0,-0.13861084651358005,0.0,0.21731553295660233,-0.8512872043160149,2.10807328158214,-0.4764187607249948,33.46153846153846,0.15,True,"Retail Trade · NKE, TJX, SBUX",
2026-09-29,NTRS,174.47,175.265,171.895,172.94,816652.0,-0.9223735454650273,141231796.88,165723655.5227356,0.826629417063962,4.102855486188615,-7.414743829969483,-0.5177174413253605,1.4540599988818066,0.5556051313041871,-0.695721778029517,-0.3256505287857239,0.16322443980349144,-0.8796355258555798,-0.413204747774484,0.07027864194588809,31.008902077151184,-0.6996554274373512,24.168514412416854,39.689578713968956,57.87139689578714,35.92017738359202,49.68957871396896,51.27494456762749,56.452328159645226,31.04212860310421,6.873614190687362,36.863639653391395,50.83813747228381,True,-0.22271811802767605,False,False,False,True,False,False,NORMAL,0.833,NORMAL,RISK_ON,0.15,0.9,0.91,Finance,38.7,38.7,38.7,38.7,0.0,80.9,REJECTED,NORMAL,0.833,0.17,0.2125,0.17,0.1275,0.17,39.9,False,False,NORMAL GİRİŞ,⭐,İşlem Açma,0.0,2.0,31.0,-0.11193454029395906,0.0,-0.6972418013568848,-2.61135578253694,1.944480897356926,-1.9411279484867094,37.3133484162896,0.15,True,"Finance · JPM, BAC, GS",
2026-09-29,TYL,321.08,321.4068,312.0398,316.26,840597.0,-2.3949105847739682,265847207.22,237114153.52478027,0.8719795437806662,11.559297471400669,-16.320050801714558,8.137865007180478,2.306770035484473,1.0498403161313283,0.27490615172764377,0.33670040304604515,0.09608440096383898,-0.5332944492034565,-0.28596455642148094,-0.16771102831625057,45.053912672146836,-2.172192466746292,3.5476718403547673,7.317073170731707,76.05321507760532,45.23281596452328,45.12195121951219,69.44567627494457,32.6829268292683,53.924611973392466,22.394678492239468,29.8135952583455,75.82483370288249,True,-0.22271811802767605,False,False,False,False,False,False,NORMAL,0.833,NORMAL,RISK_ON,0.15,0.9,0.91,Technology Services,40.5,38.6,38.6,38.6,0.0,80.9,REJECTED,NORMAL,0.833,0.17,0.2125,0.17,0.1275,0.17,45.9,False,False,NORMAL GİRİŞ,⭐,İşlem Açma,0.0,11.0,54.0,-0.1644316755552538,0.0,-1.5237123163531487,-6.819868411692198,-1.4313690730673176,1.0511048649722743,31.289592760180994,0.15,False,"Technology Services · CRM, NFLX, NOW",
2026-09-29,KHC,23.27,23.65,23.24,23.45,10634083.0,-0.46689078283467245,249369246.35,400140663.0,0.4680136882152705,0.5792857687813895,-8.754863813229575,-0.7197290431837478,1.22365067527516,0.6792545316720094,-0.8071478091295938,-0.5612454322739847,-0.6521396543271586,0.5390621036061584,0.21097560975609927,-0.05818388772896914,51.21951219512214,-0.2441726648069964,42.12860310421286,30.820399113082043,57.42793791574279,1.1086474501108647,45.45454545454545,29.51219512195122,61.90687361419069,7.937915742793792,50.554323725055426,43.54101995565412,41.731707317073166,True,-0.22271811802767605,False,False,False,True,False,False,NORMAL,0.833,NORMAL,RISK_ON,0.15,0.9,0.91,Consumer Non-Durables,38.5,38.5,38.5,38.5,0.0,80.9,REJECTED,NORMAL,0.833,0.17,0.2125,0.17,0.1275,0.17,39.1,False,False,NORMAL GİRİŞ,⭐,İşlem Açma,0.0,16.0,99.0,-0.17851639791542123,0.020202020202020204,0.019313729597758567,-0.5542398222371903,-0.7984622272103392,2.0652490106087384,34.4343891402715,0.15,True,"WMT, COST, BRK-B",
2026-09-29,APO,119.4,121.8496,118.335,119.0,2505582.0,0.0,298164258.0,321841226.7944336,0.9239433815110433,3.756042835344587,-11.877962085308047,0.5832135914123793,1.5820916937378675,0.6166489188765034,-0.6402610287811932,0.11517167389858307,-1.392642570356994,-0.6095257217103681,-0.3930831389062756,-0.27626049066136027,18.92107209924333,0.22271811802767605,59.42350332594235,16.186252771618626,60.310421286031044,55.87583148558758,40.45454545454545,37.91574279379157,17.5609756097561,44.52328159645233,40.79822616407982,49.06838215449196,55.58980044345897,True,-0.22271811802767605,False,False,False,False,False,False,NORMAL,0.833,NORMAL,RISK_ON,0.15,0.9,0.91,Finance,38.4,38.4,38.4,38.4,0.0,80.9,REJECTED,NORMAL,0.833,0.17,0.2125,0.17,0.1275,0.17,33.7,False,False,NORMAL GİRİŞ,⭐,İşlem Açma,0.0,2.0,31.0,-0.11193454029395906,0.0,-0.6972418013568848,-2.61135578253694,-1.93844902079503,1.9418019696652467,47.33597285067873,0.15,False,"Finance · JPM, BAC, GS",
2026-09-29,DLTR,115.76,115.77,112.1329,113.3,2541959.0,-2.344420549704407,288003954.7,311087015.89279175,0.8860627608864257,3.7419338396344863,-11.663807890222976,-6.324927656056223,2.4974790434715177,0.543386044488009,0.13287188294893565,0.2428165507550773,0.7898549140503431,-0.7979617208977292,-0.5013870941134457,-0.3001235908448782,32.08875202771422,-2.121702431676731,4.212860310421286,17.738359201773836,40.133037694013304,47.671840354767184,30.055432372505543,71.51884700665188,13.481152993348115,52.63858093126386,39.02439024390244,20.24546056862508,59.02217294900222,True,-0.22271811802767605,False,False,False,False,False,False,NORMAL,0.833,NORMAL,RISK_ON,0.15,0.9,0.91,Retail Trade,38.4,38.4,38.4,38.4,0.0,80.9,REJECTED,NORMAL,0.833,0.17,0.2125,0.17,0.1275,0.17,43.8,False,False,NORMAL GİRİŞ,⭐,İşlem Açma,0.0,13.0,12.0,-0.13861084651358005,0.0,0.21731553295660233,-0.8512872043160149,-0.21731553295660233,1.8489700538137477,40.02262443438914,0.15,False,"Retail Trade · NKE, TJX, SBUX",
2026-09-29,FDX,289.76,290.16,285.23,287.47,1180340.0,-0.7526303961406078,339312339.8,475531132.963562,0.6858115665408739,6.999283360072545,-13.119559961315275,-8.194679526075422,1.739974102326864,0.45467875467049995,-0.9403371720267918,-0.7079458893400122,-0.12932868988311616,-0.20848936753769173,-0.25922920892494433,-0.1581063991386606,45.436105476673546,-0.5299122781129317,29.490022172949004,12.638580931263856,34.146341463414636,16.186252771618626,24.46784922394679,36.36363636363637,39.15742793791574,15.299334811529935,61.4190687361419,30.917224738354715,38.31042128603105,True,-0.22271811802767605,False,False,False,False,False,False,NORMAL,0.833,NORMAL,RISK_ON,0.15,0.9,0.91,Transportation,38.4,38.4,38.4,38.4,0.0,80.9,REJECTED,NORMAL,0.833,0.17,0.2125,0.17,0.1275,0.17,38.0,False,False,NORMAL GİRİŞ,⭐,İşlem Açma,0.0,4.0,10.0,-0.11283149649648719,0.1,1.3059074668034854,-3.863498233483014,-2.655456734233658,2.767317369562672,54.86425339366516,0.15,False,"Transportation · UNP, FDX, CSX",
2026-09-29,LYB,57.38,58.35,56.81,58.18,3540138.0,-0.1544541909329622,205965228.84,204585076.92,0.9750606290548478,1.9564290073939732,-8.622585204963096,10.503323836657174,1.9497436138166648,1.0832302168581647,-0.41035216269065367,-0.6851652958868497,-1.2291362370843673,1.3562530471220002,0.6623376623376603,-0.36420512976663494,88.96103896103884,0.06826392709471385,52.54988913525499,31.70731707317073,80.04434589800444,62.97117516629712,58.29268292682927,29.534368070953434,37.11751662971176,51.88470066518847,15.74279379157428,60.388343363953105,75.07095343680709,True,-0.22271811802767605,False,False,False,False,False,False,NORMAL,0.833,NORMAL,RISK_ON,0.15,0.9,0.91,Process Industries,40.0,38.2,38.2,38.2,0.0,80.9,REJECTED,NORMAL,0.833,0.17,0.2125,0.17,0.1275,0.17,33.5,False,False,NORMAL GİRİŞ,⭐,İşlem Açma,0.0,15.0,27.0,-0.13266678729271986,0.0,-0.8276815529380088,-3.09583284340259,0.5508654066082141,3.452741267972792,39.76809954751131,0.15,False,"Energy Minerals · XOM, CVX, VLO",
2026-09-29,HCA,430.07,433.13,426.6052,431.63,883889.0,-0.22422702030279185,381513009.07,560784492.612915,0.5693455246978193,12.498200871930802,3.3052510650519284,10.705583626150972,1.8734307818981406,0.6307256879977347,-1.295993031376919,-1.7011404929497758,-0.9597474033289508,0.7838284013166632,0.4047081902893571,-0.11632852401301587,77.01078960274634,-0.0015089022751157977,49.889135254988915,83.5920177383592,80.48780487804879,4.212860310421286,81.88470066518849,11.651884700665189,56.895787139689574,4.8337028824833705,68.73614190687361,56.523695368256895,44.54101995565411,True,-0.22271811802767605,False,False,False,True,False,False,NORMAL,0.833,NORMAL,RISK_ON,0.15,0.9,0.91,Health Services,38.1,38.1,38.1,38.1,0.0,80.9,REJECTED,NORMAL,0.833,0.17,0.2125,0.17,0.1275,0.17,35.3,False,False,NORMAL GİRİŞ,⭐,İşlem Açma,0.0,16.0,99.0,-0.17851639791542123,0.020202020202020204,0.019313729597758567,-0.5542398222371903,0.011876221269990772,1.2549105621284085,32.14932126696833,0.15,True,"WMT, COST, BRK-B",
2026-09-29,FOXA,62.835,62.885,61.89,62.48,3618488.0,-0.9197611174437403,226083130.23999998,302798623.0934143,0.714045842348969,1.5646432713099887,-8.681672025723476,19.78527607361964,1.7534581969316183,0.5795810203095436,-0.8571695055913713,-0.5442570777185316,-0.31471182567877354,-0.12543032445715216,-0.05829145728643678,-0.023652408705652238,59.29648241206008,-0.6970429994160643,24.390243902439025,31.263858093126384,90.46563192904657,19.51219512195122,63.82483370288249,36.674057649667404,58.27050997782705,18.270509977827054,36.36363636363637,44.635856666926635,48.72283813747228,True,-0.22271811802767605,False,False,False,True,False,False,NORMAL,0.833,NORMAL,RISK_ON,0.15,0.9,0.91,Consumer Services,37.9,37.9,37.9,37.9,0.0,80.9,REJECTED,NORMAL,0.833,0.17,0.2125,0.17,0.1275,0.17,39.4,False,False,NORMAL GİRİŞ,⭐,İşlem Açma,0.0,11.0,54.0,-0.1644316755552538,0.0,-1.5237123163531487,-6.819868411692198,0.28136667217765776,-0.6616308802727011,26.221719457013577,0.15,True,"Technology Services · CRM, NFLX, NOW",
2026-09-29,MSI,450.23,451.63,445.49,446.12,894828.0,-1.318347803329023,399200667.36,405171170.22785157,0.9626723326430165,8.581428920200892,-8.20576131687243,7.423727997303087,1.1167308313801363,0.38872084815478214,0.029427270620750408,-0.45196405678511326,0.275409289297901,-1.2166418279353124,-0.7383550488599371,-0.36670483286161,10.26058631921819,-1.095629685301347,14.412416851441243,34.811529933481154,75.16629711751663,61.4190687361419,57.00665188470067,59.80044345898004,4.0798226164079825,58.49223946784922,50.99778270509978,31.037145106422926,37.8980044345898,True,-0.22271811802767605,False,False,False,False,False,False,NORMAL,0.833,NORMAL,RISK_ON,0.15,0.9,0.91,Electronic Technology,37.9,37.9,37.9,37.9,0.0,80.9,REJECTED,NORMAL,0.833,0.17,0.2125,0.17,0.1275,0.17,41.1,False,False,NORMAL GİRİŞ,⭐,İşlem Açma,0.0,16.0,99.0,-0.17851639791542123,0.020202020202020204,0.019313729597758567,-0.5542398222371903,-0.8234173963747371,2.0902041797731363,34.502262443438916,0.15,False,"WMT, COST, BRK-B",
2026-09-29,SYY,78.4,79.3,77.825,78.49,3631067.0,-0.10181964507439689,285002448.83,317175255.4660797,0.7846332701273304,1.6510708400181358,-4.2103978520869,-6.089973677913385,1.465941385663352,0.5173539313770699,0.2744591157165859,-0.35663339810655115,-1.234288652381267,0.15756109159654527,-0.026610169491532647,-0.23484438539920346,45.0847457627115,0.12089847295327916,54.54545454545454,57.64966740576497,41.24168514412417,29.046563192904657,48.62527716186253,36.330376940133036,32.10643015521064,44.035476718403544,40.133037694013304,46.218008944342095,44.67627494456764,True,-0.22271811802767605,False,False,False,False,False,False,NORMAL,0.833,NORMAL,RISK_ON,0.15,0.9,0.91,Distribution Services,37.8,37.8,37.8,37.8,0.0,80.9,REJECTED,NORMAL,0.833,0.17,0.2125,0.17,0.1275,0.17,37.4,False,False,NORMAL GİRİŞ,⭐,İşlem Açma,0.0,16.0,99.0,-0.17851639791542123,0.020202020202020204,0.019313729597758567,-0.5542398222371903,1.2644028974011623,0.002383885997236934,28.800904977375566,0.15,False,"WMT, COST, BRK-B",
2026-09-29,ORLY,85.85,86.48,85.33,86.07,3675702.0,-0.5086141779739983,316367671.14,458400083.9669037,0.5620717601795839,1.7671433803013394,-2.745762711864419,-6.537083288087753,1.4397518787494659,0.5588006310555266,-1.2403680298445359,-0.8130528908682954,-0.46688062632303506,0.5951503578601821,0.24391304347825163,-0.05229641635612757,64.34782608695576,-0.2858960599463223,38.13747228381374,65.41019955654102,39.91130820399113,2.882483370288248,51.385809312638585,27.017738359201775,64.03547671840354,4.478935698447894,60.08869179600887,41.41371830714347,36.07317073170732,True,-0.22271811802767605,False,False,False,True,False,False,NORMAL,0.833,NORMAL,RISK_ON,0.15,0.9,0.91,Retail Trade,37.7,37.7,37.7,37.7,0.0,80.9,REJECTED,NORMAL,0.833,0.17,0.2125,0.17,0.1275,0.17,40.2,False,False,NORMAL GİRİŞ,⭐,İşlem Açma,0.0,16.0,99.0,-0.17851639791542123,0.020202020202020204,0.019313729597758567,-0.5542398222371903,1.784512183647391,-0.5177254002489917,26.923076923076923,0.15,True,"WMT, COST, BRK-B",
2026-09-29,HIG,124.96,126.465,124.81,125.85,1562448.0,-0.15074652026914048,196634080.79999998,196660900.9491638,0.9313341022683583,2.261069793701172,-9.16636593287623,-5.033202535466352,1.0633814522931633,0.568536200777286,0.14352357982696118,-0.7126653186959652,-1.253858149659717,0.8360911561378175,0.3832326283987858,-0.35472696815734517,62.83987915407803,0.07197159775853557,52.77161862527716,28.824833702882486,45.01108647450111,57.42793791574279,37.727272727272734,32.494456762749444,31.39689578713969,58.669623059866964,13.303769401330376,49.43808991097322,50.38359201773836,True,-0.22271811802767605,False,False,False,False,False,False,NORMAL,0.833,NORMAL,RISK_ON,0.15,0.9,0.91,Finance,37.4,37.4,37.4,37.4,0.0,80.9,REJECTED,NORMAL,0.833,0.17,0.2125,0.17,0.1275,0.17,33.6,False,False,NORMAL GİRİŞ,⭐,İşlem Açma,0.0,16.0,99.0,-0.17851639791542123,0.020202020202020204,0.019313729597758567,-0.5542398222371903,-0.7440330522893168,2.010819835687716,34.366515837104075,0.15,False,"WMT, COST, BRK-B",
2026-09-29,NCLH,15.11,15.275,14.705,14.8,27712776.0,3.42417586313688,410149084.8,268651822.817564,1.5227189046313545,0.5939285687037877,-11.111111111111093,-29.891046897205108,2.04404087867385,1.5938356089218053,1.9437194829763815,1.7027781745622355,0.18458224059431103,-0.7952028322428686,-0.6114035087719276,-0.3832252069534185,16.66666666666677,3.646893981164556,97.11751662971176,20.17738359201774,1.7738359201773837,94.2350332594235,10.055432372505546,92.77161862527716,9.002217294900221,94.94456762749445,28.38137472283814,56.9648928307465,82.21286031042129,True,-0.22271811802767605,True,False,True,False,False,False,NORMAL,0.833,NORMAL,RISK_ON,0.15,0.9,0.91,Consumer Services,55.4,37.3,37.3,37.3,0.0,80.9,REJECTED,NORMAL,0.833,0.17,0.2125,0.17,0.1275,0.17,55.2,False,False,🎯 UYGUN GİRİŞ BÖLGESİ,⭐,İşlem Açma,0.0,5.0,47.0,-0.09611548836367505,0.06382978723404255,0.3392823562719416,1.8889759365361414,5.25199616496026,-9.747666773502171,54.8868778280543,0.15,False,"HD, DE, F",
2026-09-29,BLK,1069.33,1075.88,1061.72,1067.94,352236.0,-0.30898483080512573,376166913.84000003,546353182.7636719,0.6306313725841248,24.027145124162953,-8.29039571310799,11.063272182703109,1.5830274380187415,0.7148358553478417,-1.7112561601267713,-1.3637318974048178,-1.0263788403840777,-0.1206557670183991,-0.11098163841807548,-0.058560574323656266,43.926553672316324,-0.08626671277744968,46.78492239467849,34.368070953436806,80.93126385809313,8.869179600886918,59.97782705099779,12.161862527716185,53.525498891352555,6.208425720620842,67.62749445676275,49.82281057787465,45.381374722838146,True,-0.22271811802767605,False,False,False,True,False,False,NORMAL,0.833,NORMAL,RISK_ON,0.15,0.9,0.91,Finance,37.1,37.1,37.1,37.1,0.0,80.9,REJECTED,NORMAL,0.833,0.17,0.2125,0.17,0.1275,0.17,34.5,False,False,NORMAL GİRİŞ,⭐,İşlem Açma,0.0,2.0,31.0,-0.11193454029395906,0.0,-0.6972418013568848,-2.61135578253694,2.3297575122047665,-2.32640456333455,36.702488687782804,0.15,True,"Finance · JPM, BAC, GS",
2026-09-29,NOW,130.83,132.44,128.12,129.94,10080227.0,-1.1487234562939874,1309824696.3799999,1661844761.062622,0.7361301022233842,5.586427437918526,-10.206620136825384,30.88235294117647,3.217212761757196,1.727108755680402,-1.3323039627906348,-0.5270055046728174,-0.41203015156170303,-0.44182496369956115,-0.1792824074074101,-0.21235859305988153,42.12962962962954,-0.9260053382663114,18.181818181818183,23.946784922394677,94.45676274944567,23.946784922394677,62.72727272727273,34.32372505543237,27.53880266075388,16.23059866962306,90.2439024390244,37.98458158824012,67.6629711751663,True,-0.22271811802767605,False,False,False,False,False,False,NORMAL,0.833,NORMAL,RISK_ON,0.15,0.9,0.91,Technology Services,37.4,36.9,36.9,36.9,0.0,80.9,REJECTED,NORMAL,0.833,0.17,0.2125,0.17,0.1275,0.17,39.9,False,False,NORMAL GİRİŞ,⭐,İşlem Açma,0.0,11.0,54.0,-0.1644316755552538,0.0,-1.5237123163531487,-6.819868411692198,-2.117054186125605,1.7367899780305618,32.98642533936652,0.15,False,"Technology Services · CRM, NFLX, NOW",
2026-09-29,TKO,180.92,182.44,176.72,177.58,778253.0,-2.202886766559431,138202167.74,190365443.11743164,0.6625403311624739,5.185714634486607,-3.8236568457538866,-11.787789975659424,1.9869817077907657,0.6909354399607032,-0.6804973847808437,0.5696009185439364,1.5623589905540631,-1.09038135970856,-0.6473776223776179,0.037079616127738795,15.034965034965275,-1.980168648531755,4.656319290465632,60.08869179600887,23.946784922394677,11.973392461197339,40.210643015521065,64.20177383592018,51.66297117516629,17.028824833702885,12.195121951219512,17.575558587753733,62.9379157427938,True,-0.22271811802767605,False,False,False,True,False,False,NORMAL,0.833,NORMAL,RISK_ON,0.15,0.9,0.91,Consumer Services,36.8,36.8,36.8,36.8,0.0,80.9,REJECTED,NORMAL,0.833,0.17,0.2125,0.17,0.1275,0.17,40.6,False,False,NORMAL GİRİŞ,⭐,İşlem Açma,0.0,12.0,2.0,,,,,,,50.0,0.15,True,"Consumer Services · LYV, TKO",
2026-09-29,WSM,232.67,233.395,228.26,229.96,657881.0,-0.46314278879386883,151286314.76,249359678.94744873,0.5429897902755882,6.5296427699497785,-2.1821430090603555,-1.3470613470613402,1.6624553454636162,0.8417196746616723,-1.2603706092538218,-0.40914632758203856,-0.6126418654176478,-0.7868635639891721,-0.42332035053553546,0.01244212208747893,33.10613437195736,-0.24042467076619278,42.572062084257205,68.73614190687361,55.432372505543235,2.2172949002217295,61.41906873614191,31.452328159645234,52.9490022172949,3.991130820399113,25.277161862527713,42.44143383630881,61.39467849223947,True,-0.22271811802767605,False,False,False,True,False,False,NORMAL,0.833,NORMAL,RISK_ON,0.15,0.9,0.91,Retail Trade,36.8,36.8,36.8,36.8,0.0,80.9,REJECTED,NORMAL,0.833,0.17,0.2125,0.17,0.1275,0.17,31.2,False,False,NORMAL GİRİŞ,⭐,İşlem Açma,0.0,5.0,47.0,-0.09611548836367505,0.06382978723404255,0.3392823562719416,1.8889759365361414,0.0,-4.4956706085419125,60.66742081447964,0.15,True,"HD, DE, F",
2026-09-29,ZTS,71.4,71.7,69.995,70.3,3521310.0,-1.5819687811115757,247548093.0,297772803.97872925,0.7594611557200442,1.6996431405203682,-9.102663563485914,-2.1708878374617324,1.2353439995978357,0.6831774025196319,-1.2097263826653266,0.35853026661000864,1.0471920936958359,-1.1857240700937253,-0.6435483870967813,-0.19541498245389408,17.888563049852955,-1.3592506630838996,9.534368070953436,29.268292682926827,52.54988913525499,26.82926829268293,42.07317073170732,59.45676274944567,19.33481152993348,19.024390243902438,35.69844789356985,22.785530362634965,54.525498891352555,True,-0.22271811802767605,False,False,False,False,False,False,NORMAL,0.833,NORMAL,RISK_ON,0.15,0.9,0.91,Health Technology,36.7,36.7,36.7,36.7,0.0,80.9,REJECTED,NORMAL,0.833,0.17,0.2125,0.17,0.1275,0.17,34.6,False,False,NORMAL GİRİŞ,⭐,İşlem Açma,0.0,9.0,19.0,-0.07995966169200827,0.10526315789473684,0.6362234813596768,0.03793591459123569,-2.6372938230197263,1.1983654222495144,71.99095022624435,0.15,False,"Health Technology · BSX, MDT, ISRG",
2026-09-29,FISV,46.015,46.08,45.29,45.36,8713841.0,-1.434160041717969,395259827.76,360963662.8282547,1.1444986816484812,1.568571025303432,-14.704776231666038,-7.522935779816509,2.256841191644297,0.5590576259670721,0.6621652501556802,-1.6519980633590718,-0.39048356390775735,-1.28074416890777,-0.8256329113924057,-0.32988568691837283,8.860759493670932,-1.211441923690293,10.864745011086473,9.977827050997783,37.028824833702885,81.1529933481153,24.85587583148559,48.0820399113082,5.498891352549888,80.88691796008871,47.006651884700666,22.480310982626516,58.80044345898004,True,-0.22271811802767605,False,False,False,False,False,False,NORMAL,0.833,NORMAL,RISK_ON,0.15,0.9,0.91,Commercial Services,36.5,36.5,36.5,36.5,0.0,80.9,REJECTED,NORMAL,0.833,0.17,0.2125,0.17,0.1275,0.17,41.7,False,False,NORMAL GİRİŞ,⭐,İşlem Açma,0.0,11.0,54.0,-0.1644316755552538,0.0,-1.5237123163531487,-6.819868411692198,1.4310276684559478,-1.811291876550991,23.733031674208146,0.15,False,"Technology Services · CRM, NFLX, NOW",
2026-09-29,HAL,32.02,32.15,31.45,31.54,9763264.0,-2.7443734098076433,307933346.56,344200358.3114624,0.897600136065992,0.9507144383021764,-12.82476506357103,-7.098674521354942,1.445910867652958,0.7434590493623372,-0.2705815249516766,0.3198798053915169,1.4188969597331091,-1.1089650475030743,-0.7171428571428602,-0.3360692893304225,12.85714285714285,-2.5216552917799673,2.6607538802660753,13.082039911308204,37.6940133037694,50.99778270509978,26.618625277161865,69.90022172949003,6.7849223946784925,46.9179600886918,44.345898004434595,16.577288565093443,59.72949002217295,True,-0.22271811802767605,False,False,False,False,False,False,NORMAL,0.833,NORMAL,RISK_ON,0.15,0.9,0.91,Industrial Services,36.4,36.4,36.4,36.4,0.0,80.9,REJECTED,NORMAL,0.833,0.17,0.2125,0.17,0.1275,0.17,41.3,False,False,NORMAL GİRİŞ,⭐,İşlem Açma,0.0,15.0,27.0,-0.13266678729271986,0.0,-0.8276815529380088,-3.09583284340259,-1.647619258130839,5.651225932711846,43.9762443438914,0.15,False,"Energy Minerals · XOM, CVX, VLO",
2026-09-29,DECK,78.46,78.7,77.42,77.68,3599573.0,-0.8677904607643949,279614830.64000005,255712445.10803223,1.0655661417637508,2.1592849513462613,-11.485870556061982,-21.764528149864038,1.8273913055724753,0.843292725899059,0.9900035129414354,-1.1532849331349568,-0.7924061197420494,-0.8066098585225068,-0.6007812499999909,-0.3183203492608427,20.31250000000038,-0.6450723427367189,26.38580931263858,18.625277161862527,6.873614190687362,74.05764966740577,12.161862527716186,44.21286031042128,11.21951219512195,78.49223946784923,27.0509977827051,24.6798087583149,71.13747228381374,True,-0.22271811802767605,False,False,False,False,False,False,NORMAL,0.833,NORMAL,RISK_ON,0.15,0.9,0.91,Consumer Non-Durables,37.3,36.2,36.2,36.2,0.0,80.9,REJECTED,NORMAL,0.833,0.17,0.2125,0.17,0.1275,0.17,37.7,False,False,NORMAL GİRİŞ,⭐,İşlem Açma,0.0,13.0,12.0,-0.13861084651358005,0.0,0.21731553295660233,-0.8512872043160149,-1.3980226949062147,3.02967721576336,42.76018099547511,0.15,False,"Retail Trade · NKE, TJX, SBUX",
2026-09-29,MTB,220.44,221.14,215.72,217.5,807347.0,-1.3336973366200655,175597972.5,197874575.69592285,0.7343657334133784,4.556429312569754,-8.34000589995364,-8.617284988025709,1.286117008542888,0.448152220243544,-0.6552297990946905,0.7724369369155624,1.3447734095007526,-0.6272702106097328,-0.4328413284132835,-0.11324113599028132,32.84132841328423,-1.1109792185923895,13.747228381374724,33.92461197339246,32.37250554323725,22.61640798226164,33.0709534368071,67.32815964523282,39.068736141906875,24.212860310421284,13.52549889135255,23.801871200530197,43.76053215077606,True,-0.22271811802767605,False,False,False,False,False,False,NORMAL,0.833,NORMAL,RISK_ON,0.15,0.9,0.91,Finance,36.2,36.2,36.2,36.2,0.0,80.9,REJECTED,NORMAL,0.833,0.17,0.2125,0.17,0.1275,0.17,39.5,False,False,NORMAL GİRİŞ,⭐,İşlem Açma,0.0,2.0,31.0,-0.11193454029395906,0.0,-0.6972418013568848,-2.61135578253694,-0.4399572516206596,0.4433102004908762,43.60294117647059,0.15,False,"Finance · JPM, BAC, GS",
2026-09-29,F,12.38,12.4,12.228,12.3,34784518.0,-0.6462044725476179,427849571.40000004,622761062.0891571,0.7070667816906905,0.37800019618443087,-11.38328530259366,-11.51079136690647,2.1214242258054847,0.6021690650201345,-1.0271223029148226,-1.7543658260165356,-0.5705538796966704,-0.3414627660192184,-0.29883720930232055,-0.25090184614946087,41.86046511627948,-0.4234863545199419,33.25942350332594,19.51219512195122,25.055432372505543,18.181818181818183,22.5609756097561,21.829268292682926,24.16851441241685,15.609756097560977,70.95343680709534,29.402232764399564,51.108647450110865,True,-0.22271811802767605,False,False,False,False,False,False,NORMAL,0.833,NORMAL,RISK_ON,0.15,0.9,0.91,Consumer Durables,35.9,35.9,35.9,35.9,0.0,80.9,REJECTED,NORMAL,0.833,0.17,0.2125,0.17,0.1275,0.17,31.1,False,False,NORMAL GİRİŞ,⭐,İşlem Açma,0.0,5.0,47.0,-0.09611548836367505,0.06382978723404255,0.3392823562719416,1.8889759365361414,-4.933637150377046,0.4379665418351335,69.04977375565612,0.15,False,"HD, DE, F",
2026-09-29,BKR,56.66,56.85,55.89,55.92,5486478.0,-2.100838505469438,306803849.76,451002136.6859436,0.6385989293982491,1.7849998038155692,-10.398974523313564,0.756756756756749,1.942911097856501,0.5840274979319715,-0.9595685686706725,-0.7421843775321818,1.7154431113804276,-1.4462045416960911,-0.862499999999996,-0.0165898684283126,3.125000000000116,-1.8781203874417618,4.878048780487805,22.838137472283815,60.532150776053214,9.534368070953436,43.56984478935699,42.78270509977827,42.79379157427937,10.953436807095343,58.758314855875824,21.177245011086487,47.882483370288256,True,-0.22271811802767605,False,False,False,False,False,False,NORMAL,0.833,NORMAL,RISK_ON,0.15,0.9,0.91,Industrial Services,35.5,35.5,35.5,35.5,0.0,80.9,REJECTED,NORMAL,0.833,0.17,0.2125,0.17,0.1275,0.17,39.6,False,False,NORMAL GİRİŞ,⭐,İşlem Açma,0.0,15.0,27.0,-0.13266678729271986,0.0,-0.8276815529380088,-3.09583284340259,0.0,4.003606674581006,41.00113122171946,0.15,False,"Energy Minerals · XOM, CVX, VLO",
2026-09-29,DRI,197.51,198.43,194.69,195.11,1256718.0,-0.9694468739425921,245198248.98000002,264737710.8945923,0.9606687204262443,5.512142333984376,-9.516301071279498,-5.29100529100528,1.985494891603021,0.6828887170531683,0.19397177151683104,-0.8680965520886892,-0.5438612605751633,-1.121408667668458,-0.7152406417112221,-0.30642362572957965,11.22994652406457,-0.746728755914916,22.394678492239468,27.0509977827051,44.345898004434595,61.19733924611973,36.563192904656326,45.354767184035474,8.425720620842572,61.90687361419069,27.716186252771617,28.471109951741273,67.1951219512195,True,-0.22271811802767605,False,False,False,False,False,False,NORMAL,0.833,NORMAL,RISK_ON,0.15,0.9,0.91,Consumer Services,35.5,35.1,35.1,35.1,0.0,80.9,REJECTED,NORMAL,0.833,0.17,0.2125,0.17,0.1275,0.17,34.1,False,False,NORMAL GİRİŞ,⭐,İşlem Açma,0.0,13.0,12.0,-0.13861084651358005,0.0,0.21731553295660233,-0.8512872043160149,-7.335495999093317,8.967150519950462,47.036199095022624,0.15,False,"Retail Trade · NKE, TJX, SBUX",
2026-09-29,LVS,38.83,38.83,38.15,38.32,5309262.0,-1.1861753320695057,203450919.84,203000161.86625856,0.9154815481548155,0.9335711124965123,-14.920071047957373,-17.03831998268023,1.04058497911119,0.4260844385640599,0.23684200612676445,-0.7180044437073406,0.13167862465087157,-1.0279703484642841,-0.6124999999999959,-0.25166447268056596,25.00000000000026,-0.9634572140418296,17.738359201773836,9.312638580931264,11.973392461197339,54.32372505543237,10.776053215077606,54.966740576496676,13.924611973392462,58.40354767184036,14.855875831485587,20.1807095343681,45.23059866962306,True,-0.22271811802767605,False,False,False,False,False,False,NORMAL,0.833,NORMAL,RISK_ON,0.15,0.9,0.91,Consumer Services,35.1,35.1,35.1,35.1,0.0,80.9,REJECTED,NORMAL,0.833,0.17,0.2125,0.17,0.1275,0.17,35.3,False,False,NORMAL GİRİŞ,⭐,İşlem Açma,0.0,10.0,3.0,,,,,,,50.0,0.15,False,"Consumer Services · LVS, WYNN, MGM",
2026-09-29,LDOS,121.77,125.0,121.66,123.1,1102509.0,0.6129967594871166,135718857.9,143895840.79971313,0.8413690737384336,3.492141985212054,-12.48400398123134,19.5493833155288,1.817411191650896,0.6161241947006846,-0.6419498088360815,0.16605254871392555,-0.695894185283133,0.14098203918985092,0.10344311377245345,-0.2874152127808646,43.11377245508971,0.8357148775147927,77.8270509977827,14.19068736141907,89.80044345898004,39.467849223946786,55.77605321507761,48.25942350332595,27.405764966740577,34.58980044345898,3.7694013303769403,65.06858345393469,65.68292682926828,True,-0.22271811802767605,False,False,True,False,False,False,NORMAL,0.833,NORMAL,RISK_ON,0.15,0.9,0.91,Technology Services,35.1,35.0,35.0,35.0,0.0,80.9,REJECTED,NORMAL,0.833,0.17,0.2125,0.17,0.1275,0.17,30.4,False,False,NORMAL GİRİŞ,⭐,İşlem Açma,0.0,1.0,13.0,-0.16992272122615265,0.0,0.37715172055692303,-3.842508601358297,0.9650659353583446,-0.2463404290381055,24.394796380090497,0.15,False,"Electronic Technology · BA, GE, HWM",
2026-09-29,LYV,171.42,172.4275,170.26,171.09,1508601.0,-0.46541357408173,258106545.09,317629075.2845764,0.752900105803206,3.7876775251116084,-5.813377374071016,-6.564360220632414,1.0507161315996156,0.5532815414871323,-0.6297193810812225,-1.3051888297893244,-0.7031759612849792,-0.18168055516811157,-0.1972895040369022,-0.22402290949419296,38.29296424452159,-0.24269545605405396,42.350332594235034,48.33702882483371,39.467849223946786,25.72062084257206,43.45898004434591,26.175166297117514,29.135254988913523,26.607538802660752,40.35476718403548,38.638609063033094,43.208425720620845,True,-0.22271811802767605,False,False,False,False,False,False,NORMAL,0.833,NORMAL,RISK_ON,0.15,0.9,0.91,Consumer Services,34.4,34.4,34.4,34.4,0.0,80.9,REJECTED,NORMAL,0.833,0.17,0.2125,0.17,0.1275,0.17,30.0,False,False,NORMAL GİRİŞ,⭐,İşlem Açma,0.0,12.0,2.0,,,,,,,50.0,0.15,False,"Consumer Services · LYV, TKO",
2026-09-29,RJF,161.04,161.76,158.67,159.85,898260.0,-0.8128590421578541,143586861.0,198995484.0637207,0.6486334260028161,3.9428550066266745,-10.877564674397867,5.143721633888054,1.4890049766215905,0.5515063603491138,-0.7397955649343124,-0.344383557435899,0.03418335167599254,-0.46642442617014307,-0.3032362459546901,-0.059652566546004766,38.187702265372344,-0.590140924130178,28.60310421286031,21.06430155210643,70.95343680709534,10.643015521064301,48.50332594235034,45.288248337028826,48.51441241685144,14.98891352549889,13.747228381374724,38.09925803141528,50.78492239467849,True,-0.22271811802767605,False,False,False,True,False,False,NORMAL,0.833,NORMAL,RISK_ON,0.15,0.9,0.91,Finance,34.3,34.3,34.3,34.3,0.0,80.9,REJECTED,NORMAL,0.833,0.17,0.2125,0.17,0.1275,0.17,33.9,False,False,NORMAL GİRİŞ,⭐,İşlem Açma,0.0,2.0,31.0,-0.11193454029395906,0.0,-0.6972418013568848,-2.61135578253694,2.498360643046049,-2.4950076941758326,36.4762443438914,0.15,True,"Finance · JPM, BAC, GS",
2026-09-29,ULTA,553.51,557.959,546.545,547.89,434830.0,-0.22581262575100958,238239008.7,281831812.5732422,0.7573588323405441,14.957419154575891,5.872463768115943,21.488757816311143,1.6137932348058048,0.7846277095935837,-0.8376439043236548,-0.6545631980674775,-1.2473755173412961,-1.2688377982168533,-0.6419484843175025,-0.08227329539286314,11.783774312248369,-0.0030945077233335283,49.667405764966745,87.58314855875831,91.7960088691796,26.38580931263858,89.90022172949003,20.254988913525498,35.34368070953437,22.749445676274945,31.9290465631929,52.461082531003115,61.19068736141907,True,-0.22271811802767605,False,False,False,False,False,False,NORMAL,0.833,NORMAL,RISK_ON,0.15,0.9,0.91,Retail Trade,33.6,33.6,33.6,33.6,0.0,80.9,REJECTED,NORMAL,0.833,0.17,0.2125,0.17,0.1275,0.17,27.6,False,False,NORMAL GİRİŞ,⭐,İşlem Açma,0.0,13.0,12.0,-0.13861084651358005,0.0,0.21731553295660233,-0.8512872043160149,0.21731553295660233,1.414338987900543,38.64253393665158,0.15,False,"Retail Trade · NKE, TJX, SBUX",
2026-09-29,ICE,153.01,154.81,151.55,152.19,1913320.0,-0.47086759849956916,291188170.8,455228063.0477905,0.6030278723736193,3.4500017002650663,-6.246534836444284,23.621151815449593,1.5638269811733556,0.5468306266884665,-1.7430937284422012,0.13942699792100474,-0.3193771106869692,-1.0824950037816778,-0.4472392638036844,-0.12455632954589196,19.631901840490436,-0.2481494804718931,41.90687361419069,46.56319290465632,92.46119733924611,6.430155210643015,71.80709534368071,43.359201773835906,31.61862527716186,4.5676274944567625,59.42350332594235,45.67605049447033,43.39911308203991,True,-0.22271811802767605,False,False,False,False,False,False,NORMAL,0.833,NORMAL,RISK_ON,0.15,0.9,0.91,Finance,33.5,33.5,33.5,33.5,0.0,80.9,REJECTED,NORMAL,0.833,0.17,0.2125,0.17,0.1275,0.17,35.3,False,False,NORMAL GİRİŞ,⭐,İşlem Açma,0.0,11.0,54.0,-0.1644316755552538,0.0,-1.5237123163531487,-6.819868411692198,2.55235373707699,-2.9326179451720336,21.742081447963802,0.15,False,"Technology Services · CRM, NFLX, NOW",
2026-09-29,BKNG,163.675,164.18,161.0,162.34,5926808.0,-0.9336639792375423,962158010.72,1427385755.411377,0.67501432188304,5.881429922921318,-21.052375626124586,-8.9205565529623,2.4423767419901368,0.8447778662363212,-0.10652021393870242,-1.5454226107529525,-0.4344915382201778,-0.4085007140973328,-0.27539308176100685,-0.28006619846596087,42.13836477987423,-0.7109458612098662,23.28159645232816,3.1042128603104215,31.263858093126384,14.634146341463413,18.592017738359203,31.263858093126387,20.532150776053214,27.849223946784925,89.13525498891353,24.755965081091638,57.556541019955645,True,-0.22271811802767605,False,False,False,False,False,False,NORMAL,0.833,NORMAL,RISK_ON,0.15,0.9,0.91,Consumer Services,33.4,33.4,33.4,33.4,0.0,80.9,REJECTED,NORMAL,0.833,0.17,0.2125,0.17,0.1275,0.17,38.9,False,False,NORMAL GİRİŞ,⭐,İşlem Açma,0.0,11.0,54.0,-0.1644316755552538,0.0,-1.5237123163531487,-6.819868411692198,1.8914240021966457,-2.271688210291689,22.669683257918553,0.15,False,"Technology Services · CRM, NFLX, NOW",
2026-09-29,CHTR,110.41,113.78,109.96,110.67,2888980.0,-0.6552975905564251,319723416.6,353067268.38861084,0.9298174468304238,5.769283861432757,-27.958599140736883,-22.178468462133473,3.9068132550164565,0.8771738717599609,0.23293542545236356,-1.0409268520156452,-1.089465975291584,-0.38495215865756277,-0.314921465968584,-0.3844122563792633,18.586387434555146,-0.43257947252874906,32.8159645232816,0.8869179600886918,6.208425720620843,56.54101995565411,3.8137472283813754,32.66075388026608,14.988913525498893,59.64523281596453,45.8980044345898,25.091454707978798,73.33259423503326,True,-0.22271811802767605,False,False,False,False,False,False,NORMAL,0.833,NORMAL,RISK_ON,0.15,0.9,0.91,Consumer Services,34.9,33.4,33.4,33.4,0.0,80.9,REJECTED,NORMAL,0.833,0.17,0.2125,0.17,0.1275,0.17,35.4,False,False,NORMAL GİRİŞ,⭐,İşlem Açma,0.0,16.0,99.0,-0.17851639791542123,0.020202020202020204,0.019313729597758567,-0.5542398222371903,-4.126787046280067,5.393573829678466,39.07239819004525,0.15,False,"WMT, COST, BRK-B",
2026-09-29,CMCSA,21.745,21.8099,21.464,21.6,21446000.0,-0.8719637794597279,463233600.00000006,688030722.3243713,0.682072073003275,0.6747067613874164,-20.177383592017726,-12.016293279022406,1.94244075110689,0.4922911788245809,-0.7821100046536521,-1.697245438606991,-0.2703910338961105,-0.5057044843704056,-0.30614339404451235,-0.17817377007493804,39.317721884938614,-0.6492456614320519,26.164079822616408,4.212860310421286,23.503325942350333,15.521064301552107,14.822616407982263,27.394678492239464,30.909090909090914,17.20620842572062,72.9490022172949,25.356384161886325,40.536585365853654,True,-0.22271811802767605,False,False,False,False,False,False,NORMAL,0.833,NORMAL,RISK_ON,0.15,0.9,0.91,Consumer Services,33.3,33.3,33.3,33.3,0.0,80.9,REJECTED,NORMAL,0.833,0.17,0.2125,0.17,0.1275,0.17,35.5,False,False,NORMAL GİRİŞ,⭐,İşlem Açma,0.0,16.0,99.0,-0.17851639791542123,0.020202020202020204,0.019313729597758567,-0.5542398222371903,-2.1642445949037525,3.4310313783021518,37.14932126696833,0.15,False,"WMT, COST, BRK-B",
2026-09-29,RSG,211.3,212.585,210.86,211.92,974829.0,-0.47433086484868214,206585761.67999998,359910323.5661316,0.5771599931320714,3.2871399361746643,-4.587816847508009,-0.5443964708090943,0.8715387951289834,0.45006695716490686,-1.5455916241329406,-1.0448265089579702,-0.2528774476550072,0.8634603529782363,0.2876811594202697,-0.19215584260183255,61.44927536231752,-0.2516127468210061,41.24168514412417,55.210643015521065,57.64966740576497,4.878048780487805,56.55210643015522,26.50776053215078,46.252771618625275,4.0798226164079825,46.56319290465632,44.11942864487921,30.13968957871397,True,-0.22271811802767605,False,False,False,True,False,False,NORMAL,0.833,NORMAL,RISK_ON,0.15,0.9,0.91,Industrial Services,33.0,33.0,33.0,33.0,0.0,80.9,REJECTED,NORMAL,0.833,0.17,0.2125,0.17,0.1275,0.17,32.0,False,False,NORMAL GİRİŞ,⭐,İşlem Açma,0.0,16.0,99.0,-0.17851639791542123,0.020202020202020204,0.019313729597758567,-0.5542398222371903,0.5768004568182938,0.6899863265801054,30.475113122171948,0.15,True,"WMT, COST, BRK-B",
2026-09-29,SBAC,162.56,163.6,160.55,162.81,828114.0,-0.37936284866096903,134825240.34,156410789.48745728,0.8522584828182408,4.8964285714285705,-14.736842105263149,-7.735464127847669,1.4659113257077936,0.4099191076983688,-0.24684239658609072,-0.9581854099876832,-0.9485786968479042,0.7967186066196541,0.3019672131147556,-0.32320912027502646,74.09836065573782,-0.15664473063329298,45.01108647450111,9.75609756097561,35.92017738359202,41.68514412416852,24.146341463414636,29.922394678492243,32.328159645232816,41.68514412416852,5.321507760532151,42.868816109919685,48.478935698447884,True,-0.22271811802767605,False,False,False,False,False,False,NORMAL,0.833,NORMAL,RISK_ON,0.15,0.9,0.91,Finance,33.0,33.0,33.0,33.0,0.0,80.9,REJECTED,NORMAL,0.833,0.17,0.2125,0.17,0.1275,0.17,28.1,False,False,NORMAL GİRİŞ,⭐,İşlem Açma,0.0,16.0,99.0,-0.17851639791542123,0.020202020202020204,0.019313729597758567,-0.5542398222371903,-5.916939219129991,7.18372600252839,40.067873303167424,0.15,False,"WMT, COST, BRK-B",
2026-09-29,CLX,81.19,81.99,80.9653,81.6,2704364.0,0.22107815659879737,220676102.39999998,249595710.48202515,0.7283148137176221,2.5146214503696984,-20.41353750121916,-14.501257334450967,1.9285685093391975,0.6435404336536488,0.07285829492789138,-2.7463815672673357,-1.1685737490529815,0.8334124588640216,0.31139357860837014,-0.35983702095671866,61.940080023421274,0.4437962746264734,68.73614190687361,3.9911308203991127,16.851441241685144,21.286031042128602,11.064301552106432,18.968957871396896,31.042128603104217,35.65410199556541,25.72062084257206,45.99223416642195,61.26385809312638,True,-0.22271811802767605,False,False,True,False,False,False,NORMAL,0.833,NORMAL,RISK_ON,0.15,0.9,0.91,Consumer Non-Durables,32.9,32.9,32.9,32.9,0.0,80.9,REJECTED,NORMAL,0.833,0.17,0.2125,0.17,0.1275,0.17,27.3,False,False,NORMAL GİRİŞ,⭐,İşlem Açma,0.0,16.0,99.0,-0.17851639791542123,0.020202020202020204,0.019313729597758567,-0.5542398222371903,-4.875127664623846,6.141914448022245,39.59276018099548,0.15,False,"WMT, COST, BRK-B",
2026-09-29,PHM,119.29,119.65,117.78,118.5,1276607.0,-0.5288317534985043,151277929.5,176315500.1472473,0.7758335789579237,2.8749992588588174,-7.81796966161028,-13.636032359157502,1.6652157295229293,0.9291529501444152,-0.48849521390404393,-1.0757566584842913,-1.029274553592601,-0.4383813212587997,-0.3165775401069546,-0.12181790762564494,38.502673796791285,-0.30611363547082826,36.58536585365854,37.472283813747225,18.181818181818183,28.159645232815965,26.862527716186257,22.38359201773836,40.931263858093125,29.57871396895787,9.090909090909092,32.63629842180773,70.13968957871397,True,-0.22271811802767605,False,False,False,False,False,False,NORMAL,0.833,NORMAL,RISK_ON,0.15,0.9,0.91,Consumer Durables,33.9,32.9,32.9,32.9,0.0,80.9,REJECTED,NORMAL,0.833,0.17,0.2125,0.17,0.1275,0.17,26.7,False,False,NORMAL GİRİŞ,⭐,İşlem Açma,0.0,5.0,47.0,-0.09611548836367505,0.06382978723404255,0.3392823562719416,1.8889759365361414,-1.925955361601206,-2.5697152469407065,64.16289592760181,0.15,False,"HD, DE, F",
2026-09-29,CPRT,27.12,27.255,26.74,27.14,8811038.0,-0.2938990278197551,239131571.32,249540279.45861816,0.8471215202165145,0.9667854745047434,-17.732646256441353,-3.7247250798155385,2.438527045256657,1.0442242233393395,-0.45870338584193227,-0.968999859628431,-0.9286416696640981,0.6946169619468209,0.321844660194178,-0.2930696459940947,77.6699029126217,-0.07118090979207903,47.893569844789354,6.208425720620843,48.33702882483371,40.35476718403548,29.37915742793792,28.11529933481153,33.83592017738359,37.33924611973393,25.49889135254989,46.92663552407813,75.13968957871397,True,-0.22271811802767605,False,False,False,False,False,False,NORMAL,0.833,NORMAL,RISK_ON,0.15,0.9,0.91,Retail Trade,34.7,32.8,32.8,32.8,0.0,80.9,REJECTED,NORMAL,0.833,0.17,0.2125,0.17,0.1275,0.17,31.2,False,False,NORMAL GİRİŞ,⭐,İşlem Açma,0.0,11.0,54.0,-0.1644316755552538,0.0,-1.5237123163531487,-6.819868411692198,-2.7276559070771693,2.347391698982126,34.11764705882353,0.15,False,"Technology Services · CRM, NFLX, NOW",
2026-09-29,FICO,668.08,685.0,595.19,617.87,4914266.0,-26.521900696095024,3036377533.42,342742977.57873535,10.97853337056688,48.7771346609933,-46.43844295867983,-48.28587689783893,7.024877123947472,2.644581006811225,5.424187393007718,4.034946690640921,0.4301066412623072,-0.9662381976959069,-0.5237946776528235,-0.21732796559869275,25.253312548713915,-26.29918257806735,0.22172949002217296,0.22172949002217296,0.22172949002217296,100.0,0.22172949002217296,96.529933481153,19.290465631929045,100.0,44.12416851441242,14.609588461079817,84.95565410199556,True,-0.22271811802767605,True,False,False,False,False,False,NORMAL,0.833,NORMAL,RISK_ON,0.15,0.9,0.91,Commercial Services,51.3,32.7,32.7,32.7,0.0,80.9,REJECTED,NORMAL,0.833,0.17,0.2125,0.17,0.1275,0.17,63.6,False,False,NORMAL GİRİŞ,⭐,İşlem Açma,0.0,11.0,54.0,-0.1644316755552538,0.0,-1.5237123163531487,-6.819868411692198,-29.3985944209523,29.018330212857258,37.94117647058823,0.15,False,"Technology Services · CRM, NFLX, NOW",
2026-09-29,WELL,232.58,234.135,231.08,232.9,1898564.0,-0.025758375745965623,442175555.6,536526402.54974365,0.6816224832696671,4.925355616978235,-2.1716301928004333,2.6126800898797153,1.0726897340943866,0.6383872385291955,-1.13722556585031,-1.1857941938035823,-1.334373351909296,0.4154070388323709,0.15245499181669547,-0.24911457299925943,59.57446808510658,0.19695974228171043,57.64966740576497,68.95787139689578,66.07538802660754,15.299334811529933,67.37250554323725,9.811529933481154,33.614190687361415,12.638580931263858,66.96230598669624,53.439708449308895,40.494456762749444,True,-0.22271811802767605,False,False,False,False,False,False,NORMAL,0.833,NORMAL,RISK_ON,0.15,0.9,0.91,Finance,32.4,32.4,32.4,32.4,0.0,80.9,REJECTED,NORMAL,0.833,0.17,0.2125,0.17,0.1275,0.17,28.9,False,False,NORMAL GİRİŞ,⭐,İşlem Açma,0.0,16.0,99.0,-0.17851639791542123,0.020202020202020204,0.019313729597758567,-0.5542398222371903,2.5826617149461883,-1.3158749315477891,25.58823529411765,0.15,False,"WMT, COST, BRK-B",
2026-09-29,CME,263.52,266.94,262.784,263.22,1433483.0,-0.007593920041237823,377321395.26000005,457789387.6168213,0.7752936117969339,5.950425955636161,-7.900629811056681,19.195761445455783,1.4015481088133863,0.5254055413908199,-1.0748823104173255,-0.8792029591873327,-1.4251897155311037,-1.1891685379063148,-0.4670837343599473,-0.1693281048835423,10.490856592878606,0.21512419798643823,58.536585365853654,37.028824833702885,88.91352549889136,27.93791574279379,65.56541019955655,14.523281596452328,23.237250554323726,20.753880266075388,59.64523281596452,52.40163554842311,41.19512195121951,True,-0.22271811802767605,False,False,False,False,False,False,NORMAL,0.833,NORMAL,RISK_ON,0.15,0.9,0.91,Finance,32.3,32.3,32.3,32.3,0.0,80.9,REJECTED,NORMAL,0.833,0.17,0.2125,0.17,0.1275,0.17,27.4,False,False,NORMAL GİRİŞ,⭐,İşlem Açma,0.0,16.0,99.0,-0.17851639791542123,0.020202020202020204,0.019313729597758567,-0.5542398222371903,0.0,1.2667867833983992,32.29638009049774,0.15,False,"WMT, COST, BRK-B",
2026-09-29,CASY,606.24,607.54,595.825,599.9,441819.0,-1.0457888520227665,265047218.1,385750461.7919922,0.5670525572739524,18.92107090541294,-20.592478854223206,-24.52094263893607,3.674256060589248,1.0931892355458168,0.15333332513394818,-1.4048324430560573,-0.3747917686049383,-0.5422615695584,-0.4109048228766605,-0.09563050638940351,34.78446436192881,-0.8230707339950905,20.620842572062084,3.5476718403547673,5.321507760532151,3.9911308203991127,4.523281596452328,33.98004434589801,43.19290465631929,26.784922394678492,49.2239467849224,18.726783465017714,71.39467849223948,True,-0.22271811802767605,False,False,False,False,False,False,NORMAL,0.833,NORMAL,RISK_ON,0.15,0.9,0.91,Retail Trade,32.5,31.4,31.4,31.4,0.0,80.9,REJECTED,NORMAL,0.833,0.17,0.2125,0.17,0.1275,0.17,38.4,False,False,NORMAL GİRİŞ,⭐,İşlem Açma,0.0,16.0,99.0,-0.17851639791542123,0.020202020202020204,0.019313729597758567,-0.5542398222371903,4.070018636707284,-2.803231853308885,23.755656108597286,0.15,False,"WMT, COST, BRK-B",
2026-09-29,OMC,74.72,75.38,73.84,74.14,2518777.0,-1.2782936000350298,186742126.78,204296222.51319885,0.7457717600172914,1.9035698372977115,-16.017217942908925,1.798709323081149,2.04497749410187,0.6745448046346308,-0.1429862145594466,-0.4186274074968641,-0.13233996155078281,-0.8462313975744266,-0.5051948051948065,-0.12922162866221945,19.480519480519394,-1.0555754820073537,16.186252771618626,8.2039911308204,63.8580931263858,25.055432372505543,38.81374722838138,49.07982261640798,33.25942350332594,33.12638580931264,15.521064301552107,28.523439974659482,65.33259423503327,True,-0.22271811802767605,False,False,False,False,False,False,NORMAL,0.833,NORMAL,RISK_ON,0.15,0.9,0.91,Commercial Services,31.4,31.4,31.4,31.4,0.0,80.9,REJECTED,NORMAL,0.833,0.17,0.2125,0.17,0.1275,0.17,34.4,False,False,NORMAL GİRİŞ,⭐,İşlem Açma,0.0,11.0,54.0,-0.1644316755552538,0.0,-1.5237123163531487,-6.819868411692198,1.4434558687099033,-1.8237200768049466,23.687782805429865,0.15,False,"Technology Services · CRM, NFLX, NOW",
2026-09-29,ROL,30.4,30.9757,30.07,30.5,12165207.0,-0.29421429270661825,371038813.5,206081760.43441772,1.7370653305365606,0.951836264692034,-16.162726772952173,-26.928605654048877,1.9845165982806798,0.672603063173462,2.0460064261289777,0.1887967811078123,-1.1953125707615069,0.38916283648535466,0.021933311250966776,-0.33331676706996416,47.477089543999114,-0.0714961746789422,47.671840354767184,7.760532150776053,3.7694013303769403,95.78713968957871,5.565410199556541,61.352549889135254,26.873614190687366,95.96452328159646,15.96452328159645,39.58806372158394,65.85587583148559,True,-0.22271811802767605,True,False,False,False,False,False,NORMAL,0.833,NORMAL,RISK_ON,0.15,0.9,0.91,Commercial Services,46.6,31.4,31.4,31.4,0.0,80.9,REJECTED,NORMAL,0.833,0.17,0.2125,0.17,0.1275,0.17,48.9,False,False,NORMAL GİRİŞ,⭐,İşlem Açma,0.0,11.0,54.0,-0.1644316755552538,0.0,-1.5237123163531487,-6.819868411692198,-4.1457554139116946,3.765491205816651,35.70135746606335,0.15,False,"Technology Services · CRM, NFLX, NOW",
2026-09-29,BR,161.35,162.62,159.9277,160.95,907952.0,-1.2091813105119642,146134874.39999998,149463383.80355835,0.8431202670641056,3.773020338657925,-12.355695926813326,17.524644030668135,1.5489665747473944,0.6512686470683231,-0.4802644252025363,-0.40114411702926406,-0.09736206692861134,-0.3811931158553673,-0.19917356906734285,-0.21602286307927768,37.971251346432226,-0.9864631924842882,17.516629711751662,14.855875831485587,87.58314855875831,39.689578713968956,54.85587583148559,49.512195121951216,28.2039911308204,36.674057649667404,4.434589800443459,37.092025356372716,63.3170731707317,True,-0.22271811802767605,False,False,False,False,False,False,NORMAL,0.833,NORMAL,RISK_ON,0.15,0.9,0.91,Technology Services,31.0,31.0,31.0,31.0,0.0,80.9,REJECTED,NORMAL,0.833,0.17,0.2125,0.17,0.1275,0.17,31.5,False,False,NORMAL GİRİŞ,⭐,İşlem Açma,0.0,11.0,54.0,-0.1644316755552538,0.0,-1.5237123163531487,-6.819868411692198,1.7664450491356956,-2.146709257230739,22.963800904977376,0.15,False,"Technology Services · CRM, NFLX, NOW",
2026-09-29,NVR,6251.51,6285.42,6193.17,6234.63,25888.0,-0.5306432626172586,161402101.44,231795059.99789065,0.6170420688833274,133.46358816964286,-2.5270978242006747,-8.494582858698784,1.3859455797052889,0.5536447872747695,-0.7639215831760531,-0.8466260004706232,-0.6554197746144172,-0.0915172020609753,-0.13796747967479683,-0.2476942278720572,44.943089430894354,-0.30792514458958253,36.36363636363637,66.74057649667405,32.8159645232816,7.760532150776053,48.08203991130821,27.37250554323725,27.53880266075388,12.904656319290465,21.507760532150776,34.11847745750186,51.909090909090914,True,-0.22271811802767605,False,False,False,False,False,False,NORMAL,0.833,NORMAL,RISK_ON,0.15,0.9,0.91,Consumer Durables,30.5,30.5,30.5,30.5,0.0,80.9,REJECTED,NORMAL,0.833,0.17,0.2125,0.17,0.1275,0.17,23.4,False,False,NORMAL GİRİŞ,⭐,İşlem Açma,0.0,5.0,47.0,-0.09611548836367505,0.06382978723404255,0.3392823562719416,1.8889759365361414,-0.4719959169184551,-4.023674691623457,61.651583710407245,0.15,False,"HD, DE, F",
2026-09-29,ROP,348.64,352.25,347.445,349.45,609208.0,-1.2853107344632853,212887735.6,268217102.1496582,0.7108569961668835,9.141787370954242,-18.007977475363678,3.2684180974615007,1.3487452779580928,0.916517762328265,-0.738289716794059,-0.678728972073653,0.2363188039182748,0.10992639044294242,-0.015140478668055707,-0.25899052045889953,41.72736732570224,-1.0625926164356092,15.74279379157428,5.764966740576496,67.1840354767184,18.8470066518847,39.54545454545455,42.6940133037694,28.78048780487805,20.08869179600887,28.159645232815965,30.05189416050814,62.935698447893564,True,-0.22271811802767605,False,False,False,False,False,False,NORMAL,0.833,NORMAL,RISK_ON,0.15,0.9,0.91,Technology Services,30.0,30.0,30.0,30.0,0.0,80.9,REJECTED,NORMAL,0.833,0.17,0.2125,0.17,0.1275,0.17,31.1,False,False,NORMAL GİRİŞ,⭐,İşlem Açma,0.0,11.0,54.0,-0.1644316755552538,0.0,-1.5237123163531487,-6.819868411692198,-0.9214459917009807,0.5411817836059374,30.04524886877828,0.15,False,"Technology Services · CRM, NFLX, NOW",
2026-09-29,NSC,311.24,313.66,311.17,313.0,489688.0,-0.015967990710097357,153272344.0,284666879.8553467,0.4351409110902782,4.639287283761162,-10.23287828381324,-0.5054197526939697,0.9741880862580314,0.34531374622774835,-2.017041832525369,-1.236917049819503,-1.26554730283098,1.4093101113045585,0.5765060240963729,-0.34985166960103753,73.49397590361355,0.2067501273175787,57.87139689578714,23.725055432372503,58.09312638580931,0.4434589800443459,42.62749445676275,6.241685144124167,38.09312638580932,0.6208425720620843,33.25942350332594,50.22190313359861,32.2039911308204,True,-0.22271811802767605,False,False,False,False,False,False,NORMAL,0.833,NORMAL,RISK_ON,0.15,0.9,0.91,Transportation,29.4,29.4,29.4,29.4,0.0,80.9,REJECTED,NORMAL,0.833,0.17,0.2125,0.17,0.1275,0.17,20.1,False,False,NORMAL GİRİŞ,⭐,İşlem Açma,0.0,4.0,10.0,-0.11283149649648719,0.1,1.3059074668034854,-3.863498233483014,-0.11186063532901414,0.22372127065802827,48.981900452488695,0.15,False,"Transportation · UNP, FDX, CSX",
2026-09-29,VTR,86.43,87.2,86.09,86.91,2378302.0,-0.14935766792272265,206698226.82,268676141.98379517,0.6124703525248961,1.5271404375348772,-5.3371092473586845,-2.1283783783783816,0.7198427527844606,0.5107663343832747,-0.8009475360721919,-0.5768814776158708,-0.9370111528351002,0.8954093931214177,0.4572072072071968,-0.34772708990288853,73.8738738738733,0.0733604501049534,52.993348115299334,51.66297117516629,52.77161862527716,7.317073170731707,52.27272727272727,24.878048780487806,32.949002217294904,11.751662971175165,28.60310421286031,48.40401709913898,39.50776053215078,True,-0.22271811802767605,False,False,False,False,False,False,NORMAL,0.833,NORMAL,RISK_ON,0.15,0.9,0.91,Finance,29.3,29.3,29.3,29.3,0.0,80.9,REJECTED,NORMAL,0.833,0.17,0.2125,0.17,0.1275,0.17,25.4,False,False,NORMAL GİRİŞ,⭐,İşlem Açma,0.0,16.0,99.0,-0.17851639791542123,0.020202020202020204,0.019313729597758567,-0.5542398222371903,1.5507676322920494,-0.28398084889365016,27.828054298642535,0.15,False,"WMT, COST, BRK-B",
2026-09-29,AXON,424.76,427.7575,415.37,419.58,965846.0,-1.2171865803413784,405249664.68,417901282.34000003,0.8796611944716409,21.236961582728792,-30.154978109966212,-25.156525927115116,3.854671441368736,0.9881200209455588,0.28211817217393054,-0.8978075865171125,-0.9213530564657737,-0.5348848860246989,-0.3643289606458142,-0.1739833277030355,33.985872855701174,-0.9944684623137023,17.073170731707318,0.6651884700665188,4.878048780487805,46.34146341463415,2.9822616407982263,36.80709534368071,31.13082039911308,54.67849223946785,52.77161862527716,19.85867597736613,70.56984478935698,True,-0.22271811802767605,True,False,False,False,False,False,NORMAL,0.833,NORMAL,RISK_ON,0.15,0.9,0.91,Electronic Technology,45.0,29.0,29.0,29.0,0.0,80.9,REJECTED,NORMAL,0.833,0.17,0.2125,0.17,0.1275,0.17,41.9,False,False,NORMAL GİRİŞ,⭐,İşlem Açma,0.0,3.0,96.0,0.02554887949189778,0.03125,0.8583284322582763,8.254331631412981,-7.997731949726244,5.816566153518487,84.90950226244344,0.15,False,"Electronic Technology · MU, NVDA, SNDK",
2026-09-29,STZ,112.58,113.55,111.54,112.77,1578507.0,-0.13283578761743575,178008234.39,252917688.78173828,0.6523564904740257,2.745000414167131,-13.711837171933583,-18.922999496728742,1.587224625764019,0.562733915913512,-0.5836458192878647,-0.32434089861740106,-1.0859060986657296,0.48251662598150735,0.1656716417910419,-0.378756102415264,61.194029850746034,0.0898823304102403,53.43680709534369,11.529933481152993,8.869179600886918,11.086474501108649,10.066518847006652,29.57871396895787,26.16407982261641,18.35920177383592,26.607538802660752,36.228050435185466,54.257206208425714,True,-0.22271811802767605,False,False,False,False,False,False,NORMAL,0.833,NORMAL,RISK_ON,0.15,0.9,0.91,Consumer Non-Durables,28.9,28.9,28.9,28.9,0.0,80.9,REJECTED,NORMAL,0.833,0.17,0.2125,0.17,0.1275,0.17,25.7,False,False,NORMAL GİRİŞ,⭐,İşlem Açma,0.0,16.0,99.0,-0.17851639791542123,0.020202020202020204,0.019313729597758567,-0.5542398222371903,-2.605780583079553,3.872567366477952,37.76018099547511,0.15,False,"WMT, COST, BRK-B",
2026-09-29,YUM,137.63,138.57,137.03,137.73,1621046.0,-0.39774282915254755,223266665.57999998,309943816.6595459,0.7045299862227226,3.6857162911551336,-10.483556479916823,-13.843362942574766,1.7580006697382848,0.5486454155296033,-1.3854447194066961,-1.9409049110447045,-0.7448751174653733,0.29319695796823747,-0.020779220779227826,-0.20391917817429397,45.454545454544956,-0.1750247111248715,43.45898004434589,22.394678492239468,17.96008869179601,17.96008869179601,19.955654101995567,16.906873614190687,38.44789356984479,12.46119733924612,38.58093126385809,34.432372505543185,49.971175166297115,True,-0.22271811802767605,False,False,False,False,False,False,NORMAL,0.833,NORMAL,RISK_ON,0.15,0.9,0.91,Consumer Services,28.7,28.7,28.7,28.7,0.0,80.9,REJECTED,NORMAL,0.833,0.17,0.2125,0.17,0.1275,0.17,26.8,False,False,NORMAL GİRİŞ,⭐,İşlem Açma,0.0,16.0,99.0,-0.17851639791542123,0.020202020202020204,0.019313729597758567,-0.5542398222371903,0.07597831482922812,1.190808468569171,31.945701357466064,0.15,False,"WMT, COST, BRK-B",
2026-09-29,PSKY,10.2,10.31,9.89,9.99,19006372.0,-2.8210091488725553,189873656.28,155159121.33750916,0.8433052695564592,0.5485713768005371,-8.18014705882354,1.3184584178498993,2.8251052697959205,0.9905873331171634,0.8083089160810775,-0.727725650861675,-0.2924375510453746,-1.0082174362937082,-0.513095238095238,-0.34777492623647477,23.80952380952373,-2.5982910308448792,1.9955654101995564,35.033259423503324,61.86252771618626,39.91130820399113,49.78935698447894,51.08647450110865,7.45011086474501,57.11751662971176,4.878048780487805,22.27341357829162,85.67184035476718,True,-0.22271811802767605,False,False,False,False,False,False,NORMAL,0.833,NORMAL,RISK_ON,0.15,0.9,0.91,Consumer Services,31.9,28.2,28.2,28.2,0.0,80.9,REJECTED,NORMAL,0.833,0.17,0.2125,0.17,0.1275,0.17,30.0,False,False,NORMAL GİRİŞ,⭐,İşlem Açma,0.0,7.0,2.0,,,,,,,50.0,0.15,False,"Consumer Services · WBD, PSKY",
2026-09-29,CSGP,26.84,27.18,26.52,26.95,5193571.0,-0.2590690472899615,139966738.45,171309461.98287964,0.6799990572973369,1.1214285005841937,-16.356300434512725,-4.8375706214689345,2.0483700435934926,0.8623785956819718,-0.5587214387299761,-1.282781264040539,-1.2229604439831279,0.5529761606457345,0.24166666666666564,-0.1852627060635717,65.1515151515151,-0.03635092926228545,48.78048780487805,7.095343680709535,45.45454545454545,15.077605321507761,28.192904656319293,15.16629711751663,43.192904656319286,20.931263858093125,8.2039911308204,43.93089430894309,71.73835920177383,True,-0.22271811802767605,False,False,False,False,False,False,NORMAL,0.833,NORMAL,RISK_ON,0.15,0.9,0.91,Technology Services,29.1,27.9,27.9,27.9,0.0,80.9,REJECTED,NORMAL,0.833,0.17,0.2125,0.17,0.1275,0.17,23.3,False,False,NORMAL GİRİŞ,⭐,İşlem Açma,0.0,11.0,54.0,-0.1644316755552538,0.0,-1.5237123163531487,-6.819868411692198,-3.289805068313239,2.9095408602181956,34.977375565610856,0.15,False,"Technology Services · CRM, NFLX, NOW",
2026-09-29,IBM,220.865,223.12,219.91,219.99,3766484.0,-0.30815161761350573,828588815.1600001,1116404343.6950684,0.6721201452206818,7.165712149483817,-6.621673245893289,-21.77020731837416,2.1196619648942474,0.9226582523667997,-1.0388731101230901,-1.466303044293141,-0.9513873531872611,-1.1516197190621391,-0.6452492211837961,-0.25528446397833465,2.4922118380066136,-0.08543349958582969,47.006651884700666,43.68070953436807,6.651884700665188,14.19068736141907,23.314855875831487,15.465631929046562,12.106430155210642,12.86031042128603,83.81374722838137,27.361194576261855,60.89356984478936,True,-0.22271811802767605,False,False,False,False,False,False,NORMAL,0.833,NORMAL,RISK_ON,0.15,0.9,0.91,Technology Services,27.6,27.6,27.6,27.6,0.0,80.9,REJECTED,NORMAL,0.833,0.17,0.2125,0.17,0.1275,0.17,27.6,False,False,NORMAL GİRİŞ,⭐,İşlem Açma,0.0,11.0,54.0,-0.1644316755552538,0.0,-1.5237123163531487,-6.819868411692198,-1.886409605546696,1.5061453974516525,32.262443438914026,0.15,False,"Technology Services · CRM, NFLX, NOW",
2026-09-29,CDW,129.28,132.0,128.77,129.71,1271381.0,-0.47571688969848536,164910829.51000002,216381808.2616577,0.7914966071095063,5.627143075125558,-12.174148554404486,-7.771615472127403,2.8481643737753526,0.6103901770532066,-0.8119034502802556,-0.9643252160071486,-0.8655368386124856,-0.2992263161002106,-0.16996904024767664,-0.24677288108297757,29.10216718266256,-0.2529987716708093,40.79822616407982,15.077605321507761,35.69844789356985,30.376940133037696,26.41906873614191,24.92239467849224,25.099778270509976,25.41019955654102,18.181818181818183,34.81376439010661,67.54101995565411,True,-0.22271811802767605,False,False,False,False,False,False,NORMAL,0.833,NORMAL,RISK_ON,0.15,0.9,0.91,Technology Services,27.8,27.3,27.3,27.3,0.0,80.9,REJECTED,NORMAL,0.833,0.17,0.2125,0.17,0.1275,0.17,23.7,False,False,NORMAL GİRİŞ,⭐,İşlem Açma,0.0,11.0,54.0,-0.1644316755552538,0.0,-1.5237123163531487,-6.819868411692198,-8.983028523002218,8.602764314907175,37.737556561085974,0.15,False,"Technology Services · CRM, NFLX, NOW",
2026-09-29,TSCO,32.02,32.23,31.445,31.51,7504399.0,-1.7461792957690458,236463612.49,280877630.49344635,0.7988268386863275,0.9560713195800778,-9.245391705069117,-0.31635558367604233,1.6915388376319778,0.4518494272223511,-0.7915448975902091,-0.6292040665245647,0.6573140415329697,-1.2722602355442034,-0.7512738853503185,-0.310343327810072,8.280254777070263,-1.5234611777413698,8.2039911308204,28.38137472283814,58.536585365853654,31.9290465631929,44.966740576496676,46.76274944567627,6.784922394678492,26.696230598669622,31.70731707317073,21.66838024489106,51.49223946784923,True,-0.22271811802767605,False,False,False,False,False,False,NORMAL,0.833,NORMAL,RISK_ON,0.15,0.9,0.91,Retail Trade,27.3,27.3,27.3,27.3,0.0,80.9,REJECTED,NORMAL,0.833,0.17,0.2125,0.17,0.1275,0.17,27.7,False,False,NORMAL GİRİŞ,⭐,İşlem Açma,0.0,16.0,99.0,-0.17851639791542123,0.020202020202020204,0.019313729597758567,-0.5542398222371903,-2.5567351050265303,3.8235218884249296,37.66968325791856,0.15,False,"WMT, COST, BRK-B",
2026-09-29,GPN,84.57,84.57,82.81,83.33,1814325.0,-1.6174698909131702,151187702.25,189702444.43702698,0.7352991835750456,2.2657141985212053,-9.246351557394894,14.842888643880926,1.7635865552309444,0.8616643822296577,-1.3468201986382515,-0.2871992039098769,0.548870992772225,-0.9242939410172324,-0.5420454545454557,-0.13088064853949533,29.545454545454476,-1.3947517728854941,8.869179600886918,28.159645232815965,85.14412416851441,23.503325942350333,59.50110864745011,48.325942350332596,32.01773835920177,15.875831485587582,11.973392461197339,31.219512195121943,70.60310421286032,True,-0.22271811802767605,False,False,False,False,False,False,NORMAL,0.833,NORMAL,RISK_ON,0.15,0.9,0.91,Finance,28.2,27.1,27.1,27.1,0.0,80.9,REJECTED,NORMAL,0.833,0.17,0.2125,0.17,0.1275,0.17,29.7,False,False,NORMAL GİRİŞ,⭐,İşlem Açma,0.0,11.0,54.0,-0.1644316755552538,0.0,-1.5237123163531487,-6.819868411692198,1.3259228654795954,-1.7061870735746387,24.004524886877828,0.15,False,"Technology Services · CRM, NFLX, NOW",
2026-09-29,SW,44.83,45.09,44.14,44.38,3309146.0,-1.5309511859248004,146859899.48000002,169931135.4243164,0.7351827989478175,1.3267854418073384,-8.09691447504659,-4.063986165153466,2.164795024518522,0.9637885536832437,-1.0441562934749355,-0.7901858818481896,0.12285658730403713,-0.6600244375227198,-0.48526315789473273,-0.3229426247707787,25.263157894736977,-1.3082330678971243,9.75609756097561,35.69844789356985,47.006651884700666,23.28159645232816,41.9179600886918,38.73614190687361,13.658536585365855,18.137472283813747,7.760532150776053,21.853366787256405,80.8270509977827,True,-0.22271811802767605,False,False,False,False,False,False,NORMAL,0.833,NORMAL,RISK_ON,0.15,0.9,0.91,Process Industries,27.2,24.4,24.4,24.4,0.0,80.9,REJECTED,NORMAL,0.833,0.17,0.2125,0.17,0.1275,0.17,20.9,False,False,NORMAL GİRİŞ,⭐,İşlem Açma,0.0,5.0,47.0,-0.09611548836367505,0.06382978723404255,0.3392823562719416,1.8889759365361414,-3.283170492793241,-1.2125001157486714,66.42533936651584,0.15,False,"HD, DE, F",
2026-09-29,NRG,97.82,99.8,96.73,97.17,2403234.0,0.1752577319587667,233522247.78,269760863.0962372,0.8538608303281164,3.6271433367047985,-12.553995680345576,-33.472545529234566,2.582615358600576,1.0719230558124386,-0.13795637244109246,-0.13157935045063912,-1.1876587343602818,-0.4269513424793871,-0.48762214983713303,-0.37037707439732087,14.332247557003214,0.39797584998644275,67.1840354767184,13.747228381374724,1.5521064301552108,41.90687361419069,7.039911308203991,39.37915742793792,14.67849223946785,43.325942350332596,28.824833702882486,38.26138440093314,79.22616407982261,True,-0.22271811802767605,True,False,True,False,False,False,NORMAL,0.833,NORMAL,RISK_ON,0.15,0.9,0.91,Utilities,39.8,22.2,22.2,22.2,0.0,80.9,REJECTED,NORMAL,0.833,0.17,0.2125,0.17,0.1275,0.17,30.6,False,False,NORMAL GİRİŞ,⭐,İşlem Açma,0.0,3.0,96.0,0.02554887949189778,0.03125,0.8583284322582763,8.254331631412981,-4.776467197510753,2.595301401302996,82.62443438914026,0.15,False,"Electronic Technology · MU, NVDA, SNDK",
2026-09-29,MGM,32.1,32.2199,31.4,31.52,5366735.0,-1.0671707590648727,169159487.2,100977117.58899689,1.2602155410776115,1.2957080747331895,-25.449385052034057,-34.07236979711358,2.6773495475272355,1.017625339097814,1.5826493966991515,-0.9313376071934875,-0.463646494623401,-1.0068945371776048,-0.7073362605195745,-0.4529592496695621,14.635931211123356,-0.8444526410371966,19.955654101995567,1.5521064301552108,1.3303769401330376,87.13968957871397,1.4301552106430155,55.67627494456763,4.745011086474501,89.88913525498891,0.6651884700665188,19.97467959561344,87.63192904656319,True,-0.22271811802767605,True,False,False,False,False,False,NORMAL,0.833,NORMAL,RISK_ON,0.15,0.9,0.91,Consumer Services,36.7,17.7,17.7,17.7,0.0,80.9,REJECTED,NORMAL,0.833,0.17,0.2125,0.17,0.1275,0.17,36.2,False,False,NORMAL GİRİŞ,⭐,İşlem Açma,0.0,10.0,3.0,,,,,,,50.0,0.15,False,"Consumer Services · LVS, WYNN, MGM",
