ticker,date
A,2020-11-24
A,2021-02-17
A,2021-05-26
A,2021-08-18
A,2021-11-23
A,2022-02-23
A,2022-05-25
A,2022-08-17
A,2022-11-22
A,2023-03-01
A,2023-05-24
A,2023-08-16
A,2023-11-21
A,2024-02-28
A,2024-05-30
A,2024-08-22
A,2024-11-26
A,2025-02-27
A,2025-05-29
A,2025-08-28
A,2025-11-25
A,2026-02-26
A,2026-05-28
A,2026-08-27
A,2026-11-25
AAPL,2020-10-30
AAPL,2021-01-28
AAPL,2021-04-29
AAPL,2021-07-28
AAPL,2021-10-29
AAPL,2022-01-28
AAPL,2022-04-29
AAPL,2022-07-29
AAPL,2022-10-28
AAPL,2023-02-03
AAPL,2023-05-05
AAPL,2023-08-04
AAPL,2023-11-03
AAPL,2024-02-02
AAPL,2024-05-03
AAPL,2024-08-02
AAPL,2024-11-01
AAPL,2025-01-31
AAPL,2025-05-02
AAPL,2025-08-01
AAPL,2025-10-31
AAPL,2026-01-30
AAPL,2026-05-01
AAPL,2026-07-31
AAPL,2026-10-30
ABBV,2020-10-30
ABBV,2021-02-03
ABBV,2021-04-30
ABBV,2021-07-30
ABBV,2021-10-29
ABBV,2022-02-02
ABBV,2022-04-29
ABBV,2022-07-29
ABBV,2022-10-28
ABBV,2023-02-09
ABBV,2023-04-27
ABBV,2023-07-27
ABBV,2023-10-27
ABBV,2024-02-02
ABBV,2024-04-26
ABBV,2024-07-25
ABBV,2024-10-30
ABBV,2025-01-31
ABBV,2025-04-25
ABBV,2025-07-31
ABBV,2025-10-31
ABBV,2026-02-04
ABBV,2026-04-29
ABBV,2026-07-31
ABBV,2026-10-29
ABNB,2021-02-27
ABNB,2021-05-15
ABNB,2021-08-13
ABNB,2021-11-05
ABNB,2022-02-16
ABNB,2022-05-04
ABNB,2022-08-03
ABNB,2022-11-02
ABNB,2023-02-15
ABNB,2023-05-10
ABNB,2023-08-04
ABNB,2023-11-02
ABNB,2024-02-14
ABNB,2024-05-09
ABNB,2024-08-07
ABNB,2024-11-08
ABNB,2025-02-14
ABNB,2025-05-02
ABNB,2025-08-07
ABNB,2025-11-07
ABNB,2026-02-13
ABNB,2026-05-08
ABNB,2026-08-07
ABNB,2026-11-05
ABT,2020-10-21
ABT,2021-01-27
ABT,2021-04-20
ABT,2021-07-22
ABT,2021-10-20
ABT,2022-01-26
ABT,2022-04-20
ABT,2022-07-20
ABT,2022-10-19
ABT,2023-01-25
ABT,2023-04-19
ABT,2023-07-20
ABT,2023-10-18
ABT,2024-01-24
ABT,2024-04-17
ABT,2024-07-18
ABT,2024-10-16
ABT,2025-01-22
ABT,2025-04-16
ABT,2025-07-17
ABT,2025-10-15
ABT,2026-01-22
ABT,2026-04-16
ABT,2026-07-16
ABT,2026-10-14
ACGL,2020-10-30
ACGL,2021-02-10
ACGL,2021-04-28
ACGL,2021-07-29
ACGL,2021-10-28
ACGL,2022-02-10
ACGL,2022-04-28
ACGL,2022-07-28
ACGL,2022-10-27
ACGL,2023-02-14
ACGL,2023-04-27
ACGL,2023-07-27
ACGL,2023-10-31
ACGL,2024-02-15
ACGL,2024-04-30
ACGL,2024-07-31
ACGL,2024-10-31
ACGL,2025-02-11
ACGL,2025-04-30
ACGL,2025-07-30
ACGL,2025-10-28
ACGL,2026-02-10
ACGL,2026-04-29
ACGL,2026-07-29
ACGL,2026-10-28
ACN,2020-09-24
ACN,2020-12-17
ACN,2021-03-18
ACN,2021-06-24
ACN,2021-09-23
ACN,2021-12-16
ACN,2022-03-17
ACN,2022-06-23
ACN,2022-09-22
ACN,2022-12-16
ACN,2023-03-23
ACN,2023-06-22
ACN,2023-09-28
ACN,2023-12-19
ACN,2024-03-21
ACN,2024-06-20
ACN,2024-09-26
ACN,2024-12-19
ACN,2025-03-20
ACN,2025-06-20
ACN,2025-09-25
ACN,2025-12-18
ACN,2026-03-19
ACN,2026-06-18
ACN,2026-10-01
ADBE,2020-12-10
ADBE,2021-03-24
ADBE,2021-06-18
ADBE,2021-09-22
ADBE,2021-12-16
ADBE,2022-03-23
ADBE,2022-06-17
ADBE,2022-09-15
ADBE,2022-12-16
ADBE,2023-03-16
ADBE,2023-06-16
ADBE,2023-09-15
ADBE,2023-12-14
ADBE,2024-03-15
ADBE,2024-06-14
ADBE,2024-09-13
ADBE,2024-12-12
ADBE,2025-03-13
ADBE,2025-06-13
ADBE,2025-09-12
ADBE,2025-12-11
ADBE,2026-03-13
ADBE,2026-06-12
ADBE,2026-09-11
ADBE,2026-12-09
ADI,2020-11-24
ADI,2021-02-17
ADI,2021-05-19
ADI,2021-08-18
ADI,2021-11-23
ADI,2022-02-16
ADI,2022-05-18
ADI,2022-08-17
ADI,2022-11-22
ADI,2023-02-15
ADI,2023-05-24
ADI,2023-08-23
ADI,2023-11-21
ADI,2024-02-21
ADI,2024-05-22
ADI,2024-08-21
ADI,2024-11-26
ADI,2025-02-19
ADI,2025-05-22
ADI,2025-08-20
ADI,2025-11-25
ADI,2026-02-18
ADI,2026-05-20
ADI,2026-08-19
ADI,2026-11-24
ADM,2020-10-30
ADM,2021-01-26
ADM,2021-04-27
ADM,2021-07-27
ADM,2021-10-26
ADM,2022-01-25
ADM,2022-04-26
ADM,2022-07-26
ADM,2022-10-25
ADM,2023-01-26
ADM,2023-04-25
ADM,2023-07-25
ADM,2023-10-24
ADM,2024-03-12
ADM,2024-04-30
ADM,2024-07-30
ADM,2024-11-19
ADM,2025-02-04
ADM,2025-05-06
ADM,2025-08-05
ADM,2025-11-04
ADM,2026-02-03
ADM,2026-05-05
ADM,2026-08-04
ADM,2026-11-03
ADP,2020-10-28
ADP,2021-01-27
ADP,2021-04-28
ADP,2021-07-28
ADP,2021-10-27
ADP,2022-01-26
ADP,2022-04-27
ADP,2022-07-27
ADP,2022-10-26
ADP,2023-01-25
ADP,2023-04-26
ADP,2023-07-26
ADP,2023-10-25
ADP,2024-01-31
ADP,2024-05-01
ADP,2024-07-31
ADP,2024-10-30
ADP,2025-01-29
ADP,2025-04-30
ADP,2025-07-30
ADP,2025-10-29
ADP,2026-01-28
ADP,2026-04-29
ADP,2026-07-29
ADP,2026-10-28
ADSK,2020-11-25
ADSK,2021-02-26
ADSK,2021-05-28
ADSK,2021-08-26
ADSK,2021-11-24
ADSK,2022-02-25
ADSK,2022-05-27
ADSK,2022-08-25
ADSK,2022-11-23
ADSK,2023-02-24
ADSK,2023-05-26
ADSK,2023-08-24
ADSK,2023-11-22
ADSK,2024-03-01
ADSK,2024-06-11
ADSK,2024-08-30
ADSK,2024-11-27
ADSK,2025-02-28
ADSK,2025-05-23
ADSK,2025-08-29
ADSK,2025-11-26
ADSK,2026-02-27
ADSK,2026-05-29
ADSK,2026-08-28
ADSK,2026-11-27
AEE,2020-11-05
AEE,2021-02-19
AEE,2021-05-11
AEE,2021-08-06
AEE,2021-11-04
AEE,2022-02-18
AEE,2022-05-06
AEE,2022-08-05
AEE,2022-11-04
AEE,2023-02-16
AEE,2023-05-05
AEE,2023-08-03
AEE,2023-11-09
AEE,2024-02-23
AEE,2024-05-03
AEE,2024-08-02
AEE,2024-11-07
AEE,2025-02-14
AEE,2025-05-02
AEE,2025-08-01
AEE,2025-11-06
AEE,2026-02-12
AEE,2026-05-06
AEE,2026-07-31
AEE,2026-11-04
AEP,2020-10-22
AEP,2021-02-25
AEP,2021-04-22
AEP,2021-07-22
AEP,2021-10-28
AEP,2022-02-24
AEP,2022-04-28
AEP,2022-07-27
AEP,2022-10-27
AEP,2023-02-23
AEP,2023-05-04
AEP,2023-07-27
AEP,2023-11-02
AEP,2024-02-27
AEP,2024-04-30
AEP,2024-07-30
AEP,2024-11-06
AEP,2025-02-13
AEP,2025-05-06
AEP,2025-07-30
AEP,2025-10-29
AEP,2026-02-12
AEP,2026-05-05
AEP,2026-07-30
AEP,2026-10-28
AEP,2026-10-29
AES,2020-11-06
AES,2021-02-25
AES,2021-05-06
AES,2021-08-05
AES,2021-11-04
AES,2022-02-25
AES,2022-05-06
AES,2022-08-05
AES,2022-11-04
AES,2023-02-27
AES,2023-05-05
AES,2023-08-04
AES,2023-11-03
AES,2024-02-27
AES,2024-05-03
AES,2024-08-02
AES,2024-11-01
AES,2025-02-28
AES,2025-05-02
AES,2025-08-01
AES,2025-11-05
AES,2026-03-03
AES,2026-05-06
AES,2026-08-05
AES,2026-11-04
AFL,2020-10-28
AFL,2021-02-04
AFL,2021-04-29
AFL,2021-07-29
AFL,2021-10-28
AFL,2022-02-03
AFL,2022-04-28
AFL,2022-08-02
AFL,2022-11-01
AFL,2023-02-02
AFL,2023-04-27
AFL,2023-08-02
AFL,2023-11-02
AFL,2024-02-01
AFL,2024-05-02
AFL,2024-08-01
AFL,2024-10-31
AFL,2025-02-06
AFL,2025-05-01
AFL,2025-08-06
AFL,2025-11-05
AFL,2026-02-05
AFL,2026-04-30
AFL,2026-08-07
AFL,2026-11-04
AIG,2020-11-06
AIG,2021-02-17
AIG,2021-05-07
AIG,2021-08-06
AIG,2021-11-05
AIG,2022-02-17
AIG,2022-05-04
AIG,2022-08-09
AIG,2022-11-02
AIG,2023-02-16
AIG,2023-05-05
AIG,2023-08-02
AIG,2023-11-02
AIG,2024-02-14
AIG,2024-05-02
AIG,2024-08-01
AIG,2024-11-05
AIG,2025-02-12
AIG,2025-05-02
AIG,2025-08-07
AIG,2025-11-05
AIG,2026-02-11
AIG,2026-05-01
AIG,2026-08-07
AIG,2026-11-04
AIZ,2020-11-03
AIZ,2021-02-10
AIZ,2021-05-05
AIZ,2021-08-04
AIZ,2021-11-03
AIZ,2022-02-09
AIZ,2022-05-04
AIZ,2022-08-03
AIZ,2022-11-02
AIZ,2023-02-08
AIZ,2023-05-03
AIZ,2023-08-04
AIZ,2023-11-01
AIZ,2024-02-07
AIZ,2024-05-08
AIZ,2024-08-07
AIZ,2024-11-06
AIZ,2025-02-12
AIZ,2025-05-07
AIZ,2025-08-06
AIZ,2025-11-05
AIZ,2026-02-11
AIZ,2026-05-05
AIZ,2026-08-05
AIZ,2026-11-03
AJG,2020-10-30
AJG,2021-01-29
AJG,2021-04-30
AJG,2021-07-30
AJG,2021-10-29
AJG,2022-01-28
AJG,2022-04-29
AJG,2022-07-29
AJG,2022-10-28
AJG,2023-01-27
AJG,2023-04-28
AJG,2023-07-28
AJG,2023-10-27
AJG,2024-01-26
AJG,2024-04-26
AJG,2024-07-26
AJG,2024-10-25
AJG,2025-01-31
AJG,2025-05-02
AJG,2025-08-01
AJG,2025-10-31
AJG,2026-01-30
AJG,2026-05-01
AJG,2026-07-31
AJG,2026-10-30
AKAM,2020-10-28
AKAM,2021-02-10
AKAM,2021-05-05
AKAM,2021-08-04
AKAM,2021-11-03
AKAM,2022-02-16
AKAM,2022-05-04
AKAM,2022-08-10
AKAM,2022-11-09
AKAM,2023-02-15
AKAM,2023-05-10
AKAM,2023-08-09
AKAM,2023-11-08
AKAM,2024-02-14
AKAM,2024-05-10
AKAM,2024-08-09
AKAM,2024-11-08
AKAM,2025-02-21
AKAM,2025-05-09
AKAM,2025-08-08
AKAM,2025-11-07
AKAM,2026-02-20
AKAM,2026-05-08
AKAM,2026-08-07
AKAM,2026-11-05
ALB,2020-11-05
ALB,2021-02-18
ALB,2021-05-06
ALB,2021-08-05
ALB,2021-11-04
ALB,2022-02-17
ALB,2022-05-05
ALB,2022-08-04
ALB,2022-11-03
ALB,2023-02-16
ALB,2023-05-04
ALB,2023-08-03
ALB,2023-11-02
ALB,2024-02-15
ALB,2024-05-02
ALB,2024-08-01
ALB,2024-11-07
ALB,2025-02-13
ALB,2025-05-01
ALB,2025-07-31
ALB,2025-11-06
ALB,2026-02-12
ALB,2026-05-07
ALB,2026-08-06
ALB,2026-11-04
ALGN,2020-10-22
ALGN,2021-02-04
ALGN,2021-04-29
ALGN,2021-07-29
ALGN,2021-10-28
ALGN,2022-02-03
ALGN,2022-04-28
ALGN,2022-07-28
ALGN,2022-10-27
ALGN,2023-02-02
ALGN,2023-04-27
ALGN,2023-07-27
ALGN,2023-10-26
ALGN,2024-02-01
ALGN,2024-04-25
ALGN,2024-07-25
ALGN,2024-10-24
ALGN,2025-02-06
ALGN,2025-05-01
ALGN,2025-07-31
ALGN,2025-10-30
ALGN,2026-02-05
ALGN,2026-04-30
ALGN,2026-07-30
ALGN,2026-10-29
ALL,2020-11-05
ALL,2021-02-04
ALL,2021-05-06
ALL,2021-08-05
ALL,2021-11-04
ALL,2022-02-03
ALL,2022-05-05
ALL,2022-08-04
ALL,2022-11-03
ALL,2023-02-02
ALL,2023-05-04
ALL,2023-08-02
ALL,2023-11-02
ALL,2024-02-08
ALL,2024-05-02
ALL,2024-08-01
ALL,2024-10-31
ALL,2025-02-06
ALL,2025-05-01
ALL,2025-07-31
ALL,2025-11-06
ALL,2026-02-05
ALL,2026-04-30
ALL,2026-08-06
ALL,2026-11-04
ALLE,2020-10-22
ALLE,2021-02-16
ALLE,2021-04-22
ALLE,2021-07-22
ALLE,2021-10-21
ALLE,2022-02-15
ALLE,2022-04-26
ALLE,2022-07-28
ALLE,2022-10-27
ALLE,2023-02-22
ALLE,2023-04-26
ALLE,2023-07-26
ALLE,2023-10-31
ALLE,2024-02-20
ALLE,2024-04-25
ALLE,2024-07-24
ALLE,2024-10-24
ALLE,2025-02-18
ALLE,2025-04-24
ALLE,2025-07-24
ALLE,2025-10-23
ALLE,2026-02-17
ALLE,2026-04-28
ALLE,2026-07-23
ALLE,2026-10-22
AMAT,2020-11-13
AMAT,2021-02-19
AMAT,2021-05-21
AMAT,2021-08-20
AMAT,2021-11-19
AMAT,2022-02-17
AMAT,2022-05-20
AMAT,2022-08-19
AMAT,2022-11-18
AMAT,2023-02-17
AMAT,2023-05-19
AMAT,2023-08-18
AMAT,2023-11-17
AMAT,2024-02-16
AMAT,2024-05-17
AMAT,2024-08-16
AMAT,2024-11-15
AMAT,2025-02-14
AMAT,2025-05-16
AMAT,2025-08-15
AMAT,2025-11-14
AMAT,2026-02-13
AMAT,2026-05-15
AMAT,2026-08-14
AMAT,2026-11-12
AMCR,2020-11-06
AMCR,2021-02-03
AMCR,2021-05-05
AMCR,2021-08-18
AMCR,2021-11-03
AMCR,2022-02-02
AMCR,2022-05-04
AMCR,2022-08-18
AMCR,2022-11-02
AMCR,2023-02-08
AMCR,2023-05-03
AMCR,2023-08-17
AMCR,2023-11-01
AMCR,2024-02-07
AMCR,2024-05-01
AMCR,2024-08-16
AMCR,2024-11-01
AMCR,2025-02-04
AMCR,2025-05-01
AMCR,2025-08-14
AMCR,2025-11-06
AMCR,2026-02-04
AMCR,2026-05-06
AMCR,2026-08-12
AMCR,2026-11-05
AMD,2020-10-27
AMD,2021-01-27
AMD,2021-04-28
AMD,2021-07-28
AMD,2021-10-27
AMD,2022-02-02
AMD,2022-05-04
AMD,2022-08-03
AMD,2022-11-02
AMD,2023-02-01
AMD,2023-05-03
AMD,2023-08-02
AMD,2023-11-01
AMD,2024-01-31
AMD,2024-05-01
AMD,2024-07-31
AMD,2024-10-30
AMD,2025-02-05
AMD,2025-05-07
AMD,2025-08-06
AMD,2025-11-05
AMD,2026-02-04
AMD,2026-05-06
AMD,2026-08-05
AMD,2026-11-03
AME,2020-10-29
AME,2021-02-04
AME,2021-05-04
AME,2021-08-03
AME,2021-11-02
AME,2022-02-03
AME,2022-05-03
AME,2022-08-02
AME,2022-11-01
AME,2023-02-02
AME,2023-05-02
AME,2023-08-01
AME,2023-10-31
AME,2024-02-06
AME,2024-05-02
AME,2024-08-01
AME,2024-10-31
AME,2025-02-04
AME,2025-05-01
AME,2025-07-31
AME,2025-10-30
AME,2026-02-03
AME,2026-04-30
AME,2026-08-04
AME,2026-10-29
AMGN,2020-10-29
AMGN,2021-02-03
AMGN,2021-04-28
AMGN,2021-08-04
AMGN,2021-11-03
AMGN,2022-02-08
AMGN,2022-04-27
AMGN,2022-08-05
AMGN,2022-11-04
AMGN,2023-02-01
AMGN,2023-04-28
AMGN,2023-08-04
AMGN,2023-10-31
AMGN,2024-02-07
AMGN,2024-05-03
AMGN,2024-08-07
AMGN,2024-10-31
AMGN,2025-02-05
AMGN,2025-05-02
AMGN,2025-08-06
AMGN,2025-11-05
AMGN,2026-02-04
AMGN,2026-05-01
AMGN,2026-08-05
AMGN,2026-11-03
AMP,2020-10-29
AMP,2021-01-28
AMP,2021-04-27
AMP,2021-07-27
AMP,2021-10-27
AMP,2022-01-27
AMP,2022-04-26
AMP,2022-07-27
AMP,2022-10-26
AMP,2023-01-26
AMP,2023-04-25
AMP,2023-07-27
AMP,2023-10-26
AMP,2024-01-25
AMP,2024-04-23
AMP,2024-07-25
AMP,2024-10-24
AMP,2025-01-30
AMP,2025-04-24
AMP,2025-07-24
AMP,2025-10-30
AMP,2026-01-29
AMP,2026-04-24
AMP,2026-07-23
AMP,2026-10-29
AMT,2020-10-29
AMT,2021-02-25
AMT,2021-04-29
AMT,2021-07-29
AMT,2021-10-28
AMT,2022-02-24
AMT,2022-04-27
AMT,2022-07-28
AMT,2022-10-27
AMT,2023-02-23
AMT,2023-04-26
AMT,2023-07-27
AMT,2023-10-26
AMT,2024-02-27
AMT,2024-04-30
AMT,2024-07-30
AMT,2024-10-29
AMT,2025-02-25
AMT,2025-04-29
AMT,2025-07-29
AMT,2025-10-28
AMT,2026-02-24
AMT,2026-04-28
AMT,2026-07-28
AMT,2026-10-27
AMZN,2020-10-30
AMZN,2021-02-03
AMZN,2021-04-30
AMZN,2021-07-30
AMZN,2021-10-29
AMZN,2022-02-04
AMZN,2022-04-29
AMZN,2022-07-29
AMZN,2022-10-28
AMZN,2023-02-03
AMZN,2023-04-28
AMZN,2023-08-04
AMZN,2023-10-27
AMZN,2024-02-02
AMZN,2024-05-01
AMZN,2024-08-01
AMZN,2024-11-01
AMZN,2025-02-07
AMZN,2025-05-02
AMZN,2025-08-01
AMZN,2025-10-31
AMZN,2026-02-06
AMZN,2026-04-30
AMZN,2026-07-31
AMZN,2026-10-30
ANET,2020-11-03
ANET,2021-02-19
ANET,2021-05-05
ANET,2021-08-03
ANET,2021-11-02
ANET,2022-02-15
ANET,2022-05-03
ANET,2022-08-02
ANET,2022-11-01
ANET,2023-02-14
ANET,2023-05-02
ANET,2023-08-01
ANET,2023-10-31
ANET,2024-02-13
ANET,2024-05-08
ANET,2024-07-31
ANET,2024-11-08
ANET,2025-02-19
ANET,2025-05-07
ANET,2025-08-06
ANET,2025-11-05
ANET,2026-02-13
ANET,2026-05-06
ANET,2026-08-05
ANET,2026-11-03
AON,2020-10-30
AON,2021-02-05
AON,2021-04-30
AON,2021-07-30
AON,2021-10-29
AON,2022-02-04
AON,2022-04-29
AON,2022-07-29
AON,2022-10-28
AON,2023-02-03
AON,2023-04-28
AON,2023-07-28
AON,2023-10-27
AON,2024-02-02
AON,2024-04-26
AON,2024-07-26
AON,2024-10-25
AON,2025-01-31
AON,2025-04-25
AON,2025-07-25
AON,2025-10-31
AON,2026-01-30
AON,2026-05-01
AON,2026-07-29
AON,2026-10-30
AOS,2020-10-29
AOS,2021-01-28
AOS,2021-04-29
AOS,2021-07-29
AOS,2021-10-28
AOS,2022-01-27
AOS,2022-04-28
AOS,2022-07-28
AOS,2022-10-27
AOS,2023-01-31
AOS,2023-04-27
AOS,2023-07-27
AOS,2023-10-26
AOS,2024-01-30
AOS,2024-04-25
AOS,2024-07-23
AOS,2024-10-22
AOS,2025-01-30
AOS,2025-04-29
AOS,2025-07-24
AOS,2025-10-28
AOS,2026-01-29
AOS,2026-04-30
AOS,2026-07-30
AOS,2026-10-27
APA,2020-11-05
APA,2021-02-25
APA,2021-05-05
APA,2021-08-05
APA,2021-11-04
APA,2022-02-22
APA,2022-05-04
APA,2022-08-04
APA,2022-11-03
APA,2023-02-23
APA,2023-05-04
APA,2023-08-02
APA,2023-11-01
APA,2024-02-21
APA,2024-05-01
APA,2024-07-31
APA,2024-11-07
APA,2025-02-26
APA,2025-05-07
APA,2025-08-06
APA,2025-11-06
APA,2026-02-26
APA,2026-05-07
APA,2026-08-06
APA,2026-11-04
APD,2020-11-11
APD,2021-02-04
APD,2021-05-10
APD,2021-08-09
APD,2021-11-04
APD,2022-02-04
APD,2022-05-05
APD,2022-08-04
APD,2022-11-03
APD,2023-02-02
APD,2023-05-09
APD,2023-08-03
APD,2023-11-07
APD,2024-02-05
APD,2024-04-30
APD,2024-08-01
APD,2024-11-07
APD,2025-02-06
APD,2025-05-01
APD,2025-07-31
APD,2025-11-06
APD,2026-01-30
APD,2026-04-30
APD,2026-07-30
APD,2026-11-05
APH,2020-10-21
APH,2021-01-27
APH,2021-04-28
APH,2021-07-28
APH,2021-10-27
APH,2022-01-26
APH,2022-04-27
APH,2022-07-27
APH,2022-10-26
APH,2023-01-25
APH,2023-04-26
APH,2023-07-26
APH,2023-10-25
APH,2024-01-24
APH,2024-04-24
APH,2024-07-24
APH,2024-10-23
APH,2025-01-22
APH,2025-04-23
APH,2025-07-23
APH,2025-10-22
APH,2026-01-28
APH,2026-04-29
APH,2026-07-29
APH,2026-10-28
APO,2020-10-29
APO,2021-02-03
APO,2021-05-04
APO,2021-08-04
APO,2021-11-02
APO,2022-02-11
APO,2022-05-05
APO,2022-08-04
APO,2022-11-02
APO,2023-02-09
APO,2023-05-10
APO,2023-08-03
APO,2023-11-01
APO,2024-02-08
APO,2024-05-02
APO,2024-08-01
APO,2024-11-05
APO,2025-02-04
APO,2025-05-02
APO,2025-08-05
APO,2025-11-04
APO,2026-02-09
APO,2026-05-06
APO,2026-08-04
APO,2026-11-03
APP,2021-05-13
APP,2021-08-12
APP,2021-11-11
APP,2022-02-17
APP,2022-05-12
APP,2022-08-11
APP,2022-11-10
APP,2023-02-09
APP,2023-05-11
APP,2023-08-10
APP,2023-11-09
APP,2024-02-15
APP,2024-05-09
APP,2024-08-08
APP,2024-11-07
APP,2025-02-13
APP,2025-05-08
APP,2025-08-07
APP,2025-11-06
APP,2026-02-12
APP,2026-05-07
APP,2026-08-06
APP,2026-11-04
APTV,2020-10-29
APTV,2021-02-03
APTV,2021-05-06
APTV,2021-08-05
APTV,2021-11-04
APTV,2022-02-03
APTV,2022-05-05
APTV,2022-08-04
APTV,2022-11-03
APTV,2023-02-02
APTV,2023-05-04
APTV,2023-08-03
APTV,2023-11-02
APTV,2024-01-31
APTV,2024-05-02
APTV,2024-08-01
APTV,2024-10-31
APTV,2025-02-06
APTV,2025-05-01
APTV,2025-07-31
APTV,2025-10-30
APTV,2026-02-02
APTV,2026-05-05
APTV,2026-08-04
APTV,2026-10-29
ARE,2020-10-27
ARE,2021-02-02
ARE,2021-04-27
ARE,2021-07-27
ARE,2021-10-26
ARE,2022-02-01
ARE,2022-04-26
ARE,2022-07-26
ARE,2022-10-25
ARE,2023-01-31
ARE,2023-04-25
ARE,2023-07-25
ARE,2023-10-24
ARE,2024-01-30
ARE,2024-04-23
ARE,2024-07-23
ARE,2024-10-22
ARE,2025-01-28
ARE,2025-04-29
ARE,2025-07-22
ARE,2025-10-28
ARE,2026-01-27
ARE,2026-04-28
ARE,2026-08-04
ARE,2026-10-27
ARES,2020-10-28
ARES,2021-02-11
ARES,2021-04-29
ARES,2021-07-29
ARES,2021-10-27
ARES,2022-02-11
ARES,2022-04-28
ARES,2022-07-28
ARES,2022-10-27
ARES,2023-02-09
ARES,2023-04-28
ARES,2023-08-01
ARES,2023-10-31
ARES,2024-02-08
ARES,2024-05-02
ARES,2024-08-02
ARES,2024-11-01
ARES,2025-02-05
ARES,2025-05-05
ARES,2025-08-01
ARES,2025-11-03
ARES,2026-02-05
ARES,2026-05-01
ARES,2026-07-31
ARES,2026-10-29
ARES,2026-11-02
ATO,2020-11-12
ATO,2021-02-03
ATO,2021-05-06
ATO,2021-08-05
ATO,2021-11-11
ATO,2022-02-09
ATO,2022-05-05
ATO,2022-08-04
ATO,2022-11-10
ATO,2023-02-08
ATO,2023-05-04
ATO,2023-08-03
ATO,2023-11-09
ATO,2024-02-07
ATO,2024-05-09
ATO,2024-08-07
ATO,2024-11-19
ATO,2025-02-05
ATO,2025-05-08
ATO,2025-08-07
ATO,2025-11-06
ATO,2026-02-04
ATO,2026-05-07
ATO,2026-08-06
ATO,2026-11-04
AVGO,2020-12-11
AVGO,2021-03-05
AVGO,2021-06-04
AVGO,2021-09-03
AVGO,2021-12-10
AVGO,2022-03-04
AVGO,2022-05-26
AVGO,2022-09-02
AVGO,2022-12-09
AVGO,2023-03-03
AVGO,2023-06-02
AVGO,2023-09-01
AVGO,2023-12-08
AVGO,2024-03-08
AVGO,2024-06-13
AVGO,2024-09-06
AVGO,2024-12-13
AVGO,2025-03-07
AVGO,2025-06-06
AVGO,2025-09-05
AVGO,2025-12-12
AVGO,2026-03-05
AVGO,2026-06-04
AVGO,2026-09-03
AVGO,2026-12-09
AVY,2020-10-21
AVY,2021-02-03
AVY,2021-04-28
AVY,2021-07-28
AVY,2021-10-27
AVY,2022-02-02
AVY,2022-04-26
AVY,2022-07-27
AVY,2022-10-26
AVY,2023-02-02
AVY,2023-04-26
AVY,2023-07-25
AVY,2023-10-25
AVY,2024-01-31
AVY,2024-04-24
AVY,2024-07-23
AVY,2024-10-23
AVY,2025-01-30
AVY,2025-04-23
AVY,2025-07-22
AVY,2025-10-22
AVY,2026-02-04
AVY,2026-04-28
AVY,2026-07-30
AVY,2026-10-21
AWK,2020-11-05
AWK,2021-02-25
AWK,2021-05-04
AWK,2021-08-03
AWK,2021-11-03
AWK,2022-02-17
AWK,2022-04-28
AWK,2022-07-28
AWK,2022-11-01
AWK,2023-02-16
AWK,2023-04-27
AWK,2023-07-27
AWK,2023-11-02
AWK,2024-02-15
AWK,2024-05-02
AWK,2024-08-01
AWK,2024-10-31
AWK,2025-02-20
AWK,2025-05-01
AWK,2025-07-31
AWK,2025-10-30
AWK,2026-02-19
AWK,2026-04-30
AWK,2026-07-30
AWK,2026-10-29
AXON,2020-11-06
AXON,2021-02-26
AXON,2021-05-07
AXON,2021-08-06
AXON,2021-11-16
AXON,2022-02-25
AXON,2022-05-11
AXON,2022-08-10
AXON,2022-11-09
AXON,2023-03-01
AXON,2023-05-10
AXON,2023-08-09
AXON,2023-11-08
AXON,2024-02-28
AXON,2024-05-07
AXON,2024-08-07
AXON,2024-11-08
AXON,2025-02-26
AXON,2025-05-08
AXON,2025-08-05
AXON,2025-11-05
AXON,2026-02-25
AXON,2026-05-07
AXON,2026-08-06
AXON,2026-11-03
AXP,2020-10-23
AXP,2021-01-26
AXP,2021-04-23
AXP,2021-07-23
AXP,2021-10-22
AXP,2022-01-25
AXP,2022-04-22
AXP,2022-07-22
AXP,2022-10-21
AXP,2023-01-27
AXP,2023-04-20
AXP,2023-07-21
AXP,2023-10-20
AXP,2024-01-26
AXP,2024-04-19
AXP,2024-07-19
AXP,2024-10-18
AXP,2025-01-24
AXP,2025-04-17
AXP,2025-07-18
AXP,2025-10-17
AXP,2026-01-30
AXP,2026-04-23
AXP,2026-07-24
AXP,2026-10-23
AZO,2020-12-08
AZO,2021-03-02
AZO,2021-05-25
AZO,2021-09-21
AZO,2021-12-07
AZO,2022-03-01
AZO,2022-05-24
AZO,2022-09-19
AZO,2022-12-06
AZO,2023-02-28
AZO,2023-06-10
AZO,2023-09-19
AZO,2023-12-05
AZO,2024-02-27
AZO,2024-05-21
AZO,2024-09-24
AZO,2024-12-10
AZO,2025-03-04
AZO,2025-05-27
AZO,2025-09-23
AZO,2025-12-09
AZO,2026-03-03
AZO,2026-05-26
AZO,2026-09-22
AZO,2026-12-08
BA,2020-10-28
BA,2021-01-27
BA,2021-04-28
BA,2021-07-28
BA,2021-10-27
BA,2022-01-26
BA,2022-04-27
BA,2022-07-27
BA,2022-10-26
BA,2023-01-25
BA,2023-04-26
BA,2023-07-26
BA,2023-10-25
BA,2024-01-31
BA,2024-04-24
BA,2024-07-31
BA,2024-10-23
BA,2025-01-28
BA,2025-04-23
BA,2025-07-29
BA,2025-10-29
BA,2026-01-27
BA,2026-04-22
BA,2026-07-28
BA,2026-10-28
BAC,2020-10-14
BAC,2021-01-19
BAC,2021-04-15
BAC,2021-07-14
BAC,2021-10-14
BAC,2022-01-19
BAC,2022-04-18
BAC,2022-07-18
BAC,2022-10-17
BAC,2023-01-13
BAC,2023-04-18
BAC,2023-07-18
BAC,2023-10-17
BAC,2024-01-12
BAC,2024-04-16
BAC,2024-07-16
BAC,2024-10-15
BAC,2025-01-16
BAC,2025-04-15
BAC,2025-07-16
BAC,2025-10-15
BAC,2026-01-14
BAC,2026-04-15
BAC,2026-07-14
BAC,2026-10-14
BALL,2020-11-05
BALL,2021-02-04
BALL,2021-05-06
BALL,2021-08-05
BALL,2021-11-04
BALL,2022-01-27
BALL,2022-05-05
BALL,2022-08-04
BALL,2022-11-03
BALL,2023-02-02
BALL,2023-05-04
BALL,2023-08-03
BALL,2023-11-02
BALL,2024-02-01
BALL,2024-04-26
BALL,2024-08-01
BALL,2024-10-31
BALL,2025-02-04
BALL,2025-05-06
BALL,2025-08-05
BALL,2025-11-04
BALL,2026-02-03
BALL,2026-05-05
BALL,2026-08-04
BALL,2026-11-03
BAX,2020-10-29
BAX,2021-02-04
BAX,2021-04-29
BAX,2021-07-29
BAX,2021-10-28
BAX,2022-02-17
BAX,2022-04-28
BAX,2022-07-28
BAX,2022-10-27
BAX,2023-02-09
BAX,2023-04-27
BAX,2023-07-27
BAX,2023-11-02
BAX,2024-02-08
BAX,2024-05-02
BAX,2024-08-06
BAX,2024-11-08
BAX,2025-02-20
BAX,2025-05-01
BAX,2025-07-31
BAX,2025-10-30
BAX,2026-02-12
BAX,2026-04-30
BAX,2026-07-30
BAX,2026-10-29
BBY,2020-11-24
BBY,2021-02-25
BBY,2021-05-27
BBY,2021-08-24
BBY,2021-11-23
BBY,2022-03-03
BBY,2022-05-24
BBY,2022-08-30
BBY,2022-11-22
BBY,2023-03-02
BBY,2023-05-25
BBY,2023-08-29
BBY,2023-11-21
BBY,2024-02-29
BBY,2024-05-30
BBY,2024-08-29
BBY,2024-11-26
BBY,2025-03-04
BBY,2025-05-29
BBY,2025-08-28
BBY,2025-11-25
BBY,2026-03-03
BBY,2026-05-28
BBY,2026-08-27
BBY,2026-11-24
BDX,2020-11-05
BDX,2021-02-04
BDX,2021-05-06
BDX,2021-08-05
BDX,2021-11-04
BDX,2022-02-03
BDX,2022-05-05
BDX,2022-08-04
BDX,2022-11-10
BDX,2023-02-02
BDX,2023-05-04
BDX,2023-08-03
BDX,2023-11-09
BDX,2024-02-01
BDX,2024-05-02
BDX,2024-08-01
BDX,2024-11-07
BDX,2025-02-06
BDX,2025-05-01
BDX,2025-08-07
BDX,2025-11-06
BDX,2026-02-09
BDX,2026-05-07
BDX,2026-08-06
BDX,2026-11-05
BE,2020-10-30
BE,2021-02-11
BE,2021-05-06
BE,2021-08-05
BE,2021-11-05
BE,2022-02-11
BE,2022-05-06
BE,2022-08-10
BE,2022-11-04
BE,2023-02-10
BE,2023-05-10
BE,2023-08-04
BE,2023-11-09
BE,2024-02-16
BE,2024-05-09
BE,2024-08-09
BE,2024-11-08
BE,2025-02-28
BE,2025-05-01
BE,2025-08-01
BE,2025-10-29
BE,2026-02-06
BE,2026-04-29
BE,2026-07-29
BE,2026-10-28
BEN,2020-10-27
BEN,2021-02-02
BEN,2021-05-04
BEN,2021-08-03
BEN,2021-11-01
BEN,2022-02-01
BEN,2022-05-03
BEN,2022-07-28
BEN,2022-11-01
BEN,2023-01-30
BEN,2023-05-01
BEN,2023-07-28
BEN,2023-10-31
BEN,2024-01-29
BEN,2024-04-29
BEN,2024-07-26
BEN,2024-11-04
BEN,2025-01-31
BEN,2025-05-02
BEN,2025-08-01
BEN,2025-11-07
BEN,2026-01-30
BEN,2026-04-28
BEN,2026-07-31
BEN,2026-11-06
BF-B,2020-12-08
BF-B,2021-03-03
BF-B,2021-06-09
BF-B,2021-09-01
BF-B,2021-12-08
BF-B,2022-03-03
BF-B,2022-06-08
BF-B,2022-08-31
BF-B,2022-12-07
BF-B,2023-03-08
BF-B,2023-06-07
BF-B,2023-08-30
BF-B,2023-12-06
BF-B,2024-03-06
BF-B,2024-06-05
BF-B,2024-08-29
BF-B,2024-12-05
BF-B,2025-03-05
BF-B,2025-06-05
BF-B,2025-08-28
BF-B,2025-12-04
BF-B,2026-03-04
BF-B,2026-06-04
BF-B,2026-09-02
BF-B,2026-12-03
BG,2020-10-28
BG,2021-02-10
BG,2021-05-04
BG,2021-07-28
BG,2021-10-27
BG,2022-02-09
BG,2022-04-27
BG,2022-07-27
BG,2022-10-26
BG,2023-02-08
BG,2023-05-03
BG,2023-08-02
BG,2023-10-26
BG,2024-02-07
BG,2024-04-24
BG,2024-07-31
BG,2024-10-30
BG,2025-02-05
BG,2025-05-07
BG,2025-07-30
BG,2025-11-05
BG,2026-02-04
BG,2026-04-29
BG,2026-07-29
BG,2026-11-04
BIIB,2020-10-21
BIIB,2021-02-03
BIIB,2021-04-22
BIIB,2021-07-22
BIIB,2021-10-20
BIIB,2022-02-03
BIIB,2022-05-03
BIIB,2022-07-20
BIIB,2022-10-25
BIIB,2023-02-15
BIIB,2023-04-25
BIIB,2023-07-25
BIIB,2023-11-08
BIIB,2024-02-13
BIIB,2024-04-24
BIIB,2024-08-01
BIIB,2024-10-30
BIIB,2025-02-12
BIIB,2025-05-01
BIIB,2025-07-31
BIIB,2025-10-30
BIIB,2026-02-06
BIIB,2026-04-29
BIIB,2026-07-29
BIIB,2026-10-28
BKNG,2020-11-06
BKNG,2021-02-25
BKNG,2021-05-06
BKNG,2021-08-05
BKNG,2021-11-04
BKNG,2022-02-24
BKNG,2022-05-05
BKNG,2022-08-04
BKNG,2022-11-03
BKNG,2023-02-24
BKNG,2023-05-05
BKNG,2023-08-04
BKNG,2023-11-03
BKNG,2024-02-23
BKNG,2024-05-03
BKNG,2024-08-02
BKNG,2024-10-31
BKNG,2025-02-21
BKNG,2025-04-30
BKNG,2025-07-30
BKNG,2025-10-29
BKNG,2026-02-19
BKNG,2026-04-29
BKNG,2026-08-05
BKNG,2026-10-28
BKR,2020-10-21
BKR,2021-01-21
BKR,2021-04-21
BKR,2021-07-21
BKR,2021-10-20
BKR,2022-01-20
BKR,2022-04-20
BKR,2022-07-20
BKR,2022-10-19
BKR,2023-01-23
BKR,2023-04-19
BKR,2023-07-19
BKR,2023-10-26
BKR,2024-01-24
BKR,2024-04-24
BKR,2024-07-26
BKR,2024-10-23
BKR,2025-01-31
BKR,2025-04-23
BKR,2025-07-23
BKR,2025-10-24
BKR,2026-01-26
BKR,2026-04-24
BKR,2026-07-27
BKR,2026-10-28
BLK,2008-04-16
BLK,2008-07-17
BLK,2008-10-21
BLK,2009-01-21
BLK,2009-04-21
BLK,2009-07-21
BLK,2009-10-20
BLK,2022-07-15
BLK,2022-10-13
BLK,2023-01-13
BLK,2023-04-14
BLK,2023-07-14
BLK,2023-10-13
BLK,2024-01-12
BLK,2024-04-12
BLK,2024-07-15
BLK,2024-10-11
BLK,2025-01-15
BLK,2025-04-11
BLK,2025-07-15
BLK,2025-10-14
BLK,2026-01-15
BLK,2026-04-14
BLK,2026-07-15
BLK,2026-10-14
BMY,2020-11-05
BMY,2021-02-04
BMY,2021-04-29
BMY,2021-07-28
BMY,2021-10-27
BMY,2022-02-04
BMY,2022-04-29
BMY,2022-07-27
BMY,2022-10-26
BMY,2023-02-02
BMY,2023-04-27
BMY,2023-07-27
BMY,2023-10-26
BMY,2024-02-02
BMY,2024-04-25
BMY,2024-07-26
BMY,2024-10-31
BMY,2025-02-06
BMY,2025-04-24
BMY,2025-07-31
BMY,2025-10-30
BMY,2026-02-05
BMY,2026-04-30
BMY,2026-07-30
BMY,2026-10-29
BNY,2020-10-16
BNY,2021-01-20
BNY,2021-04-16
BNY,2021-07-15
BNY,2021-10-19
BNY,2022-01-18
BNY,2022-04-18
BNY,2022-07-15
BNY,2022-10-17
BNY,2023-01-13
BNY,2023-04-18
BNY,2023-07-18
BNY,2023-10-17
BNY,2024-01-12
BNY,2024-04-16
BNY,2024-07-12
BNY,2024-10-11
BNY,2025-01-15
BNY,2025-04-11
BNY,2025-07-15
BNY,2025-10-16
BNY,2026-01-13
BNY,2026-04-16
BNY,2026-07-15
BNY,2026-10-15
BR,2020-10-30
BR,2021-02-02
BR,2021-05-04
BR,2021-08-12
BR,2021-11-03
BR,2022-02-01
BR,2022-05-03
BR,2022-08-12
BR,2022-11-02
BR,2023-02-02
BR,2023-05-02
BR,2023-08-08
BR,2023-11-02
BR,2024-02-01
BR,2024-05-08
BR,2024-08-06
BR,2024-11-05
BR,2025-01-31
BR,2025-05-01
BR,2025-08-05
BR,2025-11-04
BR,2026-02-03
BR,2026-04-30
BR,2026-08-04
BR,2026-11-03
BRK-B,2020-11-07
BRK-B,2021-02-27
BRK-B,2021-05-01
BRK-B,2021-08-07
BRK-B,2021-11-06
BRK-B,2022-02-26
BRK-B,2022-04-30
BRK-B,2022-08-06
BRK-B,2022-11-05
BRK-B,2023-02-25
BRK-B,2023-05-06
BRK-B,2023-08-05
BRK-B,2023-11-04
BRK-B,2024-02-24
BRK-B,2024-05-04
BRK-B,2024-08-03
BRK-B,2024-11-02
BRK-B,2025-02-22
BRK-B,2025-05-03
BRK-B,2025-08-02
BRK-B,2025-11-01
BRK-B,2026-02-28
BRK-B,2026-05-02
BRK-B,2026-08-08
BRK-B,2026-08-09
BRK-B,2026-11-07
BRO,2020-10-27
BRO,2021-01-26
BRO,2021-04-27
BRO,2021-07-27
BRO,2021-10-26
BRO,2022-01-25
BRO,2022-04-26
BRO,2022-07-26
BRO,2022-10-25
BRO,2023-01-24
BRO,2023-04-25
BRO,2023-07-25
BRO,2023-10-24
BRO,2024-01-23
BRO,2024-04-23
BRO,2024-07-23
BRO,2024-10-29
BRO,2025-01-28
BRO,2025-04-29
BRO,2025-07-29
BRO,2025-10-28
BRO,2026-01-27
BRO,2026-04-28
BRO,2026-07-28
BRO,2026-10-27
BSX,2020-10-28
BSX,2021-02-03
BSX,2021-04-28
BSX,2021-07-27
BSX,2021-10-27
BSX,2022-02-02
BSX,2022-04-27
BSX,2022-07-27
BSX,2022-10-26
BSX,2023-02-01
BSX,2023-04-26
BSX,2023-07-27
BSX,2023-10-26
BSX,2024-01-31
BSX,2024-04-24
BSX,2024-07-24
BSX,2024-10-23
BSX,2025-02-05
BSX,2025-04-23
BSX,2025-07-23
BSX,2025-10-22
BSX,2026-02-04
BSX,2026-04-22
BSX,2026-07-29
BSX,2026-10-28
BX,2020-10-28
BX,2021-01-27
BX,2021-04-22
BX,2021-07-22
BX,2021-10-21
BX,2022-01-27
BX,2022-04-21
BX,2022-07-21
BX,2022-10-20
BX,2023-01-26
BX,2023-04-20
BX,2023-07-20
BX,2023-10-19
BX,2024-01-25
BX,2024-04-18
BX,2024-07-18
BX,2024-10-17
BX,2025-01-30
BX,2025-04-17
BX,2025-07-24
BX,2025-10-23
BX,2026-01-29
BX,2026-04-23
BX,2026-07-23
BX,2026-10-22
BXP,2020-10-28
BXP,2021-01-27
BXP,2021-04-28
BXP,2021-07-28
BXP,2021-10-27
BXP,2022-01-26
BXP,2022-05-03
BXP,2022-07-27
BXP,2022-10-26
BXP,2023-02-01
BXP,2023-04-26
BXP,2023-08-02
BXP,2023-11-02
BXP,2024-01-31
BXP,2024-05-01
BXP,2024-07-31
BXP,2024-10-30
BXP,2025-01-29
BXP,2025-04-30
BXP,2025-07-30
BXP,2025-10-29
BXP,2026-01-28
BXP,2026-04-29
BXP,2026-07-29
BXP,2026-10-28
C,2020-10-13
C,2021-01-15
C,2021-04-15
C,2021-07-14
C,2021-10-14
C,2022-01-14
C,2022-04-14
C,2022-07-15
C,2022-10-14
C,2023-01-13
C,2023-04-14
C,2023-07-14
C,2023-10-13
C,2024-01-12
C,2024-04-12
C,2024-07-12
C,2024-10-15
C,2025-01-15
C,2025-04-15
C,2025-07-15
C,2025-10-14
C,2026-01-14
C,2026-04-14
C,2026-07-14
C,2026-10-13
CAH,2020-11-05
CAH,2021-02-05
CAH,2021-05-06
CAH,2021-08-05
CAH,2021-11-09
CAH,2022-02-03
CAH,2022-05-05
CAH,2022-08-11
CAH,2022-11-04
CAH,2023-02-02
CAH,2023-05-04
CAH,2023-08-15
CAH,2023-11-03
CAH,2024-02-01
CAH,2024-05-02
CAH,2024-08-14
CAH,2024-11-01
CAH,2025-01-30
CAH,2025-05-01
CAH,2025-08-12
CAH,2025-10-30
CAH,2026-02-05
CAH,2026-04-30
CAH,2026-08-11
CAH,2026-11-05
CARR,2020-10-29
CARR,2021-02-09
CARR,2021-04-29
CARR,2021-07-29
CARR,2021-10-28
CARR,2022-02-08
CARR,2022-04-28
CARR,2022-07-28
CARR,2022-10-27
CARR,2023-02-07
CARR,2023-04-26
CARR,2023-07-27
CARR,2023-10-26
CARR,2024-02-06
CARR,2024-04-25
CARR,2024-07-25
CARR,2024-10-24
CARR,2025-02-11
CARR,2025-05-01
CARR,2025-07-29
CARR,2025-10-28
CARR,2026-02-05
CARR,2026-04-30
CARR,2026-07-28
CARR,2026-10-27
CASY,2020-12-08
CASY,2021-03-09
CASY,2021-06-09
CASY,2021-09-08
CASY,2021-12-08
CASY,2022-03-09
CASY,2022-06-08
CASY,2022-09-08
CASY,2022-12-07
CASY,2023-03-08
CASY,2023-06-07
CASY,2023-09-12
CASY,2023-12-12
CASY,2024-03-12
CASY,2024-06-12
CASY,2024-09-05
CASY,2024-12-10
CASY,2025-03-12
CASY,2025-06-10
CASY,2025-09-09
CASY,2025-12-10
CASY,2026-03-10
CASY,2026-06-10
CASY,2026-09-09
CASY,2026-12-08
CAT,2020-10-27
CAT,2021-01-29
CAT,2021-04-29
CAT,2021-07-30
CAT,2021-10-28
CAT,2022-01-28
CAT,2022-04-28
CAT,2022-08-02
CAT,2022-10-27
CAT,2023-01-31
CAT,2023-04-27
CAT,2023-08-01
CAT,2023-10-31
CAT,2024-02-05
CAT,2024-04-25
CAT,2024-08-06
CAT,2024-10-30
CAT,2025-01-30
CAT,2025-04-30
CAT,2025-08-05
CAT,2025-10-29
CAT,2026-01-29
CAT,2026-04-30
CAT,2026-08-04
CAT,2026-10-29
CB,2020-10-28
CB,2021-02-03
CB,2021-04-28
CB,2021-07-28
CB,2021-10-27
CB,2022-02-02
CB,2022-04-27
CB,2022-07-27
CB,2022-10-26
CB,2023-02-01
CB,2023-04-26
CB,2023-07-26
CB,2023-10-25
CB,2024-01-31
CB,2024-04-24
CB,2024-07-24
CB,2024-10-30
CB,2025-01-29
CB,2025-04-23
CB,2025-07-23
CB,2025-10-22
CB,2026-02-04
CB,2026-04-22
CB,2026-07-22
CB,2026-10-28
CBOE,2020-10-30
CBOE,2021-02-05
CBOE,2021-04-30
CBOE,2021-07-30
CBOE,2021-10-29
CBOE,2022-02-04
CBOE,2022-04-29
CBOE,2022-07-29
CBOE,2022-11-04
CBOE,2023-02-03
CBOE,2023-05-05
CBOE,2023-08-04
CBOE,2023-11-03
CBOE,2024-02-02
CBOE,2024-05-03
CBOE,2024-08-02
CBOE,2024-11-01
CBOE,2025-02-07
CBOE,2025-05-02
CBOE,2025-08-01
CBOE,2025-10-31
CBOE,2026-02-06
CBOE,2026-05-01
CBOE,2026-07-31
CBOE,2026-10-30
CBRE,2020-10-29
CBRE,2021-02-23
CBRE,2021-04-29
CBRE,2021-07-29
CBRE,2021-10-28
CBRE,2022-02-24
CBRE,2022-05-05
CBRE,2022-08-04
CBRE,2022-10-27
CBRE,2023-02-23
CBRE,2023-04-27
CBRE,2023-07-27
CBRE,2023-10-27
CBRE,2024-02-15
CBRE,2024-05-03
CBRE,2024-07-25
CBRE,2024-10-24
CBRE,2025-02-13
CBRE,2025-04-24
CBRE,2025-07-29
CBRE,2025-10-23
CBRE,2026-02-12
CBRE,2026-04-23
CBRE,2026-07-29
CBRE,2026-10-22
CCI,2020-10-22
CCI,2021-01-28
CCI,2021-04-22
CCI,2021-07-22
CCI,2021-10-21
CCI,2022-01-27
CCI,2022-04-21
CCI,2022-07-21
CCI,2022-10-20
CCI,2023-01-26
CCI,2023-04-20
CCI,2023-07-20
CCI,2023-10-19
CCI,2024-01-25
CCI,2024-04-18
CCI,2024-07-18
CCI,2024-10-17
CCI,2025-03-14
CCI,2025-05-01
CCI,2025-07-24
CCI,2025-10-23
CCI,2026-02-05
CCI,2026-04-23
CCI,2026-07-23
CCI,2026-10-22
CCL,2020-10-08
CCL,2021-01-26
CCL,2021-04-07
CCL,2021-06-28
CCL,2021-09-30
CCL,2021-12-20
CCL,2022-03-22
CCL,2022-06-24
CCL,2022-09-30
CCL,2022-12-21
CCL,2023-03-27
CCL,2023-06-26
CCL,2023-09-29
CCL,2023-12-21
CCL,2024-03-27
CCL,2024-06-25
CCL,2024-09-30
CCL,2024-12-20
CCL,2025-03-21
CCL,2025-06-24
CCL,2025-09-29
CCL,2025-12-19
CCL,2026-03-27
CCL,2026-06-23
CCL,2026-09-29
CDNS,2020-10-20
CDNS,2021-02-23
CDNS,2021-04-27
CDNS,2021-07-27
CDNS,2021-10-26
CDNS,2022-02-23
CDNS,2022-04-26
CDNS,2022-07-26
CDNS,2022-10-25
CDNS,2023-02-14
CDNS,2023-04-25
CDNS,2023-07-25
CDNS,2023-10-24
CDNS,2024-02-13
CDNS,2024-04-23
CDNS,2024-07-23
CDNS,2024-10-29
CDNS,2025-02-19
CDNS,2025-04-29
CDNS,2025-07-29
CDNS,2025-10-28
CDNS,2026-02-18
CDNS,2026-04-28
CDNS,2026-07-28
CDNS,2026-10-27
CDW,2020-11-02
CDW,2021-02-10
CDW,2021-05-05
CDW,2021-08-04
CDW,2021-11-03
CDW,2022-02-09
CDW,2022-05-04
CDW,2022-08-03
CDW,2022-11-02
CDW,2023-02-08
CDW,2023-05-03
CDW,2023-08-02
CDW,2023-11-01
CDW,2024-02-07
CDW,2024-05-01
CDW,2024-07-31
CDW,2024-10-30
CDW,2025-02-05
CDW,2025-05-07
CDW,2025-08-06
CDW,2025-11-04
CDW,2026-02-04
CDW,2026-05-06
CDW,2026-08-05
CDW,2026-11-03
CEG,2022-02-25
CEG,2022-05-12
CEG,2022-08-04
CEG,2022-11-08
CEG,2023-02-16
CEG,2023-05-04
CEG,2023-08-03
CEG,2023-11-06
CEG,2024-02-27
CEG,2024-05-09
CEG,2024-08-06
CEG,2024-11-04
CEG,2025-02-18
CEG,2025-05-06
CEG,2025-08-07
CEG,2025-11-07
CEG,2026-02-24
CEG,2026-05-11
CEG,2026-08-06
CEG,2026-11-09
CF,2020-11-05
CF,2021-02-18
CF,2021-05-06
CF,2021-08-10
CF,2021-11-04
CF,2022-02-16
CF,2022-05-05
CF,2022-08-02
CF,2022-11-03
CF,2023-02-16
CF,2023-05-02
CF,2023-08-03
CF,2023-11-02
CF,2024-02-15
CF,2024-05-02
CF,2024-08-07
CF,2024-10-31
CF,2025-02-20
CF,2025-05-08
CF,2025-08-07
CF,2025-11-06
CF,2026-02-19
CF,2026-05-07
CF,2026-08-06
CF,2026-11-04
CFG,2020-10-16
CFG,2021-01-20
CFG,2021-04-16
CFG,2021-07-20
CFG,2021-10-20
CFG,2022-01-19
CFG,2022-04-19
CFG,2022-07-19
CFG,2022-10-19
CFG,2023-01-17
CFG,2023-04-19
CFG,2023-07-19
CFG,2023-10-18
CFG,2024-01-17
CFG,2024-04-17
CFG,2024-07-17
CFG,2024-10-16
CFG,2025-01-17
CFG,2025-04-16
CFG,2025-07-17
CFG,2025-10-15
CFG,2026-01-21
CFG,2026-04-16
CFG,2026-07-16
CFG,2026-10-16
CHD,2020-10-29
CHD,2021-01-29
CHD,2021-04-29
CHD,2021-07-30
CHD,2021-10-29
CHD,2022-01-28
CHD,2022-04-28
CHD,2022-07-29
CHD,2022-10-28
CHD,2023-02-03
CHD,2023-04-27
CHD,2023-07-28
CHD,2023-11-03
CHD,2024-02-02
CHD,2024-05-02
CHD,2024-08-02
CHD,2024-11-01
CHD,2025-01-31
CHD,2025-05-01
CHD,2025-08-01
CHD,2025-10-31
CHD,2026-01-30
CHD,2026-05-01
CHD,2026-07-31
CHD,2026-10-30
CHRW,2020-10-28
CHRW,2021-01-27
CHRW,2021-04-28
CHRW,2021-07-28
CHRW,2021-10-27
CHRW,2022-02-02
CHRW,2022-04-28
CHRW,2022-07-28
CHRW,2022-11-02
CHRW,2023-02-02
CHRW,2023-04-27
CHRW,2023-08-03
CHRW,2023-11-02
CHRW,2024-02-01
CHRW,2024-05-02
CHRW,2024-08-01
CHRW,2024-10-31
CHRW,2025-01-30
CHRW,2025-05-01
CHRW,2025-07-31
CHRW,2025-10-30
CHRW,2026-01-29
CHRW,2026-04-30
CHRW,2026-07-30
CHRW,2026-10-29
CHTR,2020-10-30
CHTR,2021-01-29
CHTR,2021-04-30
CHTR,2021-07-30
CHTR,2021-10-29
CHTR,2022-01-28
CHTR,2022-04-29
CHTR,2022-07-29
CHTR,2022-10-28
CHTR,2023-01-27
CHTR,2023-04-28
CHTR,2023-07-28
CHTR,2023-10-27
CHTR,2024-02-02
CHTR,2024-04-26
CHTR,2024-07-26
CHTR,2024-11-01
CHTR,2025-01-31
CHTR,2025-04-25
CHTR,2025-07-25
CHTR,2025-10-31
CHTR,2026-01-30
CHTR,2026-04-24
CHTR,2026-07-24
CHTR,2026-10-30
CI,2020-11-05
CI,2021-02-04
CI,2021-05-07
CI,2021-08-05
CI,2021-11-04
CI,2022-02-03
CI,2022-05-06
CI,2022-08-04
CI,2022-11-03
CI,2023-02-03
CI,2023-05-05
CI,2023-08-03
CI,2023-11-02
CI,2024-02-02
CI,2024-05-02
CI,2024-08-01
CI,2024-10-31
CI,2025-01-30
CI,2025-05-02
CI,2025-07-31
CI,2025-10-30
CI,2026-02-05
CI,2026-04-30
CI,2026-07-30
CI,2026-11-05
CIEN,2020-12-10
CIEN,2021-03-04
CIEN,2021-06-03
CIEN,2021-09-02
CIEN,2021-12-09
CIEN,2022-03-07
CIEN,2022-06-02
CIEN,2022-09-01
CIEN,2022-12-08
CIEN,2023-03-06
CIEN,2023-06-06
CIEN,2023-08-31
CIEN,2023-12-07
CIEN,2024-03-07
CIEN,2024-06-06
CIEN,2024-09-04
CIEN,2024-12-12
CIEN,2025-03-11
CIEN,2025-06-05
CIEN,2025-09-04
CIEN,2025-12-11
CIEN,2026-03-05
CIEN,2026-06-04
CIEN,2026-09-03
CIEN,2026-12-10
CINF,2020-10-27
CINF,2021-02-11
CINF,2021-04-29
CINF,2021-07-29
CINF,2021-10-28
CINF,2022-02-16
CINF,2022-04-29
CINF,2022-07-28
CINF,2022-11-01
CINF,2023-02-07
CINF,2023-04-28
CINF,2023-07-28
CINF,2023-10-27
CINF,2024-02-07
CINF,2024-04-26
CINF,2024-07-26
CINF,2024-10-25
CINF,2025-02-11
CINF,2025-04-29
CINF,2025-07-29
CINF,2025-10-28
CINF,2026-02-10
CINF,2026-04-28
CINF,2026-07-28
CINF,2026-10-27
CL,2020-10-30
CL,2021-01-29
CL,2021-04-30
CL,2021-07-30
CL,2021-10-29
CL,2022-01-28
CL,2022-04-29
CL,2022-07-29
CL,2022-10-28
CL,2023-01-27
CL,2023-04-28
CL,2023-07-28
CL,2023-10-27
CL,2024-01-26
CL,2024-04-26
CL,2024-07-26
CL,2024-10-25
CL,2025-01-31
CL,2025-04-25
CL,2025-08-01
CL,2025-10-31
CL,2026-01-30
CL,2026-05-01
CL,2026-07-31
CL,2026-10-30
CLX,2020-11-02
CLX,2021-02-04
CLX,2021-04-30
CLX,2021-08-03
CLX,2021-11-02
CLX,2022-02-04
CLX,2022-05-03
CLX,2022-08-04
CLX,2022-11-02
CLX,2023-02-03
CLX,2023-05-03
CLX,2023-08-03
CLX,2023-11-02
CLX,2024-02-02
CLX,2024-05-01
CLX,2024-08-02
CLX,2024-10-31
CLX,2025-02-04
CLX,2025-05-06
CLX,2025-08-01
CLX,2025-11-04
CLX,2026-02-04
CLX,2026-05-01
CLX,2026-08-04
CLX,2026-11-03
CMCSA,2020-10-29
CMCSA,2021-01-28
CMCSA,2021-04-29
CMCSA,2021-07-29
CMCSA,2021-10-28
CMCSA,2022-01-27
CMCSA,2022-04-28
CMCSA,2022-07-28
CMCSA,2022-10-27
CMCSA,2023-01-26
CMCSA,2023-04-27
CMCSA,2023-07-27
CMCSA,2023-10-26
CMCSA,2024-01-25
CMCSA,2024-04-25
CMCSA,2024-07-23
CMCSA,2024-10-31
CMCSA,2025-01-30
CMCSA,2025-04-24
CMCSA,2025-07-31
CMCSA,2025-10-30
CMCSA,2026-01-29
CMCSA,2026-04-23
CMCSA,2026-07-23
CMCSA,2026-10-22
CME,2020-10-28
CME,2021-02-10
CME,2021-04-28
CME,2021-07-28
CME,2021-10-27
CME,2022-02-09
CME,2022-04-27
CME,2022-07-27
CME,2022-10-26
CME,2023-02-08
CME,2023-04-26
CME,2023-07-26
CME,2023-10-25
CME,2024-02-14
CME,2024-04-24
CME,2024-07-24
CME,2024-10-23
CME,2025-02-12
CME,2025-04-23
CME,2025-07-23
CME,2025-10-22
CME,2026-02-04
CME,2026-04-22
CME,2026-07-22
CME,2026-10-21
CMG,2020-10-22
CMG,2021-02-03
CMG,2021-04-22
CMG,2021-07-21
CMG,2021-10-22
CMG,2022-02-09
CMG,2022-04-27
CMG,2022-07-27
CMG,2022-10-26
CMG,2023-02-08
CMG,2023-04-26
CMG,2023-07-27
CMG,2023-10-27
CMG,2024-02-07
CMG,2024-04-25
CMG,2024-07-25
CMG,2024-10-30
CMG,2025-02-05
CMG,2025-04-24
CMG,2025-07-24
CMG,2025-10-30
CMG,2026-02-04
CMG,2026-04-30
CMG,2026-07-30
CMG,2026-10-29
CMI,2020-10-27
CMI,2021-02-04
CMI,2021-05-04
CMI,2021-08-03
CMI,2021-11-02
CMI,2022-02-03
CMI,2022-05-03
CMI,2022-08-02
CMI,2022-11-03
CMI,2023-02-06
CMI,2023-05-02
CMI,2023-08-03
CMI,2023-11-02
CMI,2024-02-06
CMI,2024-05-02
CMI,2024-08-01
CMI,2024-11-05
CMI,2025-02-04
CMI,2025-05-05
CMI,2025-08-05
CMI,2025-11-06
CMI,2026-02-05
CMI,2026-05-05
CMI,2026-08-04
CMI,2026-11-05
CMS,2020-10-29
CMS,2021-02-04
CMS,2021-04-29
CMS,2021-07-29
CMS,2021-10-28
CMS,2022-02-03
CMS,2022-05-03
CMS,2022-07-28
CMS,2022-10-27
CMS,2023-02-02
CMS,2023-04-27
CMS,2023-07-27
CMS,2023-10-26
CMS,2024-02-01
CMS,2024-04-25
CMS,2024-07-25
CMS,2024-10-31
CMS,2025-02-06
CMS,2025-04-24
CMS,2025-07-31
CMS,2025-10-30
CMS,2026-02-05
CMS,2026-04-28
CMS,2026-07-28
CMS,2026-10-29
CNC,2020-10-27
CNC,2021-02-09
CNC,2021-04-27
CNC,2021-07-27
CNC,2021-10-26
CNC,2022-02-08
CNC,2022-04-26
CNC,2022-07-26
CNC,2022-10-25
CNC,2023-02-07
CNC,2023-04-25
CNC,2023-07-28
CNC,2023-10-24
CNC,2024-02-06
CNC,2024-04-26
CNC,2024-07-26
CNC,2024-10-25
CNC,2025-02-04
CNC,2025-04-25
CNC,2025-07-25
CNC,2025-10-29
CNC,2026-02-06
CNC,2026-04-28
CNC,2026-07-28
CNC,2026-10-27
CNP,2020-11-05
CNP,2021-02-25
CNP,2021-05-06
CNP,2021-08-05
CNP,2021-11-04
CNP,2022-02-22
CNP,2022-05-03
CNP,2022-08-02
CNP,2022-11-01
CNP,2023-02-17
CNP,2023-04-27
CNP,2023-07-27
CNP,2023-10-26
CNP,2024-02-20
CNP,2024-04-30
CNP,2024-07-30
CNP,2024-10-28
CNP,2025-02-20
CNP,2025-04-24
CNP,2025-07-24
CNP,2025-10-23
CNP,2026-02-19
CNP,2026-04-23
CNP,2026-07-28
CNP,2026-10-22
CNP,2026-10-27
COF,2020-10-23
COF,2021-01-27
COF,2021-04-28
COF,2021-07-23
COF,2021-10-27
COF,2022-01-26
COF,2022-04-27
COF,2022-07-22
COF,2022-10-28
COF,2023-01-25
COF,2023-04-28
COF,2023-07-21
COF,2023-10-27
COF,2024-01-26
COF,2024-04-26
COF,2024-07-24
COF,2024-10-25
COF,2025-01-22
COF,2025-04-23
COF,2025-07-23
COF,2025-10-22
COF,2026-01-23
COF,2026-04-22
COF,2026-07-22
COF,2026-10-21
COHR,2020-11-05
COHR,2021-02-09
COHR,2021-05-06
COHR,2021-08-10
COHR,2021-11-09
COHR,2022-02-09
COHR,2022-05-10
COHR,2022-08-24
COHR,2022-11-09
COHR,2023-02-08
COHR,2023-05-10
COHR,2023-08-16
COHR,2023-11-07
COHR,2024-02-06
COHR,2024-05-07
COHR,2024-08-16
COHR,2024-11-07
COHR,2025-02-06
COHR,2025-05-08
COHR,2025-08-14
COHR,2025-11-06
COHR,2026-02-05
COHR,2026-05-07
COHR,2026-08-13
COHR,2026-11-04
COIN,2021-05-14
COIN,2021-08-11
COIN,2021-11-10
COIN,2022-02-25
COIN,2022-05-11
COIN,2022-08-10
COIN,2022-11-04
COIN,2023-02-22
COIN,2023-05-05
COIN,2023-08-04
COIN,2023-11-03
COIN,2024-02-16
COIN,2024-05-03
COIN,2024-08-02
COIN,2024-10-31
COIN,2025-02-14
COIN,2025-05-09
COIN,2025-08-01
COIN,2025-10-31
COIN,2026-02-13
COIN,2026-05-08
COIN,2026-07-31
COIN,2026-10-30
COO,2020-12-04
COO,2021-03-05
COO,2021-06-04
COO,2021-09-03
COO,2021-12-03
COO,2022-03-04
COO,2022-06-03
COO,2022-09-01
COO,2022-12-09
COO,2023-03-03
COO,2023-06-02
COO,2023-08-31
COO,2023-12-08
COO,2024-03-01
COO,2024-05-31
COO,2024-08-29
COO,2024-12-06
COO,2025-03-07
COO,2025-05-30
COO,2025-08-28
COO,2025-12-05
COO,2026-03-06
COO,2026-06-05
COO,2026-09-10
COO,2026-12-10
COP,2020-10-29
COP,2021-02-02
COP,2021-05-04
COP,2021-08-03
COP,2021-11-02
COP,2022-02-03
COP,2022-05-05
COP,2022-08-04
COP,2022-11-03
COP,2023-02-02
COP,2023-05-04
COP,2023-08-03
COP,2023-11-02
COP,2024-02-08
COP,2024-05-02
COP,2024-08-01
COP,2024-10-31
COP,2025-02-06
COP,2025-05-08
COP,2025-08-07
COP,2025-11-06
COP,2026-02-05
COP,2026-04-30
COP,2026-08-06
COP,2026-11-05
COR,2020-11-05
COR,2021-02-04
COR,2021-05-05
COR,2021-08-04
COR,2021-11-04
COR,2022-02-02
COR,2022-05-04
COR,2022-08-03
COR,2022-11-03
COR,2023-02-01
COR,2023-05-02
COR,2023-08-02
COR,2023-11-02
COR,2024-01-31
COR,2024-05-01
COR,2024-07-31
COR,2024-11-06
COR,2025-02-05
COR,2025-05-07
COR,2025-08-06
COR,2025-11-05
COR,2026-02-04
COR,2026-05-06
COR,2026-08-05
COR,2026-11-04
COST,2020-12-11
COST,2021-03-05
COST,2021-05-28
COST,2021-09-24
COST,2021-12-10
COST,2022-03-04
COST,2022-05-27
COST,2022-09-23
COST,2022-12-09
COST,2023-03-03
COST,2023-06-01
COST,2023-09-27
COST,2023-12-15
COST,2024-03-08
COST,2024-06-06
COST,2024-09-27
COST,2024-12-13
COST,2025-03-07
COST,2025-05-30
COST,2025-09-26
COST,2025-12-12
COST,2026-03-06
COST,2026-05-29
COST,2026-09-25
COST,2026-12-10
CPAY,2020-11-06
CPAY,2021-02-05
CPAY,2021-05-06
CPAY,2021-08-05
CPAY,2021-11-04
CPAY,2022-02-09
CPAY,2022-05-06
CPAY,2022-08-04
CPAY,2022-11-03
CPAY,2023-02-09
CPAY,2023-05-04
CPAY,2023-08-09
CPAY,2023-11-09
CPAY,2024-02-08
CPAY,2024-05-09
CPAY,2024-08-07
CPAY,2024-11-08
CPAY,2025-02-06
CPAY,2025-05-07
CPAY,2025-08-07
CPAY,2025-11-06
CPAY,2026-02-05
CPAY,2026-05-08
CPAY,2026-08-06
CPAY,2026-11-04
CPRT,2020-11-19
CPRT,2021-02-19
CPRT,2021-05-20
CPRT,2021-09-09
CPRT,2021-11-18
CPRT,2022-02-17
CPRT,2022-05-19
CPRT,2022-09-08
CPRT,2022-11-17
CPRT,2023-02-21
CPRT,2023-05-18
CPRT,2023-09-15
CPRT,2023-11-17
CPRT,2024-02-23
CPRT,2024-05-17
CPRT,2024-09-05
CPRT,2024-11-22
CPRT,2025-02-21
CPRT,2025-05-23
CPRT,2025-09-05
CPRT,2025-11-21
CPRT,2026-02-20
CPRT,2026-05-22
CPRT,2026-09-11
CPRT,2026-11-19
CPT,2020-10-30
CPT,2021-02-05
CPT,2021-04-30
CPT,2021-07-30
CPT,2021-10-29
CPT,2022-02-04
CPT,2022-04-29
CPT,2022-07-29
CPT,2022-10-28
CPT,2023-02-03
CPT,2023-04-28
CPT,2023-08-04
CPT,2023-10-27
CPT,2024-02-02
CPT,2024-05-03
CPT,2024-08-02
CPT,2024-11-01
CPT,2025-02-07
CPT,2025-05-02
CPT,2025-08-01
CPT,2025-11-07
CPT,2026-02-06
CPT,2026-05-01
CPT,2026-07-31
CPT,2026-11-05
CRH,2024-05-10
CRH,2024-08-08
CRH,2024-11-07
CRH,2025-02-27
CRH,2025-05-06
CRH,2025-08-07
CRH,2025-11-06
CRH,2026-02-19
CRH,2026-04-30
CRH,2026-07-30
CRH,2026-10-29
CRL,2020-10-29
CRL,2021-02-17
CRL,2021-05-04
CRL,2021-08-04
CRL,2021-11-03
CRL,2022-02-16
CRL,2022-05-04
CRL,2022-08-03
CRL,2022-11-02
CRL,2023-02-22
CRL,2023-05-11
CRL,2023-08-09
CRL,2023-11-08
CRL,2024-02-14
CRL,2024-05-09
CRL,2024-08-07
CRL,2024-11-06
CRL,2025-02-19
CRL,2025-05-07
CRL,2025-08-06
CRL,2025-11-05
CRL,2026-02-18
CRL,2026-05-07
CRL,2026-08-05
CRL,2026-11-04
CRM,2020-12-02
CRM,2021-02-26
CRM,2021-05-28
CRM,2021-08-26
CRM,2021-12-01
CRM,2022-03-02
CRM,2022-06-01
CRM,2022-08-25
CRM,2022-12-01
CRM,2023-03-02
CRM,2023-06-01
CRM,2023-08-31
CRM,2023-11-30
CRM,2024-02-29
CRM,2024-05-30
CRM,2024-08-29
CRM,2024-12-04
CRM,2025-02-27
CRM,2025-05-29
CRM,2025-09-04
CRM,2025-12-04
CRM,2026-02-26
CRM,2026-05-28
CRM,2026-08-27
CRM,2026-12-02
CRWD,2020-12-03
CRWD,2021-03-17
CRWD,2021-06-04
CRWD,2021-09-01
CRWD,2021-12-02
CRWD,2022-03-10
CRWD,2022-06-03
CRWD,2022-08-31
CRWD,2022-11-30
CRWD,2023-03-08
CRWD,2023-06-01
CRWD,2023-08-31
CRWD,2023-11-29
CRWD,2024-03-06
CRWD,2024-06-05
CRWD,2024-08-29
CRWD,2024-11-27
CRWD,2025-03-05
CRWD,2025-06-04
CRWD,2025-08-28
CRWD,2025-12-03
CRWD,2026-03-04
CRWD,2026-06-04
CRWD,2026-08-27
CRWD,2026-12-01
CSCO,2020-11-13
CSCO,2021-02-10
CSCO,2021-05-20
CSCO,2021-08-19
CSCO,2021-11-18
CSCO,2022-02-17
CSCO,2022-05-19
CSCO,2022-08-18
CSCO,2022-11-17
CSCO,2023-02-16
CSCO,2023-05-18
CSCO,2023-08-17
CSCO,2023-11-16
CSCO,2024-02-15
CSCO,2024-05-16
CSCO,2024-08-15
CSCO,2024-11-14
CSCO,2025-02-13
CSCO,2025-05-15
CSCO,2025-08-14
CSCO,2025-11-13
CSCO,2026-02-12
CSCO,2026-05-14
CSCO,2026-08-13
CSCO,2026-11-12
CSGP,2020-10-28
CSGP,2021-02-24
CSGP,2021-04-28
CSGP,2021-07-28
CSGP,2021-10-27
CSGP,2022-02-23
CSGP,2022-04-27
CSGP,2022-07-27
CSGP,2022-10-26
CSGP,2023-02-22
CSGP,2023-04-26
CSGP,2023-07-26
CSGP,2023-10-25
CSGP,2024-02-21
CSGP,2024-04-23
CSGP,2024-07-24
CSGP,2024-10-23
CSGP,2025-02-19
CSGP,2025-04-30
CSGP,2025-07-23
CSGP,2025-10-29
CSGP,2026-02-25
CSGP,2026-04-29
CSGP,2026-07-29
CSGP,2026-10-28
CSX,2020-10-22
CSX,2021-01-22
CSX,2021-04-21
CSX,2021-07-22
CSX,2021-10-21
CSX,2022-01-21
CSX,2022-04-21
CSX,2022-07-21
CSX,2022-10-21
CSX,2023-01-26
CSX,2023-04-21
CSX,2023-07-21
CSX,2023-10-20
CSX,2024-01-25
CSX,2024-04-18
CSX,2024-08-06
CSX,2024-10-17
CSX,2025-01-24
CSX,2025-04-17
CSX,2025-07-24
CSX,2025-10-17
CSX,2026-01-23
CSX,2026-04-23
CSX,2026-07-23
CSX,2026-10-22
CTAS,2020-12-22
CTAS,2021-03-17
CTAS,2021-07-15
CTAS,2021-09-29
CTAS,2021-12-22
CTAS,2022-03-23
CTAS,2022-07-14
CTAS,2022-09-28
CTAS,2022-12-21
CTAS,2023-03-29
CTAS,2023-07-13
CTAS,2023-09-26
CTAS,2023-12-21
CTAS,2024-03-27
CTAS,2024-07-18
CTAS,2024-09-25
CTAS,2024-12-19
CTAS,2025-03-26
CTAS,2025-07-17
CTAS,2025-09-24
CTAS,2025-12-18
CTAS,2026-03-25
CTAS,2026-07-15
CTAS,2026-09-23
CTAS,2026-12-17
CTSH,2020-10-29
CTSH,2021-02-04
CTSH,2021-05-06
CTSH,2021-07-29
CTSH,2021-10-28
CTSH,2022-02-03
CTSH,2022-05-05
CTSH,2022-07-28
CTSH,2022-11-03
CTSH,2023-02-03
CTSH,2023-05-04
CTSH,2023-08-03
CTSH,2023-11-02
CTSH,2024-02-07
CTSH,2024-05-02
CTSH,2024-08-01
CTSH,2024-10-31
CTSH,2025-02-06
CTSH,2025-05-01
CTSH,2025-07-31
CTSH,2025-10-29
CTSH,2026-02-04
CTSH,2026-04-29
CTSH,2026-07-29
CTSH,2026-10-28
CTVA,2020-11-05
CTVA,2021-02-04
CTVA,2021-05-05
CTVA,2021-08-06
CTVA,2021-11-04
CTVA,2022-02-03
CTVA,2022-05-05
CTVA,2022-08-05
CTVA,2022-11-04
CTVA,2023-02-02
CTVA,2023-05-04
CTVA,2023-08-04
CTVA,2023-10-27
CTVA,2024-02-01
CTVA,2024-05-02
CTVA,2024-08-01
CTVA,2024-11-07
CTVA,2025-02-06
CTVA,2025-05-08
CTVA,2025-08-07
CTVA,2025-11-05
CTVA,2026-02-04
CTVA,2026-05-06
CTVA,2026-07-31
CTVA,2026-11-03
CVNA,2020-10-30
CVNA,2021-02-26
CVNA,2021-05-07
CVNA,2021-08-06
CVNA,2021-11-05
CVNA,2022-02-25
CVNA,2022-04-21
CVNA,2022-08-05
CVNA,2022-11-04
CVNA,2023-02-24
CVNA,2023-05-05
CVNA,2023-07-19
CVNA,2023-11-03
CVNA,2024-02-23
CVNA,2024-05-02
CVNA,2024-08-01
CVNA,2024-10-31
CVNA,2025-02-20
CVNA,2025-05-08
CVNA,2025-07-31
CVNA,2025-10-30
CVNA,2026-02-19
CVNA,2026-04-30
CVNA,2026-07-30
CVNA,2026-10-29
CVS,2020-11-06
CVS,2021-02-16
CVS,2021-05-04
CVS,2021-08-04
CVS,2021-11-03
CVS,2022-02-09
CVS,2022-05-04
CVS,2022-08-03
CVS,2022-11-02
CVS,2023-02-08
CVS,2023-05-03
CVS,2023-08-02
CVS,2023-11-01
CVS,2024-02-07
CVS,2024-05-01
CVS,2024-08-07
CVS,2024-11-06
CVS,2025-02-12
CVS,2025-05-01
CVS,2025-07-31
CVS,2025-10-29
CVS,2026-02-10
CVS,2026-05-06
CVS,2026-08-05
CVS,2026-10-28
CVX,2020-10-30
CVX,2021-01-29
CVX,2021-04-30
CVX,2021-07-30
CVX,2021-10-29
CVX,2022-01-28
CVX,2022-04-29
CVX,2022-07-29
CVX,2022-10-28
CVX,2023-01-27
CVX,2023-04-28
CVX,2023-07-24
CVX,2023-10-27
CVX,2024-02-02
CVX,2024-04-26
CVX,2024-08-02
CVX,2024-11-01
CVX,2025-01-31
CVX,2025-05-02
CVX,2025-08-01
CVX,2025-10-31
CVX,2026-01-30
CVX,2026-05-01
CVX,2026-07-31
CVX,2026-10-30
D,2020-11-05
D,2021-02-12
D,2021-05-04
D,2021-08-06
D,2021-11-05
D,2022-02-11
D,2022-05-05
D,2022-08-08
D,2022-11-04
D,2023-02-08
D,2023-05-05
D,2023-08-04
D,2023-11-03
D,2024-02-22
D,2024-05-02
D,2024-08-01
D,2024-11-01
D,2025-02-12
D,2025-05-01
D,2025-08-01
D,2025-10-31
D,2026-02-23
D,2026-05-01
D,2026-07-31
D,2026-10-30
DAL,2020-10-13
DAL,2021-01-14
DAL,2021-04-15
DAL,2021-07-14
DAL,2021-10-13
DAL,2022-01-13
DAL,2022-04-13
DAL,2022-07-13
DAL,2022-10-13
DAL,2023-01-13
DAL,2023-04-13
DAL,2023-07-13
DAL,2023-10-12
DAL,2024-01-12
DAL,2024-04-10
DAL,2024-07-11
DAL,2024-10-10
DAL,2025-01-10
DAL,2025-04-09
DAL,2025-07-10
DAL,2025-10-09
DAL,2026-01-13
DAL,2026-04-08
DAL,2026-07-10
DAL,2026-10-09
DASH,2021-02-26
DASH,2021-05-14
DASH,2021-08-13
DASH,2021-11-10
DASH,2022-02-17
DASH,2022-05-07
DASH,2022-08-05
DASH,2022-11-04
DASH,2023-02-17
DASH,2023-05-05
DASH,2023-08-03
DASH,2023-11-02
DASH,2024-02-16
DASH,2024-05-02
DASH,2024-08-02
DASH,2024-10-31
DASH,2025-02-12
DASH,2025-05-06
DASH,2025-08-07
DASH,2025-11-06
DASH,2026-02-19
DASH,2026-05-07
DASH,2026-08-06
DASH,2026-11-04
DD,2020-10-29
DD,2021-02-09
DD,2021-05-04
DD,2021-08-03
DD,2021-11-02
DD,2022-02-08
DD,2022-05-03
DD,2022-08-02
DD,2022-11-08
DD,2023-02-07
DD,2023-05-02
DD,2023-08-03
DD,2023-11-01
DD,2024-02-06
DD,2024-05-01
DD,2024-07-31
DD,2024-11-05
DD,2025-02-11
DD,2025-05-02
DD,2025-08-05
DD,2025-11-06
DD,2026-02-10
DD,2026-05-05
DD,2026-08-04
DD,2026-11-05
DDOG,2020-11-11
DDOG,2021-02-12
DDOG,2021-05-07
DDOG,2021-08-05
DDOG,2021-11-05
DDOG,2022-02-10
DDOG,2022-05-05
DDOG,2022-08-04
DDOG,2022-11-03
DDOG,2023-02-16
DDOG,2023-05-04
DDOG,2023-08-08
DDOG,2023-11-07
DDOG,2024-02-13
DDOG,2024-05-07
DDOG,2024-08-08
DDOG,2024-11-07
DDOG,2025-02-13
DDOG,2025-05-06
DDOG,2025-08-07
DDOG,2025-11-06
DDOG,2026-02-10
DDOG,2026-05-07
DDOG,2026-08-06
DDOG,2026-11-05
DE,2020-11-25
DE,2021-02-19
DE,2021-05-21
DE,2021-08-20
DE,2021-11-24
DE,2022-02-18
DE,2022-05-20
DE,2022-08-19
DE,2022-11-23
DE,2023-02-17
DE,2023-05-19
DE,2023-08-18
DE,2023-11-22
DE,2024-02-15
DE,2024-05-16
DE,2024-08-15
DE,2024-11-21
DE,2025-02-13
DE,2025-05-15
DE,2025-08-14
DE,2025-11-26
DE,2026-02-19
DE,2026-05-21
DE,2026-08-20
DE,2026-11-25
DECK,2020-10-30
DECK,2021-02-05
DECK,2021-05-21
DECK,2021-07-30
DECK,2021-10-29
DECK,2022-02-04
DECK,2022-05-20
DECK,2022-07-29
DECK,2022-10-28
DECK,2023-02-03
DECK,2023-05-26
DECK,2023-07-28
DECK,2023-10-27
DECK,2024-02-02
DECK,2024-05-24
DECK,2024-07-26
DECK,2024-10-25
DECK,2025-01-31
DECK,2025-05-23
DECK,2025-07-25
DECK,2025-10-24
DECK,2026-01-30
DECK,2026-05-22
DECK,2026-07-24
DECK,2026-10-23
DELL,2020-11-25
DELL,2021-02-26
DELL,2021-05-28
DELL,2021-08-27
DELL,2021-11-24
DELL,2022-02-25
DELL,2022-05-27
DELL,2022-08-26
DELL,2022-11-22
DELL,2023-03-03
DELL,2023-06-01
DELL,2023-09-01
DELL,2023-12-01
DELL,2024-03-01
DELL,2024-05-31
DELL,2024-08-30
DELL,2024-11-27
DELL,2025-02-28
DELL,2025-05-30
DELL,2025-08-29
DELL,2025-11-26
DELL,2026-02-27
DELL,2026-05-29
DELL,2026-09-02
DELL,2026-11-27
DG,2020-12-03
DG,2021-03-18
DG,2021-05-27
DG,2021-08-26
DG,2021-12-02
DG,2022-03-17
DG,2022-05-26
DG,2022-08-25
DG,2022-12-01
DG,2023-03-16
DG,2023-06-01
DG,2023-08-31
DG,2023-12-07
DG,2024-03-14
DG,2024-05-30
DG,2024-08-29
DG,2024-12-05
DG,2025-03-13
DG,2025-06-03
DG,2025-08-28
DG,2025-12-04
DG,2026-03-12
DG,2026-06-02
DG,2026-08-27
DG,2026-12-03
DGX,2020-10-22
DGX,2021-02-04
DGX,2021-04-22
DGX,2021-07-22
DGX,2021-10-21
DGX,2022-02-03
DGX,2022-04-21
DGX,2022-07-21
DGX,2022-10-20
DGX,2023-02-02
DGX,2023-04-27
DGX,2023-07-26
DGX,2023-10-24
DGX,2024-02-01
DGX,2024-04-23
DGX,2024-07-23
DGX,2024-10-22
DGX,2025-01-30
DGX,2025-04-22
DGX,2025-07-22
DGX,2025-10-21
DGX,2026-02-10
DGX,2026-04-21
DGX,2026-07-23
DGX,2026-10-22
DHI,2020-11-10
DHI,2021-01-26
DHI,2021-04-22
DHI,2021-07-22
DHI,2021-11-09
DHI,2022-02-02
DHI,2022-04-26
DHI,2022-07-21
DHI,2022-11-09
DHI,2023-01-24
DHI,2023-04-20
DHI,2023-07-20
DHI,2023-11-07
DHI,2024-01-23
DHI,2024-04-18
DHI,2024-07-18
DHI,2024-10-29
DHI,2025-01-21
DHI,2025-04-17
DHI,2025-07-22
DHI,2025-10-28
DHI,2026-01-20
DHI,2026-04-21
DHI,2026-07-21
DHI,2026-10-29
DHR,2020-10-22
DHR,2021-01-28
DHR,2021-04-22
DHR,2021-07-22
DHR,2021-10-21
DHR,2022-01-27
DHR,2022-04-21
DHR,2022-07-21
DHR,2022-10-20
DHR,2023-01-24
DHR,2023-04-25
DHR,2023-07-25
DHR,2023-10-24
DHR,2024-01-30
DHR,2024-04-23
DHR,2024-07-23
DHR,2024-10-22
DHR,2025-01-29
DHR,2025-04-22
DHR,2025-07-22
DHR,2025-10-21
DHR,2026-01-28
DHR,2026-04-21
DHR,2026-07-21
DHR,2026-10-21
DIS,2020-11-13
DIS,2021-02-12
DIS,2021-05-14
DIS,2021-08-13
DIS,2021-11-11
DIS,2022-02-10
DIS,2022-05-12
DIS,2022-08-11
DIS,2022-11-09
DIS,2023-02-09
DIS,2023-05-11
DIS,2023-08-10
DIS,2023-11-09
DIS,2024-02-08
DIS,2024-05-07
DIS,2024-08-07
DIS,2024-11-14
DIS,2025-02-05
DIS,2025-05-07
DIS,2025-08-06
DIS,2025-11-13
DIS,2026-02-02
DIS,2026-05-06
DIS,2026-08-05
DIS,2026-11-12
DLR,2020-10-30
DLR,2021-02-12
DLR,2021-04-30
DLR,2021-07-30
DLR,2021-10-27
DLR,2022-02-18
DLR,2022-04-29
DLR,2022-07-29
DLR,2022-10-27
DLR,2023-02-17
DLR,2023-04-28
DLR,2023-07-28
DLR,2023-10-27
DLR,2024-02-16
DLR,2024-05-03
DLR,2024-07-26
DLR,2024-10-25
DLR,2025-02-14
DLR,2025-04-25
DLR,2025-07-25
DLR,2025-10-24
DLR,2026-02-06
DLR,2026-04-24
DLR,2026-07-24
DLR,2026-10-23
DLTR,2020-11-24
DLTR,2021-03-03
DLTR,2021-05-27
DLTR,2021-08-26
DLTR,2021-11-23
DLTR,2022-03-02
DLTR,2022-05-26
DLTR,2022-08-25
DLTR,2022-11-22
DLTR,2023-03-01
DLTR,2023-05-25
DLTR,2023-08-24
DLTR,2023-11-29
DLTR,2024-03-13
DLTR,2024-06-05
DLTR,2024-09-04
DLTR,2024-12-04
DLTR,2025-03-26
DLTR,2025-06-04
DLTR,2025-09-03
DLTR,2025-12-03
DLTR,2026-03-16
DLTR,2026-05-28
DLTR,2026-08-27
DLTR,2026-12-02
DOC,2020-11-03
DOC,2021-02-10
DOC,2021-05-05
DOC,2021-08-04
DOC,2021-11-03
DOC,2022-02-09
DOC,2022-05-04
DOC,2022-08-03
DOC,2022-11-02
DOC,2023-02-08
DOC,2023-04-28
DOC,2023-07-28
DOC,2023-10-30
DOC,2024-02-09
DOC,2024-04-26
DOC,2024-07-26
DOC,2024-10-25
DOC,2025-02-04
DOC,2025-04-25
DOC,2025-07-25
DOC,2025-10-24
DOC,2026-02-03
DOC,2026-05-06
DOC,2026-08-05
DOC,2026-10-23
DOV,2020-10-20
DOV,2021-01-28
DOV,2021-04-20
DOV,2021-07-20
DOV,2021-10-19
DOV,2022-01-27
DOV,2022-04-21
DOV,2022-07-21
DOV,2022-10-20
DOV,2023-01-31
DOV,2023-04-26
DOV,2023-07-25
DOV,2023-10-24
DOV,2024-02-01
DOV,2024-04-25
DOV,2024-07-25
DOV,2024-10-24
DOV,2025-01-30
DOV,2025-04-24
DOV,2025-07-24
DOV,2025-10-23
DOV,2026-01-29
DOV,2026-04-23
DOV,2026-07-23
DOV,2026-10-22
DOW,2020-10-22
DOW,2021-01-28
DOW,2021-04-22
DOW,2021-07-22
DOW,2021-10-21
DOW,2022-01-27
DOW,2022-04-21
DOW,2022-07-21
DOW,2022-10-20
DOW,2023-01-26
DOW,2023-04-25
DOW,2023-07-25
DOW,2023-10-24
DOW,2024-01-25
DOW,2024-04-25
DOW,2024-07-25
DOW,2024-10-24
DOW,2025-01-30
DOW,2025-04-24
DOW,2025-07-24
DOW,2025-10-23
DOW,2026-01-29
DOW,2026-04-23
DOW,2026-07-23
DOW,2026-10-22
DPZ,2020-10-08
DPZ,2021-02-25
DPZ,2021-04-29
DPZ,2021-07-22
DPZ,2021-10-14
DPZ,2022-03-01
DPZ,2022-04-28
DPZ,2022-07-21
DPZ,2022-10-13
DPZ,2023-02-23
DPZ,2023-04-27
DPZ,2023-07-24
DPZ,2023-10-12
DPZ,2024-02-26
DPZ,2024-04-29
DPZ,2024-07-18
DPZ,2024-10-10
DPZ,2025-02-24
DPZ,2025-04-28
DPZ,2025-07-21
DPZ,2025-10-14
DPZ,2026-02-23
DPZ,2026-04-27
DPZ,2026-07-20
DPZ,2026-10-13
DRI,2020-12-18
DRI,2021-03-25
DRI,2021-06-24
DRI,2021-09-23
DRI,2021-12-17
DRI,2022-03-24
DRI,2022-06-23
DRI,2022-09-22
DRI,2022-12-16
DRI,2023-03-23
DRI,2023-06-22
DRI,2023-09-21
DRI,2023-12-15
DRI,2024-03-21
DRI,2024-06-20
DRI,2024-09-19
DRI,2024-12-19
DRI,2025-03-20
DRI,2025-06-20
DRI,2025-09-18
DRI,2025-12-18
DRI,2026-03-19
DRI,2026-06-25
DRI,2026-09-24
DRI,2026-12-24
DTE,2020-10-27
DTE,2021-02-19
DTE,2021-04-27
DTE,2021-07-27
DTE,2021-10-27
DTE,2022-02-10
DTE,2022-04-28
DTE,2022-07-28
DTE,2022-10-27
DTE,2023-02-23
DTE,2023-04-27
DTE,2023-07-27
DTE,2023-11-01
DTE,2024-02-08
DTE,2024-04-25
DTE,2024-07-25
DTE,2024-10-24
DTE,2025-02-13
DTE,2025-05-01
DTE,2025-07-29
DTE,2025-10-30
DTE,2026-02-17
DTE,2026-04-30
DTE,2026-07-28
DTE,2026-10-29
DUK,2020-11-05
DUK,2021-02-11
DUK,2021-05-10
DUK,2021-08-05
DUK,2021-11-04
DUK,2022-02-10
DUK,2022-05-09
DUK,2022-08-04
DUK,2022-11-04
DUK,2023-02-09
DUK,2023-05-09
DUK,2023-08-08
DUK,2023-11-02
DUK,2024-02-08
DUK,2024-05-07
DUK,2024-08-06
DUK,2024-11-07
DUK,2025-02-13
DUK,2025-05-06
DUK,2025-08-05
DUK,2025-11-07
DUK,2026-02-10
DUK,2026-05-05
DUK,2026-08-04
DUK,2026-11-05
DVA,2020-10-30
DVA,2021-02-12
DVA,2021-04-30
DVA,2021-08-04
DVA,2021-10-29
DVA,2022-02-11
DVA,2022-05-06
DVA,2022-08-02
DVA,2022-10-28
DVA,2023-02-23
DVA,2023-05-09
DVA,2023-08-04
DVA,2023-11-08
DVA,2024-02-14
DVA,2024-05-03
DVA,2024-08-07
DVA,2024-10-30
DVA,2025-02-14
DVA,2025-05-13
DVA,2025-08-06
DVA,2025-10-30
DVA,2026-02-03
DVA,2026-05-06
DVA,2026-08-05
DVA,2026-10-29
DVN,2020-10-30
DVN,2021-02-17
DVN,2021-05-05
DVN,2021-08-04
DVN,2021-11-03
DVN,2022-02-16
DVN,2022-05-03
DVN,2022-08-01
DVN,2022-11-02
DVN,2023-02-15
DVN,2023-05-09
DVN,2023-08-02
DVN,2023-11-08
DVN,2024-02-28
DVN,2024-05-02
DVN,2024-08-07
DVN,2024-11-06
DVN,2025-02-19
DVN,2025-05-07
DVN,2025-08-06
DVN,2025-11-06
DVN,2026-02-18
DVN,2026-05-06
DVN,2026-08-05
DVN,2026-11-04
DXCM,2020-10-28
DXCM,2021-02-12
DXCM,2021-04-30
DXCM,2021-07-30
DXCM,2021-10-29
DXCM,2022-02-11
DXCM,2022-04-29
DXCM,2022-07-29
DXCM,2022-10-28
DXCM,2023-02-10
DXCM,2023-04-28
DXCM,2023-07-28
DXCM,2023-10-27
DXCM,2024-02-09
DXCM,2024-04-26
DXCM,2024-07-26
DXCM,2024-10-25
DXCM,2025-02-14
DXCM,2025-05-02
DXCM,2025-07-31
DXCM,2025-10-31
DXCM,2026-02-13
DXCM,2026-05-01
DXCM,2026-07-31
DXCM,2026-10-30
EBAY,2020-10-29
EBAY,2021-02-04
EBAY,2021-04-29
EBAY,2021-08-12
EBAY,2021-10-28
EBAY,2022-02-24
EBAY,2022-05-05
EBAY,2022-08-04
EBAY,2022-11-03
EBAY,2023-02-23
EBAY,2023-04-27
EBAY,2023-07-27
EBAY,2023-11-08
EBAY,2024-02-28
EBAY,2024-05-02
EBAY,2024-08-01
EBAY,2024-10-31
EBAY,2025-02-27
EBAY,2025-05-01
EBAY,2025-07-31
EBAY,2025-10-30
EBAY,2026-02-19
EBAY,2026-04-30
EBAY,2026-08-06
EBAY,2026-11-04
ECHO,2020-11-05
ECHO,2021-02-23
ECHO,2021-05-06
ECHO,2021-08-03
ECHO,2021-11-09
ECHO,2022-02-24
ECHO,2022-05-05
ECHO,2022-08-04
ECHO,2022-11-03
ECHO,2023-02-23
ECHO,2023-05-09
ECHO,2023-08-08
ECHO,2023-11-06
ECHO,2024-03-01
ECHO,2024-05-08
ECHO,2024-08-09
ECHO,2024-11-12
ECHO,2025-02-27
ECHO,2025-05-09
ECHO,2025-08-01
ECHO,2025-11-06
ECHO,2026-03-02
ECHO,2026-05-11
ECHO,2026-08-03
ECHO,2026-11-05
ECL,2020-10-27
ECL,2021-02-16
ECL,2021-04-27
ECL,2021-07-27
ECL,2021-10-26
ECL,2022-02-15
ECL,2022-04-26
ECL,2022-07-26
ECL,2022-11-01
ECL,2023-02-14
ECL,2023-05-02
ECL,2023-08-01
ECL,2023-10-31
ECL,2024-02-13
ECL,2024-04-30
ECL,2024-07-30
ECL,2024-10-29
ECL,2025-02-11
ECL,2025-04-29
ECL,2025-07-29
ECL,2025-10-28
ECL,2026-02-10
ECL,2026-04-28
ECL,2026-07-28
ECL,2026-10-27
ED,2020-11-06
ED,2021-02-19
ED,2021-05-07
ED,2021-08-06
ED,2021-11-05
ED,2022-02-18
ED,2022-05-06
ED,2022-08-05
ED,2022-11-04
ED,2023-02-17
ED,2023-05-05
ED,2023-08-04
ED,2023-11-03
ED,2024-02-16
ED,2024-05-03
ED,2024-08-02
ED,2024-11-08
ED,2025-02-21
ED,2025-05-02
ED,2025-08-08
ED,2025-11-07
ED,2026-02-20
ED,2026-05-08
ED,2026-08-07
ED,2026-11-05
EFX,2020-10-22
EFX,2021-02-11
EFX,2021-04-22
EFX,2021-07-22
EFX,2021-10-21
EFX,2022-02-10
EFX,2022-04-21
EFX,2022-07-21
EFX,2022-10-20
EFX,2023-02-09
EFX,2023-04-20
EFX,2023-07-20
EFX,2023-10-19
EFX,2024-02-08
EFX,2024-04-18
EFX,2024-07-18
EFX,2024-10-17
EFX,2025-02-06
EFX,2025-04-22
EFX,2025-07-22
EFX,2025-10-21
EFX,2026-02-04
EFX,2026-04-21
EFX,2026-07-21
EFX,2026-10-20
EG,2020-10-30
EG,2021-02-09
EG,2021-04-29
EG,2021-07-29
EG,2021-10-28
EG,2022-02-10
EG,2022-04-28
EG,2022-07-28
EG,2022-10-27
EG,2023-02-09
EG,2023-05-02
EG,2023-07-27
EG,2023-10-26
EG,2024-02-08
EG,2024-04-30
EG,2024-08-01
EG,2024-10-31
EG,2025-02-04
EG,2025-05-01
EG,2025-07-31
EG,2025-10-28
EG,2026-02-05
EG,2026-04-30
EG,2026-07-30
EG,2026-10-29
EIX,2020-10-28
EIX,2021-02-26
EIX,2021-04-28
EIX,2021-07-30
EIX,2021-11-03
EIX,2022-02-25
EIX,2022-05-04
EIX,2022-07-29
EIX,2022-11-02
EIX,2023-02-24
EIX,2023-05-03
EIX,2023-07-28
EIX,2023-11-02
EIX,2024-02-23
EIX,2024-05-01
EIX,2024-07-26
EIX,2024-10-30
EIX,2025-02-28
EIX,2025-04-30
EIX,2025-08-01
EIX,2025-10-29
EIX,2026-02-19
EIX,2026-04-29
EIX,2026-07-31
EIX,2026-10-28
EL,2020-11-02
EL,2021-02-05
EL,2021-05-03
EL,2021-08-19
EL,2021-11-02
EL,2022-02-03
EL,2022-05-03
EL,2022-08-18
EL,2022-11-02
EL,2023-02-02
EL,2023-05-03
EL,2023-08-18
EL,2023-11-01
EL,2024-02-05
EL,2024-05-01
EL,2024-08-19
EL,2024-10-31
EL,2025-02-04
EL,2025-05-01
EL,2025-08-20
EL,2025-10-30
EL,2026-02-05
EL,2026-05-01
EL,2026-08-19
EL,2026-11-02
ELV,2020-10-28
ELV,2021-01-27
ELV,2021-04-21
ELV,2021-07-21
ELV,2021-10-20
ELV,2022-01-26
ELV,2022-04-20
ELV,2022-07-20
ELV,2022-10-19
ELV,2023-01-25
ELV,2023-04-19
ELV,2023-07-19
ELV,2023-10-18
ELV,2024-01-24
ELV,2024-04-18
ELV,2024-07-17
ELV,2024-10-17
ELV,2025-01-23
ELV,2025-04-22
ELV,2025-07-17
ELV,2025-10-21
ELV,2026-01-28
ELV,2026-04-22
ELV,2026-07-15
ELV,2026-10-21
EME,2020-10-29
EME,2021-02-25
EME,2021-04-29
EME,2021-07-29
EME,2021-10-28
EME,2022-02-24
EME,2022-04-28
EME,2022-07-28
EME,2022-10-27
EME,2023-02-23
EME,2023-04-27
EME,2023-07-27
EME,2023-10-26
EME,2024-02-28
EME,2024-04-25
EME,2024-07-25
EME,2024-10-31
EME,2025-02-26
EME,2025-04-30
EME,2025-07-31
EME,2025-10-30
EME,2026-02-26
EME,2026-04-29
EME,2026-07-30
EME,2026-10-29
EMR,2020-11-03
EMR,2021-02-02
EMR,2021-05-05
EMR,2021-08-04
EMR,2021-11-03
EMR,2022-02-02
EMR,2022-05-04
EMR,2022-08-09
EMR,2022-10-31
EMR,2023-02-08
EMR,2023-05-03
EMR,2023-08-02
EMR,2023-11-07
EMR,2024-02-07
EMR,2024-05-08
EMR,2024-08-07
EMR,2024-11-05
EMR,2025-02-05
EMR,2025-05-07
EMR,2025-08-06
EMR,2025-11-05
EMR,2026-02-04
EMR,2026-05-06
EMR,2026-08-05
EMR,2026-11-04
EOG,2020-11-06
EOG,2021-02-26
EOG,2021-05-07
EOG,2021-08-05
EOG,2021-11-05
EOG,2022-02-25
EOG,2022-05-06
EOG,2022-08-05
EOG,2022-11-04
EOG,2023-02-24
EOG,2023-05-05
EOG,2023-08-04
EOG,2023-11-03
EOG,2024-02-23
EOG,2024-05-03
EOG,2024-08-02
EOG,2024-11-08
EOG,2025-02-28
EOG,2025-05-02
EOG,2025-08-08
EOG,2025-11-07
EOG,2026-02-25
EOG,2026-05-06
EOG,2026-08-05
EOG,2026-11-05
EQIX,2020-10-29
EQIX,2021-02-11
EQIX,2021-04-29
EQIX,2021-07-29
EQIX,2021-11-04
EQIX,2022-02-17
EQIX,2022-04-28
EQIX,2022-07-28
EQIX,2022-11-03
EQIX,2023-02-16
EQIX,2023-05-04
EQIX,2023-08-03
EQIX,2023-10-26
EQIX,2024-02-15
EQIX,2024-05-09
EQIX,2024-08-07
EQIX,2024-10-31
EQIX,2025-02-13
EQIX,2025-05-01
EQIX,2025-07-31
EQIX,2025-10-30
EQIX,2026-02-12
EQIX,2026-04-30
EQIX,2026-07-30
EQIX,2026-10-29
EQT,2020-10-22
EQT,2021-02-17
EQT,2021-05-06
EQT,2021-07-29
EQT,2021-10-28
EQT,2022-02-10
EQT,2022-04-28
EQT,2022-07-28
EQT,2022-10-27
EQT,2023-02-16
EQT,2023-04-27
EQT,2023-07-26
EQT,2023-10-26
EQT,2024-02-14
EQT,2024-04-24
EQT,2024-07-24
EQT,2024-10-30
EQT,2025-02-19
EQT,2025-04-23
EQT,2025-07-23
EQT,2025-10-22
EQT,2026-02-18
EQT,2026-04-22
EQT,2026-07-22
EQT,2026-10-21
ERIE,2020-10-30
ERIE,2021-02-26
ERIE,2021-04-30
ERIE,2021-07-30
ERIE,2021-10-29
ERIE,2022-02-25
ERIE,2022-04-29
ERIE,2022-07-29
ERIE,2022-10-28
ERIE,2023-03-02
ERIE,2023-04-28
ERIE,2023-07-28
ERIE,2023-10-27
ERIE,2024-02-27
ERIE,2024-04-26
ERIE,2024-07-26
ERIE,2024-11-01
ERIE,2025-02-28
ERIE,2025-04-25
ERIE,2025-08-08
ERIE,2025-10-31
ERIE,2026-02-24
ERIE,2026-04-24
ERIE,2026-07-31
ERIE,2026-10-30
ES,2020-11-04
ES,2021-02-17
ES,2021-05-10
ES,2021-07-30
ES,2021-11-03
ES,2022-02-17
ES,2022-05-05
ES,2022-07-29
ES,2022-11-03
ES,2023-02-14
ES,2023-05-04
ES,2023-08-01
ES,2023-11-06
ES,2024-02-14
ES,2024-05-02
ES,2024-08-01
ES,2024-11-05
ES,2025-02-12
ES,2025-05-02
ES,2025-08-01
ES,2025-11-05
ES,2026-02-13
ES,2026-05-07
ES,2026-07-31
ES,2026-11-04
ESS,2020-10-29
ESS,2021-02-05
ESS,2021-04-28
ESS,2021-07-30
ESS,2021-10-27
ESS,2022-02-03
ESS,2022-04-27
ESS,2022-07-27
ESS,2022-10-27
ESS,2023-02-08
ESS,2023-04-28
ESS,2023-07-28
ESS,2023-10-27
ESS,2024-02-07
ESS,2024-05-01
ESS,2024-07-31
ESS,2024-10-30
ESS,2025-02-05
ESS,2025-04-30
ESS,2025-07-30
ESS,2025-10-30
ESS,2026-02-05
ESS,2026-04-29
ESS,2026-07-30
ESS,2026-10-28
ETN,2020-11-03
ETN,2021-02-02
ETN,2021-05-04
ETN,2021-08-03
ETN,2021-11-02
ETN,2022-02-04
ETN,2022-05-03
ETN,2022-08-02
ETN,2022-11-01
ETN,2023-02-08
ETN,2023-05-02
ETN,2023-08-01
ETN,2023-10-31
ETN,2024-02-01
ETN,2024-04-30
ETN,2024-08-01
ETN,2024-10-31
ETN,2025-01-31
ETN,2025-05-02
ETN,2025-08-05
ETN,2025-11-04
ETN,2026-02-03
ETN,2026-05-05
ETN,2026-07-31
ETN,2026-11-03
ETR,2020-10-28
ETR,2021-02-24
ETR,2021-04-28
ETR,2021-08-04
ETR,2021-11-03
ETR,2022-02-23
ETR,2022-04-27
ETR,2022-08-03
ETR,2022-11-02
ETR,2023-02-16
ETR,2023-04-26
ETR,2023-08-02
ETR,2023-11-01
ETR,2024-02-22
ETR,2024-04-24
ETR,2024-08-01
ETR,2024-10-31
ETR,2025-02-18
ETR,2025-04-29
ETR,2025-07-30
ETR,2025-10-29
ETR,2026-02-12
ETR,2026-04-29
ETR,2026-07-29
ETR,2026-10-29
EVRG,2020-11-05
EVRG,2021-02-26
EVRG,2021-05-06
EVRG,2021-08-05
EVRG,2021-11-03
EVRG,2022-02-25
EVRG,2022-05-05
EVRG,2022-08-04
EVRG,2022-11-04
EVRG,2023-02-24
EVRG,2023-05-05
EVRG,2023-08-04
EVRG,2023-11-07
EVRG,2024-02-29
EVRG,2024-05-09
EVRG,2024-08-09
EVRG,2024-11-07
EVRG,2025-02-27
EVRG,2025-05-08
EVRG,2025-08-07
EVRG,2025-11-06
EVRG,2026-02-19
EVRG,2026-05-07
EVRG,2026-08-06
EVRG,2026-11-05
EW,2020-10-22
EW,2021-01-28
EW,2021-04-21
EW,2021-07-30
EW,2021-10-28
EW,2022-01-27
EW,2022-04-27
EW,2022-07-29
EW,2022-10-28
EW,2023-02-01
EW,2023-04-27
EW,2023-07-27
EW,2023-10-26
EW,2024-02-07
EW,2024-04-26
EW,2024-07-25
EW,2024-10-25
EW,2025-02-12
EW,2025-04-24
EW,2025-07-25
EW,2025-10-31
EW,2026-02-11
EW,2026-04-24
EW,2026-07-24
EW,2026-10-30
EXC,2020-11-03
EXC,2021-02-24
EXC,2021-05-05
EXC,2021-08-04
EXC,2021-11-03
EXC,2022-02-25
EXC,2022-05-09
EXC,2022-08-03
EXC,2022-11-03
EXC,2023-02-14
EXC,2023-05-03
EXC,2023-08-02
EXC,2023-11-02
EXC,2024-02-21
EXC,2024-05-02
EXC,2024-08-01
EXC,2024-10-30
EXC,2025-02-12
EXC,2025-05-01
EXC,2025-07-31
EXC,2025-11-04
EXC,2026-02-12
EXC,2026-05-06
EXC,2026-07-30
EXC,2026-11-03
EXE,2021-03-02
EXE,2021-05-12
EXE,2021-08-11
EXE,2021-11-03
EXE,2022-02-24
EXE,2022-05-05
EXE,2022-08-03
EXE,2022-11-02
EXE,2023-02-22
EXE,2023-05-03
EXE,2023-08-02
EXE,2023-11-01
EXE,2024-02-21
EXE,2024-05-01
EXE,2024-07-30
EXE,2024-10-30
EXE,2025-02-27
EXE,2025-04-30
EXE,2025-07-30
EXE,2025-10-29
EXE,2026-02-18
EXE,2026-04-29
EXE,2026-07-29
EXE,2026-10-28
EXPD,2020-11-03
EXPD,2021-02-16
EXPD,2021-05-04
EXPD,2021-08-03
EXPD,2021-11-02
EXPD,2022-02-22
EXPD,2022-05-03
EXPD,2022-08-02
EXPD,2022-11-08
EXPD,2023-02-21
EXPD,2023-05-02
EXPD,2023-08-08
EXPD,2023-11-07
EXPD,2024-02-20
EXPD,2024-05-07
EXPD,2024-08-06
EXPD,2024-11-05
EXPD,2025-02-18
EXPD,2025-05-06
EXPD,2025-08-05
EXPD,2025-11-04
EXPD,2026-02-24
EXPD,2026-05-05
EXPD,2026-08-04
EXPD,2026-11-03
EXPE,2020-11-05
EXPE,2021-02-12
EXPE,2021-05-07
EXPE,2021-08-06
EXPE,2021-11-05
EXPE,2022-02-11
EXPE,2022-05-03
EXPE,2022-08-05
EXPE,2022-11-04
EXPE,2023-02-10
EXPE,2023-05-05
EXPE,2023-08-03
EXPE,2023-11-03
EXPE,2024-02-09
EXPE,2024-05-03
EXPE,2024-08-09
EXPE,2024-11-08
EXPE,2025-02-07
EXPE,2025-05-09
EXPE,2025-08-08
EXPE,2025-11-07
EXPE,2026-02-13
EXPE,2026-05-08
EXPE,2026-08-06
EXPE,2026-11-05
EXR,2020-11-05
EXR,2021-02-23
EXR,2021-04-29
EXR,2021-07-28
EXR,2021-10-28
EXR,2022-02-24
EXR,2022-05-04
EXR,2022-08-03
EXR,2022-11-02
EXR,2023-02-23
EXR,2023-05-03
EXR,2023-08-04
EXR,2023-11-08
EXR,2024-02-28
EXR,2024-05-01
EXR,2024-07-31
EXR,2024-10-30
EXR,2025-02-26
EXR,2025-04-30
EXR,2025-07-31
EXR,2025-10-30
EXR,2026-02-20
EXR,2026-04-29
EXR,2026-07-29
EXR,2026-10-29
F,2020-10-29
F,2021-02-05
F,2021-04-29
F,2021-07-29
F,2021-10-28
F,2022-02-04
F,2022-04-28
F,2022-07-28
F,2022-10-27
F,2023-02-03
F,2023-05-03
F,2023-07-28
F,2023-10-27
F,2024-02-07
F,2024-04-25
F,2024-07-25
F,2024-10-29
F,2025-02-06
F,2025-05-06
F,2025-07-31
F,2025-10-24
F,2026-02-11
F,2026-04-30
F,2026-07-29
F,2026-10-23
FANG,2020-11-03
FANG,2021-02-23
FANG,2021-05-04
FANG,2021-08-03
FANG,2021-11-02
FANG,2022-02-23
FANG,2022-05-03
FANG,2022-08-02
FANG,2022-11-08
FANG,2023-02-22
FANG,2023-05-02
FANG,2023-08-01
FANG,2023-11-07
FANG,2024-02-21
FANG,2024-05-01
FANG,2024-08-06
FANG,2024-11-05
FANG,2025-02-25
FANG,2025-05-06
FANG,2025-08-05
FANG,2025-11-04
FANG,2026-02-24
FANG,2026-05-05
FANG,2026-08-04
FANG,2026-11-02
FAST,2020-10-13
FAST,2021-01-20
FAST,2021-04-13
FAST,2021-07-13
FAST,2021-10-12
FAST,2022-01-19
FAST,2022-04-13
FAST,2022-07-13
FAST,2022-10-13
FAST,2023-01-19
FAST,2023-04-13
FAST,2023-07-13
FAST,2023-10-12
FAST,2024-01-18
FAST,2024-04-11
FAST,2024-07-12
FAST,2024-10-11
FAST,2025-01-17
FAST,2025-04-11
FAST,2025-07-14
FAST,2025-10-13
FAST,2026-01-20
FAST,2026-04-13
FAST,2026-07-14
FAST,2026-10-14
FCX,2020-10-22
FCX,2021-01-26
FCX,2021-04-22
FCX,2021-07-22
FCX,2021-10-21
FCX,2022-01-26
FCX,2022-04-21
FCX,2022-07-21
FCX,2022-10-20
FCX,2023-01-25
FCX,2023-04-21
FCX,2023-07-20
FCX,2023-10-19
FCX,2024-01-24
FCX,2024-04-23
FCX,2024-07-23
FCX,2024-10-22
FCX,2025-01-23
FCX,2025-04-24
FCX,2025-07-23
FCX,2025-10-23
FCX,2026-01-22
FCX,2026-04-23
FCX,2026-07-23
FCX,2026-10-22
FDS,2020-09-24
FDS,2020-12-21
FDS,2021-03-30
FDS,2021-06-29
FDS,2021-09-28
FDS,2021-12-21
FDS,2022-03-24
FDS,2022-06-23
FDS,2022-09-22
FDS,2022-12-20
FDS,2023-03-23
FDS,2023-06-22
FDS,2023-09-21
FDS,2023-12-19
FDS,2024-03-21
FDS,2024-06-21
FDS,2024-09-19
FDS,2024-12-19
FDS,2025-03-20
FDS,2025-06-23
FDS,2025-09-18
FDS,2025-12-18
FDS,2026-03-31
FDS,2026-07-01
FDS,2026-09-30
FDX,2020-09-16
FDX,2020-12-18
FDX,2021-03-19
FDX,2021-06-25
FDX,2021-09-22
FDX,2021-12-17
FDX,2022-03-18
FDX,2022-06-24
FDX,2022-09-16
FDX,2022-12-21
FDX,2023-03-17
FDX,2023-06-21
FDX,2023-09-21
FDX,2023-12-20
FDX,2024-03-22
FDX,2024-06-26
FDX,2024-09-20
FDX,2024-12-20
FDX,2025-03-21
FDX,2025-06-25
FDX,2025-09-19
FDX,2025-12-19
FDX,2026-03-20
FDX,2026-06-24
FDX,2026-10-13
FDXF,2026-09-09
FDXF,2026-10-29
FE,2020-11-02
FE,2021-02-18
FE,2021-04-23
FE,2021-07-23
FE,2021-10-29
FE,2022-02-11
FE,2022-04-22
FE,2022-07-27
FE,2022-10-26
FE,2023-02-14
FE,2023-04-28
FE,2023-08-02
FE,2023-10-27
FE,2024-02-09
FE,2024-04-26
FE,2024-07-31
FE,2024-10-30
FE,2025-02-27
FE,2025-04-24
FE,2025-07-31
FE,2025-10-23
FE,2026-02-18
FE,2026-04-29
FE,2026-07-29
FE,2026-10-22
FERG,2021-12-07
FERG,2022-03-15
FERG,2022-06-14
FERG,2022-09-27
FERG,2022-12-06
FERG,2023-03-07
FERG,2023-06-06
FERG,2023-09-26
FERG,2023-12-05
FERG,2024-03-05
FERG,2024-06-04
FERG,2024-09-17
FERG,2024-12-10
FERG,2025-03-11
FERG,2025-06-03
FERG,2026-02-24
FERG,2026-05-05
FERG,2026-08-10
FERG,2026-11-09
FFIV,2020-10-27
FFIV,2021-01-27
FFIV,2021-04-28
FFIV,2021-07-27
FFIV,2021-10-27
FFIV,2022-01-26
FFIV,2022-04-27
FFIV,2022-07-26
FFIV,2022-10-26
FFIV,2023-01-25
FFIV,2023-04-20
FFIV,2023-07-25
FFIV,2023-10-25
FFIV,2024-01-30
FFIV,2024-04-30
FFIV,2024-07-30
FFIV,2024-10-29
FFIV,2025-01-29
FFIV,2025-04-29
FFIV,2025-07-31
FFIV,2025-10-28
FFIV,2026-01-28
FFIV,2026-04-29
FFIV,2026-07-28
FFIV,2026-10-27
FICO,2020-11-11
FICO,2021-01-29
FICO,2021-05-06
FICO,2021-08-04
FICO,2021-11-11
FICO,2022-01-28
FICO,2022-04-28
FICO,2022-08-04
FICO,2022-11-10
FICO,2023-01-27
FICO,2023-04-28
FICO,2023-08-03
FICO,2023-11-09
FICO,2024-01-26
FICO,2024-04-26
FICO,2024-08-01
FICO,2024-11-07
FICO,2025-02-05
FICO,2025-04-30
FICO,2025-07-31
FICO,2025-11-06
FICO,2026-01-29
FICO,2026-04-29
FICO,2026-07-30
FICO,2026-11-04
FIS,2020-10-29
FIS,2021-02-09
FIS,2021-05-06
FIS,2021-08-03
FIS,2021-11-04
FIS,2022-02-15
FIS,2022-05-03
FIS,2022-08-04
FIS,2022-11-03
FIS,2023-02-13
FIS,2023-04-27
FIS,2023-08-02
FIS,2023-11-07
FIS,2024-02-26
FIS,2024-05-07
FIS,2024-08-06
FIS,2024-11-04
FIS,2025-02-11
FIS,2025-05-06
FIS,2025-08-05
FIS,2025-11-05
FIS,2026-02-24
FIS,2026-05-08
FIS,2026-08-04
FIS,2026-11-04
FISV,2020-10-28
FISV,2021-02-10
FISV,2021-04-27
FISV,2021-07-27
FISV,2021-10-27
FISV,2022-02-08
FISV,2022-04-27
FISV,2022-07-26
FISV,2022-10-27
FISV,2023-02-07
FISV,2023-04-25
FISV,2023-07-26
FISV,2023-10-24
FISV,2024-02-06
FISV,2024-04-23
FISV,2024-07-24
FISV,2024-10-22
FISV,2025-02-05
FISV,2025-04-24
FISV,2025-07-23
FISV,2025-10-29
FISV,2026-02-10
FISV,2026-05-05
FISV,2026-08-06
FISV,2026-10-28
FITB,2020-10-22
FITB,2021-01-21
FITB,2021-04-20
FITB,2021-07-22
FITB,2021-10-19
FITB,2022-01-20
FITB,2022-04-19
FITB,2022-07-21
FITB,2022-10-20
FITB,2023-01-19
FITB,2023-04-20
FITB,2023-07-20
FITB,2023-10-19
FITB,2024-01-19
FITB,2024-04-19
FITB,2024-07-19
FITB,2024-10-18
FITB,2025-01-21
FITB,2025-04-17
FITB,2025-07-17
FITB,2025-10-17
FITB,2026-01-20
FITB,2026-04-17
FITB,2026-07-17
FITB,2026-10-19
FIX,2020-10-27
FIX,2021-02-26
FIX,2021-04-29
FIX,2021-07-29
FIX,2021-10-28
FIX,2022-02-24
FIX,2022-04-28
FIX,2022-07-28
FIX,2022-10-27
FIX,2023-02-23
FIX,2023-04-27
FIX,2023-07-27
FIX,2023-10-27
FIX,2024-02-23
FIX,2024-04-26
FIX,2024-07-26
FIX,2024-10-25
FIX,2025-02-21
FIX,2025-04-25
FIX,2025-07-25
FIX,2025-10-24
FIX,2026-02-20
FIX,2026-04-24
FIX,2026-07-24
FIX,2026-10-23
FLEX,2020-10-30
FLEX,2021-01-28
FLEX,2021-05-05
FLEX,2021-07-29
FLEX,2021-10-28
FLEX,2022-01-27
FLEX,2022-05-05
FLEX,2022-07-28
FLEX,2022-10-27
FLEX,2023-01-26
FLEX,2023-05-11
FLEX,2023-07-27
FLEX,2023-10-26
FLEX,2024-02-01
FLEX,2024-05-01
FLEX,2024-07-24
FLEX,2024-10-30
FLEX,2025-01-29
FLEX,2025-05-07
FLEX,2025-07-24
FLEX,2025-10-29
FLEX,2026-02-04
FLEX,2026-05-06
FLEX,2026-07-29
FLEX,2026-10-28
FOX,2019-08-08
FOX,2019-11-07
FOX,2020-02-06
FOX,2020-05-07
FOX,2022-02-09
FOX,2022-05-10
FOX,2022-08-10
FOX,2022-11-01
FOX,2023-02-08
FOX,2023-05-09
FOX,2023-08-08
FOX,2023-11-02
FOX,2024-02-07
FOX,2024-05-08
FOX,2024-08-06
FOX,2024-11-04
FOX,2025-02-04
FOX,2025-05-12
FOX,2025-08-05
FOX,2025-10-30
FOX,2026-02-04
FOX,2026-05-11
FOX,2026-08-06
FOX,2026-10-29
FOXA,2020-11-03
FOXA,2021-02-09
FOXA,2021-05-06
FOXA,2021-08-05
FOXA,2021-11-04
FOXA,2022-02-09
FOXA,2022-05-10
FOXA,2022-08-10
FOXA,2022-11-01
FOXA,2023-02-08
FOXA,2023-05-09
FOXA,2023-08-08
FOXA,2023-11-02
FOXA,2024-02-07
FOXA,2024-05-08
FOXA,2024-08-06
FOXA,2024-11-04
FOXA,2025-02-04
FOXA,2025-05-12
FOXA,2025-08-05
FOXA,2025-10-30
FOXA,2026-02-04
FOXA,2026-05-11
FOXA,2026-08-06
FOXA,2026-10-29
FRT,2020-11-06
FRT,2021-02-12
FRT,2021-05-06
FRT,2021-08-05
FRT,2021-11-05
FRT,2022-02-11
FRT,2022-05-05
FRT,2022-08-04
FRT,2022-11-04
FRT,2023-02-09
FRT,2023-05-05
FRT,2023-08-03
FRT,2023-11-03
FRT,2024-02-13
FRT,2024-05-03
FRT,2024-08-02
FRT,2024-10-31
FRT,2025-02-14
FRT,2025-05-09
FRT,2025-08-07
FRT,2025-10-31
FRT,2026-02-13
FRT,2026-05-01
FRT,2026-07-31
FRT,2026-10-30
FSLR,2020-10-28
FSLR,2021-02-26
FSLR,2021-04-30
FSLR,2021-07-30
FSLR,2021-11-05
FSLR,2022-03-02
FSLR,2022-04-29
FSLR,2022-07-29
FSLR,2022-10-28
FSLR,2023-03-01
FSLR,2023-04-28
FSLR,2023-07-28
FSLR,2023-11-01
FSLR,2024-02-28
FSLR,2024-05-02
FSLR,2024-07-31
FSLR,2024-10-30
FSLR,2025-02-26
FSLR,2025-04-30
FSLR,2025-08-01
FSLR,2025-10-31
FSLR,2026-02-25
FSLR,2026-05-01
FSLR,2026-07-31
FSLR,2026-10-30
FTNT,2020-10-30
FTNT,2021-02-05
FTNT,2021-04-30
FTNT,2021-07-30
FTNT,2021-11-05
FTNT,2022-02-04
FTNT,2022-05-05
FTNT,2022-08-04
FTNT,2022-11-03
FTNT,2023-02-08
FTNT,2023-05-05
FTNT,2023-08-04
FTNT,2023-11-03
FTNT,2024-02-07
FTNT,2024-05-03
FTNT,2024-08-07
FTNT,2024-11-08
FTNT,2025-02-07
FTNT,2025-05-08
FTNT,2025-08-07
FTNT,2025-11-06
FTNT,2026-02-06
FTNT,2026-05-07
FTNT,2026-07-30
FTNT,2026-11-04
FTV,2020-10-28
FTV,2021-02-05
FTV,2021-04-30
FTV,2021-07-30
FTV,2021-10-29
FTV,2022-02-03
FTV,2022-04-28
FTV,2022-07-28
FTV,2022-10-26
FTV,2023-02-01
FTV,2023-04-26
FTV,2023-07-26
FTV,2023-10-25
FTV,2024-01-31
FTV,2024-04-24
FTV,2024-07-24
FTV,2024-10-30
FTV,2025-02-07
FTV,2025-05-01
FTV,2025-07-30
FTV,2025-10-29
FTV,2026-02-04
FTV,2026-04-30
FTV,2026-07-29
FTV,2026-10-28
GD,2020-10-28
GD,2021-01-27
GD,2021-04-28
GD,2021-07-28
GD,2021-10-27
GD,2022-01-26
GD,2022-04-27
GD,2022-07-27
GD,2022-10-26
GD,2023-01-25
GD,2023-04-26
GD,2023-07-26
GD,2023-10-25
GD,2024-01-24
GD,2024-04-24
GD,2024-07-24
GD,2024-10-23
GD,2025-01-29
GD,2025-04-23
GD,2025-07-23
GD,2025-10-24
GD,2026-01-28
GD,2026-04-29
GD,2026-07-29
GD,2026-10-28
GDDY,2020-11-05
GDDY,2021-02-12
GDDY,2021-05-06
GDDY,2021-08-05
GDDY,2021-11-04
GDDY,2022-02-11
GDDY,2022-05-05
GDDY,2022-08-04
GDDY,2022-11-04
GDDY,2023-02-15
GDDY,2023-05-05
GDDY,2023-08-04
GDDY,2023-11-03
GDDY,2024-02-14
GDDY,2024-05-03
GDDY,2024-08-02
GDDY,2024-10-31
GDDY,2025-02-14
GDDY,2025-05-02
GDDY,2025-08-08
GDDY,2025-10-31
GDDY,2026-02-25
GDDY,2026-05-01
GDDY,2026-07-31
GDDY,2026-10-30
GE,2020-10-28
GE,2021-01-26
GE,2021-04-27
GE,2021-07-27
GE,2021-10-26
GE,2022-01-25
GE,2022-04-26
GE,2022-07-26
GE,2022-10-25
GE,2023-01-24
GE,2023-04-25
GE,2023-07-25
GE,2023-10-24
GE,2024-01-23
GE,2024-04-23
GE,2024-07-23
GE,2024-10-22
GE,2025-01-23
GE,2025-04-22
GE,2025-07-17
GE,2025-10-21
GE,2026-01-22
GE,2026-04-21
GE,2026-07-16
GE,2026-10-20
GEHC,2023-01-30
GEHC,2023-04-25
GEHC,2023-07-25
GEHC,2023-10-31
GEHC,2024-02-06
GEHC,2024-04-30
GEHC,2024-07-31
GEHC,2024-10-30
GEHC,2025-02-13
GEHC,2025-04-30
GEHC,2025-07-30
GEHC,2025-10-29
GEHC,2026-02-04
GEHC,2026-04-29
GEHC,2026-07-29
GEHC,2026-10-28
GEN,2020-11-06
GEN,2021-02-05
GEN,2021-05-11
GEN,2021-07-28
GEN,2021-11-05
GEN,2022-02-04
GEN,2022-05-06
GEN,2022-08-05
GEN,2022-11-09
GEN,2023-02-03
GEN,2023-05-12
GEN,2023-08-04
GEN,2023-11-07
GEN,2024-02-02
GEN,2024-05-10
GEN,2024-08-02
GEN,2024-10-31
GEN,2025-01-31
GEN,2025-05-07
GEN,2025-08-08
GEN,2025-11-07
GEN,2026-02-06
GEN,2026-05-08
GEN,2026-08-07
GEN,2026-11-05
GEV,2024-04-25
GEV,2024-07-24
GEV,2024-10-23
GEV,2025-01-22
GEV,2025-04-23
GEV,2025-07-23
GEV,2025-10-22
GEV,2026-01-28
GEV,2026-04-22
GEV,2026-07-22
GEV,2026-10-28
GILD,2020-10-29
GILD,2021-02-05
GILD,2021-04-30
GILD,2021-07-30
GILD,2021-10-29
GILD,2022-02-02
GILD,2022-04-29
GILD,2022-08-03
GILD,2022-10-28
GILD,2023-02-03
GILD,2023-04-28
GILD,2023-08-04
GILD,2023-11-08
GILD,2024-02-07
GILD,2024-04-26
GILD,2024-08-09
GILD,2024-11-07
GILD,2025-02-12
GILD,2025-04-25
GILD,2025-08-08
GILD,2025-10-31
GILD,2026-02-11
GILD,2026-05-08
GILD,2026-08-05
GILD,2026-10-30
GIS,2020-12-17
GIS,2021-03-24
GIS,2021-06-30
GIS,2021-09-22
GIS,2021-12-21
GIS,2022-03-23
GIS,2022-06-29
GIS,2022-09-21
GIS,2022-12-20
GIS,2023-03-23
GIS,2023-06-28
GIS,2023-09-20
GIS,2023-12-20
GIS,2024-03-20
GIS,2024-06-26
GIS,2024-09-18
GIS,2024-12-18
GIS,2025-03-19
GIS,2025-06-25
GIS,2025-09-17
GIS,2025-12-17
GIS,2026-03-18
GIS,2026-07-01
GIS,2026-09-23
GIS,2026-12-23
GL,2020-10-22
GL,2021-02-03
GL,2021-04-22
GL,2021-07-22
GL,2021-10-21
GL,2022-02-03
GL,2022-04-21
GL,2022-07-28
GL,2022-10-27
GL,2023-02-02
GL,2023-05-04
GL,2023-07-27
GL,2023-10-26
GL,2024-02-08
GL,2024-04-23
GL,2024-07-25
GL,2024-10-24
GL,2025-02-06
GL,2025-05-01
GL,2025-07-24
GL,2025-10-23
GL,2026-02-05
GL,2026-04-23
GL,2026-07-23
GL,2026-10-22
GLW,2020-10-30
GLW,2021-01-27
GLW,2021-04-27
GLW,2021-07-27
GLW,2021-10-26
GLW,2022-01-26
GLW,2022-04-26
GLW,2022-07-26
GLW,2022-10-25
GLW,2023-01-31
GLW,2023-04-25
GLW,2023-07-25
GLW,2023-10-24
GLW,2024-01-30
GLW,2024-04-30
GLW,2024-07-30
GLW,2024-10-29
GLW,2025-01-29
GLW,2025-04-29
GLW,2025-07-29
GLW,2025-10-28
GLW,2026-01-28
GLW,2026-04-28
GLW,2026-07-28
GLW,2026-10-27
GM,2020-11-05
GM,2021-02-10
GM,2021-05-05
GM,2021-08-04
GM,2021-10-27
GM,2022-02-02
GM,2022-04-27
GM,2022-07-26
GM,2022-10-25
GM,2023-01-31
GM,2023-04-25
GM,2023-07-25
GM,2023-10-24
GM,2024-01-30
GM,2024-04-23
GM,2024-07-23
GM,2024-10-22
GM,2025-01-28
GM,2025-04-29
GM,2025-07-22
GM,2025-10-21
GM,2026-01-27
GM,2026-04-28
GM,2026-07-21
GM,2026-10-20
GNRC,2020-10-28
GNRC,2021-02-11
GNRC,2021-04-29
GNRC,2021-07-28
GNRC,2021-11-02
GNRC,2022-02-16
GNRC,2022-05-04
GNRC,2022-08-03
GNRC,2022-11-02
GNRC,2023-02-15
GNRC,2023-05-03
GNRC,2023-08-02
GNRC,2023-11-01
GNRC,2024-02-14
GNRC,2024-05-01
GNRC,2024-07-31
GNRC,2024-10-31
GNRC,2025-02-12
GNRC,2025-04-30
GNRC,2025-07-30
GNRC,2025-10-29
GNRC,2026-02-11
GNRC,2026-04-29
GNRC,2026-07-29
GNRC,2026-10-28
GOOG,2020-10-30
GOOG,2021-02-03
GOOG,2021-04-28
GOOG,2021-07-28
GOOG,2021-10-27
GOOG,2022-02-02
GOOG,2022-04-27
GOOG,2022-07-27
GOOG,2022-10-26
GOOG,2023-02-03
GOOG,2023-04-26
GOOG,2023-07-26
GOOG,2023-10-25
GOOG,2024-01-31
GOOG,2024-04-26
GOOG,2024-07-24
GOOG,2024-10-30
GOOG,2025-02-05
GOOG,2025-04-25
GOOG,2025-07-24
GOOG,2025-10-30
GOOG,2026-02-05
GOOG,2026-04-30
GOOG,2026-07-23
GOOG,2026-10-29
GOOGL,2020-10-30
GOOGL,2021-02-03
GOOGL,2021-04-28
GOOGL,2021-07-28
GOOGL,2021-10-27
GOOGL,2022-02-02
GOOGL,2022-04-27
GOOGL,2022-07-27
GOOGL,2022-10-26
GOOGL,2023-02-03
GOOGL,2023-04-26
GOOGL,2023-07-26
GOOGL,2023-10-25
GOOGL,2024-01-31
GOOGL,2024-04-26
GOOGL,2024-07-24
GOOGL,2024-10-30
GOOGL,2025-02-05
GOOGL,2025-04-25
GOOGL,2025-07-24
GOOGL,2025-10-30
GOOGL,2026-02-05
GOOGL,2026-04-30
GOOGL,2026-07-23
GOOGL,2026-10-29
GPC,2020-10-22
GPC,2021-02-17
GPC,2021-04-22
GPC,2021-07-22
GPC,2021-10-21
GPC,2022-02-17
GPC,2022-04-21
GPC,2022-07-27
GPC,2022-10-20
GPC,2023-02-23
GPC,2023-04-20
GPC,2023-07-20
GPC,2023-10-19
GPC,2024-02-15
GPC,2024-04-18
GPC,2024-07-23
GPC,2024-10-22
GPC,2025-02-18
GPC,2025-04-22
GPC,2025-07-22
GPC,2025-10-21
GPC,2026-02-17
GPC,2026-04-21
GPC,2026-07-21
GPC,2026-10-20
GPN,2020-10-29
GPN,2021-02-08
GPN,2021-05-04
GPN,2021-08-02
GPN,2021-11-02
GPN,2022-02-10
GPN,2022-05-02
GPN,2022-08-01
GPN,2022-10-31
GPN,2023-02-10
GPN,2023-05-01
GPN,2023-08-01
GPN,2023-10-31
GPN,2024-02-14
GPN,2024-05-01
GPN,2024-08-07
GPN,2024-10-30
GPN,2025-02-13
GPN,2025-05-06
GPN,2025-08-06
GPN,2025-11-04
GPN,2026-02-18
GPN,2026-05-06
GPN,2026-08-05
GPN,2026-11-03
GRMN,2020-10-28
GRMN,2021-02-17
GRMN,2021-04-28
GRMN,2021-07-28
GRMN,2021-10-27
GRMN,2022-02-16
GRMN,2022-04-27
GRMN,2022-07-27
GRMN,2022-10-26
GRMN,2023-02-22
GRMN,2023-05-03
GRMN,2023-08-02
GRMN,2023-11-01
GRMN,2024-02-21
GRMN,2024-05-01
GRMN,2024-07-31
GRMN,2024-10-30
GRMN,2025-02-19
GRMN,2025-04-30
GRMN,2025-07-30
GRMN,2025-10-29
GRMN,2026-02-18
GRMN,2026-04-29
GRMN,2026-07-29
GRMN,2026-10-28
GS,2020-10-14
GS,2021-01-19
GS,2021-04-14
GS,2021-07-13
GS,2021-10-15
GS,2022-01-18
GS,2022-04-14
GS,2022-07-18
GS,2022-10-18
GS,2023-01-17
GS,2023-04-18
GS,2023-07-19
GS,2023-10-17
GS,2024-01-16
GS,2024-04-15
GS,2024-07-15
GS,2024-10-15
GS,2025-01-15
GS,2025-04-14
GS,2025-07-16
GS,2025-10-14
GS,2026-01-15
GS,2026-04-13
GS,2026-07-14
GS,2026-10-13
GWW,2020-10-22
GWW,2021-02-03
GWW,2021-04-30
GWW,2021-07-30
GWW,2021-10-29
GWW,2022-02-03
GWW,2022-04-28
GWW,2022-07-29
GWW,2022-10-28
GWW,2023-02-02
GWW,2023-04-27
GWW,2023-07-27
GWW,2023-10-26
GWW,2024-02-02
GWW,2024-04-25
GWW,2024-08-01
GWW,2024-10-31
GWW,2025-01-31
GWW,2025-05-01
GWW,2025-08-01
GWW,2025-10-31
GWW,2026-02-03
GWW,2026-05-07
GWW,2026-08-04
GWW,2026-11-04
HAL,2020-10-19
HAL,2021-01-19
HAL,2021-04-21
HAL,2021-07-20
HAL,2021-10-19
HAL,2022-01-24
HAL,2022-04-19
HAL,2022-07-19
HAL,2022-10-25
HAL,2023-01-24
HAL,2023-04-25
HAL,2023-07-19
HAL,2023-10-24
HAL,2024-01-23
HAL,2024-04-23
HAL,2024-07-19
HAL,2024-11-07
HAL,2025-01-22
HAL,2025-04-22
HAL,2025-07-22
HAL,2025-10-21
HAL,2026-01-21
HAL,2026-04-21
HAL,2026-07-21
HAL,2026-10-20
HAS,2020-10-26
HAS,2021-02-08
HAS,2021-04-27
HAS,2021-07-26
HAS,2021-10-26
HAS,2022-02-07
HAS,2022-04-19
HAS,2022-07-19
HAS,2022-10-18
HAS,2023-02-16
HAS,2023-04-27
HAS,2023-08-03
HAS,2023-10-26
HAS,2024-02-13
HAS,2024-04-24
HAS,2024-07-25
HAS,2024-10-24
HAS,2025-02-20
HAS,2025-04-24
HAS,2025-07-23
HAS,2025-10-23
HAS,2026-02-10
HAS,2026-05-14
HAS,2026-07-21
HAS,2026-10-20
HAS,2026-10-22
HBAN,2020-10-22
HBAN,2021-01-22
HBAN,2021-04-22
HBAN,2021-07-29
HBAN,2021-10-28
HBAN,2022-01-21
HBAN,2022-04-21
HBAN,2022-07-21
HBAN,2022-10-21
HBAN,2023-01-20
HBAN,2023-04-20
HBAN,2023-07-21
HBAN,2023-10-20
HBAN,2024-01-19
HBAN,2024-04-19
HBAN,2024-07-19
HBAN,2024-10-17
HBAN,2025-01-17
HBAN,2025-04-17
HBAN,2025-07-18
HBAN,2025-10-17
HBAN,2026-01-22
HBAN,2026-04-23
HBAN,2026-07-23
HBAN,2026-10-22
HCA,2020-10-26
HCA,2021-02-02
HCA,2021-04-22
HCA,2021-07-20
HCA,2021-10-22
HCA,2022-01-27
HCA,2022-04-22
HCA,2022-07-22
HCA,2022-10-21
HCA,2023-01-27
HCA,2023-04-21
HCA,2023-07-27
HCA,2023-10-24
HCA,2024-01-30
HCA,2024-04-26
HCA,2024-07-23
HCA,2024-10-25
HCA,2025-01-24
HCA,2025-04-25
HCA,2025-07-25
HCA,2025-10-24
HCA,2026-01-27
HCA,2026-04-24
HCA,2026-07-24
HCA,2026-10-23
HD,2020-11-17
HD,2021-02-23
HD,2021-05-18
HD,2021-08-17
HD,2021-11-16
HD,2022-02-22
HD,2022-05-17
HD,2022-08-16
HD,2022-11-15
HD,2023-02-21
HD,2023-05-16
HD,2023-08-15
HD,2023-11-14
HD,2024-02-20
HD,2024-05-14
HD,2024-08-13
HD,2024-11-12
HD,2025-02-25
HD,2025-05-20
HD,2025-08-19
HD,2025-11-18
HD,2026-02-24
HD,2026-05-19
HD,2026-08-18
HD,2026-11-17
HIG,2020-10-30
HIG,2021-02-05
HIG,2021-04-22
HIG,2021-07-29
HIG,2021-10-29
HIG,2022-02-04
HIG,2022-04-29
HIG,2022-07-29
HIG,2022-10-28
HIG,2023-02-03
HIG,2023-04-28
HIG,2023-07-28
HIG,2023-10-27
HIG,2024-02-02
HIG,2024-04-26
HIG,2024-07-26
HIG,2024-10-25
HIG,2025-01-31
HIG,2025-04-25
HIG,2025-07-29
HIG,2025-10-28
HIG,2026-01-30
HIG,2026-04-24
HIG,2026-07-24
HIG,2026-10-27
HII,2020-11-05
HII,2021-02-11
HII,2021-05-06
HII,2021-08-05
HII,2021-11-04
HII,2022-02-10
HII,2022-05-05
HII,2022-08-04
HII,2022-11-03
HII,2023-02-09
HII,2023-05-04
HII,2023-08-03
HII,2023-11-02
HII,2024-02-01
HII,2024-05-02
HII,2024-08-01
HII,2024-10-31
HII,2025-02-06
HII,2025-05-01
HII,2025-07-31
HII,2025-10-30
HII,2026-02-05
HII,2026-05-05
HII,2026-07-30
HII,2026-10-29
HLT,2020-11-04
HLT,2021-02-17
HLT,2021-05-05
HLT,2021-07-29
HLT,2021-10-27
HLT,2022-02-16
HLT,2022-05-03
HLT,2022-07-27
HLT,2022-10-26
HLT,2023-02-09
HLT,2023-04-26
HLT,2023-07-26
HLT,2023-10-25
HLT,2024-02-07
HLT,2024-04-24
HLT,2024-08-07
HLT,2024-10-23
HLT,2025-02-06
HLT,2025-04-29
HLT,2025-07-23
HLT,2025-10-22
HLT,2026-02-11
HLT,2026-04-28
HLT,2026-07-28
HLT,2026-10-28
HON,2020-10-30
HON,2021-01-29
HON,2021-04-23
HON,2021-07-23
HON,2021-10-22
HON,2022-02-03
HON,2022-04-29
HON,2022-07-28
HON,2022-10-27
HON,2023-02-02
HON,2023-04-27
HON,2023-07-27
HON,2023-10-26
HON,2024-02-01
HON,2024-04-25
HON,2024-07-25
HON,2024-10-24
HON,2025-02-06
HON,2025-04-29
HON,2025-07-24
HON,2025-10-23
HON,2026-01-29
HON,2026-04-23
HON,2026-07-23
HON,2026-10-22
HONA,2026-08-06
HONA,2026-10-29
HONA,2026-11-04
HOOD,2021-08-19
HOOD,2021-10-27
HOOD,2022-01-28
HOOD,2022-04-29
HOOD,2022-08-03
HOOD,2022-11-03
HOOD,2023-02-09
HOOD,2023-05-11
HOOD,2023-08-03
HOOD,2023-11-08
HOOD,2024-02-14
HOOD,2024-05-09
HOOD,2024-08-08
HOOD,2024-10-31
HOOD,2025-02-13
HOOD,2025-05-01
HOOD,2025-07-31
HOOD,2025-11-06
HOOD,2026-02-11
HOOD,2026-04-29
HOOD,2026-07-30
HOOD,2026-11-04
HPE,2020-12-02
HPE,2021-03-03
HPE,2021-06-02
HPE,2021-09-03
HPE,2021-12-01
HPE,2022-03-02
HPE,2022-06-02
HPE,2022-08-31
HPE,2022-11-30
HPE,2023-03-03
HPE,2023-05-31
HPE,2023-08-30
HPE,2023-11-29
HPE,2024-03-01
HPE,2024-06-05
HPE,2024-09-05
HPE,2024-12-06
HPE,2025-03-07
HPE,2025-06-04
HPE,2025-09-04
HPE,2025-12-05
HPE,2026-03-10
HPE,2026-06-02
HPE,2026-09-03
HPE,2026-12-03
HPQ,2020-11-25
HPQ,2021-02-25
HPQ,2021-05-28
HPQ,2021-08-27
HPQ,2021-11-24
HPQ,2022-03-01
HPQ,2022-06-01
HPQ,2022-08-31
HPQ,2022-11-23
HPQ,2023-03-01
HPQ,2023-05-31
HPQ,2023-08-30
HPQ,2023-11-22
HPQ,2024-02-29
HPQ,2024-05-30
HPQ,2024-08-29
HPQ,2024-11-27
HPQ,2025-02-28
HPQ,2025-05-29
HPQ,2025-08-28
HPQ,2025-11-26
HPQ,2026-02-25
HPQ,2026-05-28
HPQ,2026-08-27
HPQ,2026-11-24
HRL,2020-11-24
HRL,2021-02-18
HRL,2021-05-20
HRL,2021-09-02
HRL,2021-12-09
HRL,2022-03-01
HRL,2022-06-02
HRL,2022-09-01
HRL,2022-11-30
HRL,2023-03-02
HRL,2023-06-01
HRL,2023-08-31
HRL,2023-11-29
HRL,2024-02-29
HRL,2024-05-30
HRL,2024-09-04
HRL,2024-12-04
HRL,2025-02-27
HRL,2025-05-29
HRL,2025-08-28
HRL,2025-12-04
HRL,2026-02-26
HRL,2026-05-28
HRL,2026-08-27
HRL,2026-12-03
HSIC,2020-11-02
HSIC,2021-02-17
HSIC,2021-05-04
HSIC,2021-08-03
HSIC,2021-11-02
HSIC,2022-02-15
HSIC,2022-05-03
HSIC,2022-08-02
HSIC,2022-11-01
HSIC,2023-02-16
HSIC,2023-05-09
HSIC,2023-08-07
HSIC,2023-11-13
HSIC,2024-02-27
HSIC,2024-05-07
HSIC,2024-08-06
HSIC,2024-11-05
HSIC,2025-02-25
HSIC,2025-05-05
HSIC,2025-08-05
HSIC,2025-11-04
HSIC,2026-02-24
HSIC,2026-05-05
HSIC,2026-08-04
HSIC,2026-11-03
HST,2020-11-05
HST,2021-02-19
HST,2021-05-05
HST,2021-08-04
HST,2021-11-04
HST,2022-02-17
HST,2022-05-05
HST,2022-08-04
HST,2022-11-03
HST,2023-02-16
HST,2023-05-04
HST,2023-08-03
HST,2023-11-02
HST,2024-02-22
HST,2024-05-02
HST,2024-08-01
HST,2024-11-07
HST,2025-02-20
HST,2025-05-01
HST,2025-07-31
HST,2025-11-06
HST,2026-02-18
HST,2026-05-07
HST,2026-08-06
HST,2026-11-04
HSY,2020-11-06
HSY,2021-02-04
HSY,2021-04-29
HSY,2021-07-29
HSY,2021-10-28
HSY,2022-02-03
HSY,2022-04-28
HSY,2022-07-28
HSY,2022-11-04
HSY,2023-02-02
HSY,2023-04-27
HSY,2023-07-27
HSY,2023-10-26
HSY,2024-02-08
HSY,2024-05-03
HSY,2024-08-01
HSY,2024-11-07
HSY,2025-02-06
HSY,2025-05-01
HSY,2025-07-30
HSY,2025-10-30
HSY,2026-02-05
HSY,2026-04-30
HSY,2026-07-30
HSY,2026-11-05
HUBB,2020-10-27
HUBB,2021-02-02
HUBB,2021-04-27
HUBB,2021-07-27
HUBB,2021-10-26
HUBB,2022-02-03
HUBB,2022-04-26
HUBB,2022-07-26
HUBB,2022-10-25
HUBB,2023-01-31
HUBB,2023-04-25
HUBB,2023-07-25
HUBB,2023-10-31
HUBB,2024-01-30
HUBB,2024-05-01
HUBB,2024-07-30
HUBB,2024-10-29
HUBB,2025-02-04
HUBB,2025-05-01
HUBB,2025-07-29
HUBB,2025-10-28
HUBB,2026-02-03
HUBB,2026-04-30
HUBB,2026-07-28
HUBB,2026-10-27
HUM,2020-11-03
HUM,2021-02-03
HUM,2021-04-28
HUM,2021-07-28
HUM,2021-11-03
HUM,2022-02-02
HUM,2022-04-27
HUM,2022-07-27
HUM,2022-11-02
HUM,2023-02-01
HUM,2023-04-26
HUM,2023-08-02
HUM,2023-11-01
HUM,2024-01-25
HUM,2024-04-24
HUM,2024-07-31
HUM,2024-10-30
HUM,2025-02-11
HUM,2025-04-30
HUM,2025-07-30
HUM,2025-11-05
HUM,2026-02-11
HUM,2026-04-29
HUM,2026-07-29
HUM,2026-11-06
HWM,2020-11-09
HWM,2021-02-03
HWM,2021-05-06
HWM,2021-08-04
HWM,2021-11-04
HWM,2022-02-02
HWM,2022-05-03
HWM,2022-08-04
HWM,2022-10-31
HWM,2023-02-14
HWM,2023-05-02
HWM,2023-08-01
HWM,2023-11-02
HWM,2024-02-13
HWM,2024-05-02
HWM,2024-07-30
HWM,2024-11-06
HWM,2025-02-13
HWM,2025-05-01
HWM,2025-07-31
HWM,2025-10-30
HWM,2026-02-12
HWM,2026-05-07
HWM,2026-08-06
HWM,2026-11-05
IBKR,2020-10-21
IBKR,2021-01-20
IBKR,2021-04-21
IBKR,2021-07-21
IBKR,2021-10-20
IBKR,2022-01-19
IBKR,2022-04-20
IBKR,2022-07-20
IBKR,2022-10-19
IBKR,2023-01-18
IBKR,2023-04-19
IBKR,2023-07-19
IBKR,2023-10-18
IBKR,2024-01-17
IBKR,2024-04-17
IBKR,2024-07-17
IBKR,2024-10-16
IBKR,2025-01-22
IBKR,2025-04-16
IBKR,2025-07-18
IBKR,2025-10-17
IBKR,2026-01-21
IBKR,2026-04-22
IBKR,2026-07-22
IBKR,2026-10-16
IBM,2020-10-20
IBM,2021-01-22
IBM,2021-04-20
IBM,2021-07-20
IBM,2021-10-21
IBM,2022-01-25
IBM,2022-04-20
IBM,2022-07-19
IBM,2022-10-20
IBM,2023-01-26
IBM,2023-04-20
IBM,2023-07-20
IBM,2023-10-26
IBM,2024-01-25
IBM,2024-04-25
IBM,2024-07-25
IBM,2024-10-24
IBM,2025-01-30
IBM,2025-04-24
IBM,2025-07-24
IBM,2025-10-23
IBM,2026-01-29
IBM,2026-04-23
IBM,2026-07-23
IBM,2026-10-22
ICE,2020-10-29
ICE,2021-02-04
ICE,2021-04-29
ICE,2021-07-29
ICE,2021-10-28
ICE,2022-02-03
ICE,2022-05-05
ICE,2022-08-04
ICE,2022-11-03
ICE,2023-02-02
ICE,2023-05-04
ICE,2023-08-03
ICE,2023-11-02
ICE,2024-02-08
ICE,2024-05-02
ICE,2024-08-01
ICE,2024-10-31
ICE,2025-02-06
ICE,2025-05-01
ICE,2025-07-31
ICE,2025-10-30
ICE,2026-02-05
ICE,2026-04-30
ICE,2026-07-30
ICE,2026-10-29
IDXX,2020-10-29
IDXX,2021-02-02
IDXX,2021-05-04
IDXX,2021-07-30
IDXX,2021-11-02
IDXX,2022-02-02
IDXX,2022-05-04
IDXX,2022-08-02
IDXX,2022-11-01
IDXX,2023-02-06
IDXX,2023-05-02
IDXX,2023-08-01
IDXX,2023-11-01
IDXX,2024-02-05
IDXX,2024-05-01
IDXX,2024-08-06
IDXX,2024-10-31
IDXX,2025-02-03
IDXX,2025-05-01
IDXX,2025-08-04
IDXX,2025-11-03
IDXX,2026-02-02
IDXX,2026-05-05
IDXX,2026-08-04
IDXX,2026-11-02
IEX,2020-10-28
IEX,2021-02-04
IEX,2021-04-28
IEX,2021-07-28
IEX,2021-10-27
IEX,2022-02-02
IEX,2022-04-27
IEX,2022-07-27
IEX,2022-10-26
IEX,2023-02-01
IEX,2023-04-27
IEX,2023-07-27
IEX,2023-10-26
IEX,2024-02-07
IEX,2024-04-24
IEX,2024-08-01
IEX,2024-10-30
IEX,2025-02-05
IEX,2025-05-01
IEX,2025-07-30
IEX,2025-10-29
IEX,2026-02-04
IEX,2026-04-29
IEX,2026-07-29
IEX,2026-10-28
IFF,2020-11-10
IFF,2021-02-11
IFF,2021-05-11
IFF,2021-08-06
IFF,2021-11-09
IFF,2022-02-10
IFF,2022-05-10
IFF,2022-08-09
IFF,2022-11-08
IFF,2023-02-09
IFF,2023-05-09
IFF,2023-08-08
IFF,2023-11-07
IFF,2024-02-21
IFF,2024-05-07
IFF,2024-08-07
IFF,2024-11-06
IFF,2025-02-19
IFF,2025-05-07
IFF,2025-08-06
IFF,2025-11-05
IFF,2026-02-12
IFF,2026-05-06
IFF,2026-08-05
IFF,2026-11-03
ILMN,2020-10-30
ILMN,2021-02-12
ILMN,2021-04-28
ILMN,2021-08-06
ILMN,2021-11-05
ILMN,2022-02-11
ILMN,2022-05-06
ILMN,2022-08-12
ILMN,2022-11-04
ILMN,2023-02-08
ILMN,2023-04-26
ILMN,2023-08-10
ILMN,2023-11-10
ILMN,2024-02-09
ILMN,2024-05-03
ILMN,2024-08-07
ILMN,2024-11-05
ILMN,2025-02-07
ILMN,2025-05-09
ILMN,2025-08-01
ILMN,2025-10-31
ILMN,2026-02-06
ILMN,2026-05-01
ILMN,2026-07-31
ILMN,2026-10-30
INCY,2020-11-05
INCY,2021-02-09
INCY,2021-05-04
INCY,2021-08-03
INCY,2021-11-02
INCY,2022-02-08
INCY,2022-05-03
INCY,2022-08-02
INCY,2022-11-01
INCY,2023-02-07
INCY,2023-05-02
INCY,2023-08-01
INCY,2023-10-31
INCY,2024-02-13
INCY,2024-04-30
INCY,2024-07-30
INCY,2024-10-29
INCY,2025-02-10
INCY,2025-04-29
INCY,2025-07-29
INCY,2025-10-28
INCY,2026-02-10
INCY,2026-04-28
INCY,2026-07-28
INCY,2026-10-27
INTC,2020-10-23
INTC,2021-01-22
INTC,2021-04-23
INTC,2021-07-23
INTC,2021-10-22
INTC,2022-01-27
INTC,2022-04-29
INTC,2022-07-29
INTC,2022-10-28
INTC,2023-01-27
INTC,2023-04-28
INTC,2023-07-28
INTC,2023-10-27
INTC,2024-01-26
INTC,2024-04-26
INTC,2024-08-01
INTC,2024-11-01
INTC,2025-01-31
INTC,2025-04-25
INTC,2025-07-25
INTC,2025-10-24
INTC,2026-01-23
INTC,2026-04-24
INTC,2026-07-24
INTC,2026-10-23
INTU,2020-11-20
INTU,2021-02-24
INTU,2021-05-26
INTU,2021-08-25
INTU,2021-11-19
INTU,2022-02-25
INTU,2022-05-25
INTU,2022-08-24
INTU,2022-11-30
INTU,2023-02-24
INTU,2023-05-24
INTU,2023-08-24
INTU,2023-11-29
INTU,2024-02-23
INTU,2024-05-24
INTU,2024-08-23
INTU,2024-11-22
INTU,2025-02-26
INTU,2025-05-23
INTU,2025-08-22
INTU,2025-11-21
INTU,2026-02-27
INTU,2026-05-21
INTU,2026-08-26
INTU,2026-11-19
INVH,2020-10-29
INVH,2021-02-17
INVH,2021-04-29
INVH,2021-07-29
INVH,2021-10-28
INVH,2022-02-16
INVH,2022-04-28
INVH,2022-07-28
INVH,2022-10-27
INVH,2023-02-16
INVH,2023-05-02
INVH,2023-07-27
INVH,2023-10-26
INVH,2024-02-14
INVH,2024-05-01
INVH,2024-07-25
INVH,2024-10-31
INVH,2025-02-27
INVH,2025-05-01
INVH,2025-07-31
INVH,2025-10-30
INVH,2026-02-19
INVH,2026-04-30
INVH,2026-07-30
INVH,2026-10-29
IP,2020-10-29
IP,2021-02-04
IP,2021-04-29
IP,2021-07-29
IP,2021-10-27
IP,2022-01-27
IP,2022-04-28
IP,2022-07-28
IP,2022-10-27
IP,2023-01-31
IP,2023-04-27
IP,2023-07-27
IP,2023-10-26
IP,2024-02-01
IP,2024-04-25
IP,2024-07-24
IP,2024-10-31
IP,2025-01-30
IP,2025-04-30
IP,2025-07-31
IP,2025-10-30
IP,2026-01-29
IP,2026-04-30
IP,2026-07-30
IP,2026-10-28
IQV,2020-10-20
IQV,2021-02-10
IQV,2021-04-22
IQV,2021-07-27
IQV,2021-10-21
IQV,2022-02-15
IQV,2022-04-27
IQV,2022-07-21
IQV,2022-10-26
IQV,2023-02-10
IQV,2023-04-27
IQV,2023-08-01
IQV,2023-11-02
IQV,2024-02-14
IQV,2024-05-02
IQV,2024-07-22
IQV,2024-10-31
IQV,2025-02-06
IQV,2025-05-06
IQV,2025-07-22
IQV,2025-10-28
IQV,2026-02-05
IQV,2026-05-05
IQV,2026-07-28
IQV,2026-10-27
IQV,2026-11-03
IR,2020-11-03
IR,2021-02-23
IR,2021-04-29
IR,2021-07-29
IR,2021-11-04
IR,2022-02-24
IR,2022-05-05
IR,2022-08-04
IR,2022-11-03
IR,2023-02-21
IR,2023-05-04
IR,2023-08-03
IR,2023-11-02
IR,2024-02-16
IR,2024-05-03
IR,2024-08-01
IR,2024-11-01
IR,2025-02-14
IR,2025-05-02
IR,2025-08-01
IR,2025-10-31
IR,2026-02-13
IR,2026-04-29
IR,2026-07-31
IR,2026-10-30
IRM,2020-11-05
IRM,2021-02-24
IRM,2021-05-06
IRM,2021-08-05
IRM,2021-11-04
IRM,2022-02-24
IRM,2022-04-28
IRM,2022-08-04
IRM,2022-11-03
IRM,2023-02-23
IRM,2023-05-04
IRM,2023-08-03
IRM,2023-11-02
IRM,2024-02-22
IRM,2024-05-02
IRM,2024-08-01
IRM,2024-11-06
IRM,2025-02-13
IRM,2025-05-01
IRM,2025-08-06
IRM,2025-11-05
IRM,2026-02-12
IRM,2026-04-30
IRM,2026-08-05
IRM,2026-11-04
ISRG,2020-10-16
ISRG,2021-01-22
ISRG,2021-04-21
ISRG,2021-07-21
ISRG,2021-10-19
ISRG,2022-01-21
ISRG,2022-04-22
ISRG,2022-07-22
ISRG,2022-10-19
ISRG,2023-01-25
ISRG,2023-04-19
ISRG,2023-07-21
ISRG,2023-10-20
ISRG,2024-01-24
ISRG,2024-04-19
ISRG,2024-07-19
ISRG,2024-10-18
ISRG,2025-01-24
ISRG,2025-04-23
ISRG,2025-07-23
ISRG,2025-10-22
ISRG,2026-01-23
ISRG,2026-04-22
ISRG,2026-07-17
ISRG,2026-10-21
IT,2020-11-03
IT,2021-02-09
IT,2021-05-04
IT,2021-08-03
IT,2021-11-02
IT,2022-02-08
IT,2022-05-03
IT,2022-08-02
IT,2022-11-01
IT,2023-02-07
IT,2023-05-02
IT,2023-08-01
IT,2023-11-03
IT,2024-02-06
IT,2024-04-30
IT,2024-07-30
IT,2024-11-05
IT,2025-02-04
IT,2025-05-06
IT,2025-08-05
IT,2025-11-04
IT,2026-02-03
IT,2026-05-05
IT,2026-08-04
IT,2026-11-03
ITW,2020-10-23
ITW,2021-02-05
ITW,2021-04-30
ITW,2021-07-30
ITW,2021-10-28
ITW,2022-02-03
ITW,2022-05-03
ITW,2022-08-02
ITW,2022-10-25
ITW,2023-02-02
ITW,2023-05-02
ITW,2023-08-01
ITW,2023-10-24
ITW,2024-02-01
ITW,2024-04-30
ITW,2024-07-30
ITW,2024-10-30
ITW,2025-02-05
ITW,2025-04-30
ITW,2025-07-30
ITW,2025-10-24
ITW,2026-02-03
ITW,2026-04-30
ITW,2026-07-28
ITW,2026-10-23
IVZ,2020-10-27
IVZ,2021-01-26
IVZ,2021-04-27
IVZ,2021-07-27
IVZ,2021-10-26
IVZ,2022-01-25
IVZ,2022-04-26
IVZ,2022-07-27
IVZ,2022-10-25
IVZ,2023-01-24
IVZ,2023-04-25
IVZ,2023-07-25
IVZ,2023-10-24
IVZ,2024-01-23
IVZ,2024-04-23
IVZ,2024-07-23
IVZ,2024-10-22
IVZ,2025-01-28
IVZ,2025-04-22
IVZ,2025-07-22
IVZ,2025-10-28
IVZ,2026-01-27
IVZ,2026-04-28
IVZ,2026-07-28
IVZ,2026-10-27
J,2020-11-24
J,2021-02-09
J,2021-05-10
J,2021-08-03
J,2021-11-23
J,2022-02-08
J,2022-05-03
J,2022-08-01
J,2022-11-21
J,2023-02-07
J,2023-05-09
J,2023-08-08
J,2023-11-21
J,2024-02-06
J,2024-05-07
J,2024-08-06
J,2024-11-19
J,2025-02-04
J,2025-05-06
J,2025-08-05
J,2025-11-20
J,2026-02-04
J,2026-05-06
J,2026-08-05
J,2026-11-19
JBHT,2021-01-20
JBHT,2021-04-16
JBHT,2021-07-20
JBHT,2021-10-15
JBHT,2022-01-19
JBHT,2022-04-19
JBHT,2022-07-20
JBHT,2022-10-19
JBHT,2023-01-18
JBHT,2023-04-18
JBHT,2023-07-19
JBHT,2023-10-18
JBHT,2024-01-19
JBHT,2024-04-17
JBHT,2024-07-17
JBHT,2024-10-16
JBHT,2025-01-17
JBHT,2025-04-16
JBHT,2025-07-16
JBHT,2025-10-16
JBHT,2026-01-16
JBHT,2026-04-16
JBHT,2026-07-16
JBHT,2026-10-16
JBL,2020-09-24
JBL,2020-12-17
JBL,2021-03-16
JBL,2021-06-17
JBL,2021-09-29
JBL,2021-12-16
JBL,2022-03-16
JBL,2022-06-16
JBL,2022-09-27
JBL,2022-12-15
JBL,2023-03-16
JBL,2023-06-15
JBL,2023-09-28
JBL,2023-12-14
JBL,2024-03-15
JBL,2024-06-20
JBL,2024-09-26
JBL,2024-12-18
JBL,2025-03-20
JBL,2025-06-17
JBL,2025-09-25
JBL,2025-12-17
JBL,2026-03-18
JBL,2026-06-17
JBL,2026-09-30
JCI,2020-11-03
JCI,2021-01-29
JCI,2021-04-30
JCI,2021-07-30
JCI,2021-11-05
JCI,2022-02-02
JCI,2022-05-04
JCI,2022-08-04
JCI,2022-11-03
JCI,2023-02-01
JCI,2023-05-05
JCI,2023-08-02
JCI,2023-12-12
JCI,2024-01-30
JCI,2024-05-01
JCI,2024-07-31
JCI,2024-11-06
JCI,2025-02-05
JCI,2025-05-07
JCI,2025-07-29
JCI,2025-11-05
JCI,2026-02-04
JCI,2026-05-06
JCI,2026-07-29
JCI,2026-11-04
JKHY,2020-11-05
JKHY,2021-02-09
JKHY,2021-05-04
JKHY,2021-08-18
JKHY,2021-11-09
JKHY,2022-02-09
JKHY,2022-05-04
JKHY,2022-08-17
JKHY,2022-11-09
JKHY,2023-02-08
JKHY,2023-05-03
JKHY,2023-08-16
JKHY,2023-11-08
JKHY,2024-02-07
JKHY,2024-05-08
JKHY,2024-08-21
JKHY,2024-11-06
JKHY,2025-02-05
JKHY,2025-05-07
JKHY,2025-08-20
JKHY,2025-11-05
JKHY,2026-02-04
JKHY,2026-05-06
JKHY,2026-08-19
JKHY,2026-11-03
JNJ,2020-10-13
JNJ,2021-01-26
JNJ,2021-04-20
JNJ,2021-07-21
JNJ,2021-10-19
JNJ,2022-01-25
JNJ,2022-04-19
JNJ,2022-07-19
JNJ,2022-10-18
JNJ,2023-01-24
JNJ,2023-04-18
JNJ,2023-07-20
JNJ,2023-10-17
JNJ,2024-01-23
JNJ,2024-04-16
JNJ,2024-07-17
JNJ,2024-10-15
JNJ,2025-01-22
JNJ,2025-04-15
JNJ,2025-07-16
JNJ,2025-10-14
JNJ,2026-01-21
JNJ,2026-04-14
JNJ,2026-07-15
JNJ,2026-10-13
JPM,2020-10-13
JPM,2021-01-15
JPM,2021-04-14
JPM,2021-07-13
JPM,2021-10-13
JPM,2022-01-14
JPM,2022-04-13
JPM,2022-07-14
JPM,2022-10-14
JPM,2023-01-13
JPM,2023-04-14
JPM,2023-07-14
JPM,2023-10-13
JPM,2024-01-12
JPM,2024-04-12
JPM,2024-07-12
JPM,2024-10-11
JPM,2025-01-15
JPM,2025-04-11
JPM,2025-07-15
JPM,2025-10-14
JPM,2026-01-13
JPM,2026-04-14
JPM,2026-07-14
JPM,2026-10-13
KDP,2020-10-29
KDP,2021-02-25
KDP,2021-04-29
KDP,2021-07-29
KDP,2021-10-28
KDP,2022-02-24
KDP,2022-04-28
KDP,2022-07-28
KDP,2022-10-27
KDP,2023-02-23
KDP,2023-04-27
KDP,2023-07-27
KDP,2023-10-26
KDP,2024-02-22
KDP,2024-04-25
KDP,2024-07-25
KDP,2024-10-24
KDP,2025-02-25
KDP,2025-04-24
KDP,2025-07-24
KDP,2025-10-27
KDP,2026-02-24
KDP,2026-04-23
KDP,2026-08-06
KDP,2026-10-26
KEY,2020-10-21
KEY,2021-01-21
KEY,2021-04-20
KEY,2021-07-20
KEY,2021-10-21
KEY,2022-01-20
KEY,2022-04-21
KEY,2022-07-21
KEY,2022-10-20
KEY,2023-01-19
KEY,2023-04-20
KEY,2023-07-20
KEY,2023-10-19
KEY,2024-01-18
KEY,2024-04-18
KEY,2024-07-18
KEY,2024-10-17
KEY,2025-01-21
KEY,2025-04-17
KEY,2025-07-22
KEY,2025-10-16
KEY,2026-01-20
KEY,2026-04-16
KEY,2026-07-21
KEY,2026-10-20
KEYS,2020-11-19
KEYS,2021-02-19
KEYS,2021-05-20
KEYS,2021-08-19
KEYS,2021-11-23
KEYS,2022-02-18
KEYS,2022-05-18
KEYS,2022-08-18
KEYS,2022-11-18
KEYS,2023-02-22
KEYS,2023-05-17
KEYS,2023-08-18
KEYS,2023-11-21
KEYS,2024-02-21
KEYS,2024-05-21
KEYS,2024-08-21
KEYS,2024-11-20
KEYS,2025-02-26
KEYS,2025-05-21
KEYS,2025-08-20
KEYS,2025-11-25
KEYS,2026-02-24
KEYS,2026-05-20
KEYS,2026-08-19
KEYS,2026-11-24
KHC,2020-10-29
KHC,2021-02-11
KHC,2021-04-29
KHC,2021-08-04
KHC,2021-10-27
KHC,2022-02-16
KHC,2022-04-27
KHC,2022-07-27
KHC,2022-10-26
KHC,2023-02-15
KHC,2023-05-03
KHC,2023-08-02
KHC,2023-11-01
KHC,2024-02-14
KHC,2024-05-01
KHC,2024-07-31
KHC,2024-10-30
KHC,2025-02-12
KHC,2025-04-29
KHC,2025-07-30
KHC,2025-10-29
KHC,2026-02-11
KHC,2026-05-06
KHC,2026-08-05
KHC,2026-10-28
KIM,2020-11-05
KIM,2021-02-11
KIM,2021-04-29
KIM,2021-07-29
KIM,2021-11-05
KIM,2022-02-10
KIM,2022-04-28
KIM,2022-07-28
KIM,2022-10-27
KIM,2023-02-09
KIM,2023-04-27
KIM,2023-07-27
KIM,2023-10-26
KIM,2024-02-08
KIM,2024-05-02
KIM,2024-08-01
KIM,2024-10-31
KIM,2025-02-07
KIM,2025-05-01
KIM,2025-07-31
KIM,2025-10-30
KIM,2026-02-12
KIM,2026-04-30
KIM,2026-08-04
KIM,2026-10-29
KKR,2020-10-30
KKR,2021-02-09
KKR,2021-05-04
KKR,2021-08-03
KKR,2021-11-02
KKR,2022-02-08
KKR,2022-05-03
KKR,2022-08-02
KKR,2022-11-01
KKR,2023-02-07
KKR,2023-05-08
KKR,2023-08-07
KKR,2023-11-07
KKR,2024-02-06
KKR,2024-05-01
KKR,2024-07-31
KKR,2024-10-24
KKR,2025-02-04
KKR,2025-05-01
KKR,2025-07-31
KKR,2025-11-07
KKR,2026-02-05
KKR,2026-05-05
KKR,2026-07-30
KKR,2026-11-05
KKR,2026-11-09
KLAC,2020-10-29
KLAC,2021-02-04
KLAC,2021-04-30
KLAC,2021-07-30
KLAC,2021-10-28
KLAC,2022-01-28
KLAC,2022-04-29
KLAC,2022-07-29
KLAC,2022-10-27
KLAC,2023-01-27
KLAC,2023-04-27
KLAC,2023-07-28
KLAC,2023-10-26
KLAC,2024-01-26
KLAC,2024-04-26
KLAC,2024-07-25
KLAC,2024-10-31
KLAC,2025-01-31
KLAC,2025-05-01
KLAC,2025-08-01
KLAC,2025-10-30
KLAC,2026-01-30
KLAC,2026-04-30
KLAC,2026-07-29
KLAC,2026-10-29
KMB,2020-10-22
KMB,2021-01-25
KMB,2021-04-23
KMB,2021-07-23
KMB,2021-10-25
KMB,2022-01-26
KMB,2022-04-22
KMB,2022-07-26
KMB,2022-10-25
KMB,2023-01-25
KMB,2023-04-25
KMB,2023-07-25
KMB,2023-10-24
KMB,2024-01-24
KMB,2024-04-23
KMB,2024-07-23
KMB,2024-10-22
KMB,2025-01-28
KMB,2025-04-22
KMB,2025-08-01
KMB,2025-10-30
KMB,2026-01-27
KMB,2026-04-28
KMB,2026-08-04
KMB,2026-11-03
KMI,2020-10-22
KMI,2021-01-21
KMI,2021-04-22
KMI,2021-07-22
KMI,2021-10-21
KMI,2022-01-20
KMI,2022-04-21
KMI,2022-07-21
KMI,2022-10-20
KMI,2023-01-19
KMI,2023-04-20
KMI,2023-07-20
KMI,2023-10-19
KMI,2024-01-18
KMI,2024-04-18
KMI,2024-07-18
KMI,2024-10-17
KMI,2025-01-23
KMI,2025-04-17
KMI,2025-07-17
KMI,2025-10-23
KMI,2026-01-22
KMI,2026-04-23
KMI,2026-07-23
KMI,2026-10-29
KO,2020-10-22
KO,2021-02-10
KO,2021-04-19
KO,2021-07-21
KO,2021-10-27
KO,2022-02-10
KO,2022-04-25
KO,2022-07-26
KO,2022-10-25
KO,2023-02-14
KO,2023-04-24
KO,2023-07-26
KO,2023-10-24
KO,2024-02-13
KO,2024-04-30
KO,2024-07-23
KO,2024-10-23
KO,2025-02-11
KO,2025-04-29
KO,2025-07-22
KO,2025-10-21
KO,2026-02-10
KO,2026-04-28
KO,2026-07-28
KO,2026-10-20
KO,2026-10-27
KR,2020-12-03
KR,2021-03-04
KR,2021-06-17
KR,2021-09-10
KR,2021-12-02
KR,2022-03-03
KR,2022-06-16
KR,2022-09-09
KR,2022-12-01
KR,2023-03-02
KR,2023-06-15
KR,2023-09-08
KR,2023-11-30
KR,2024-03-07
KR,2024-06-20
KR,2024-09-12
KR,2024-12-05
KR,2025-03-06
KR,2025-06-20
KR,2025-09-11
KR,2025-12-04
KR,2026-03-05
KR,2026-06-18
KR,2026-09-11
KR,2026-12-03
KVUE,2023-07-20
KVUE,2023-10-26
KVUE,2024-02-08
KVUE,2024-05-07
KVUE,2024-08-06
KVUE,2024-11-07
KVUE,2025-02-06
KVUE,2025-05-08
KVUE,2025-08-07
KVUE,2025-11-03
KVUE,2026-02-18
KVUE,2026-05-07
KVUE,2026-08-06
KVUE,2026-11-05
L,2014-04-28
L,2014-08-04
L,2014-11-03
L,2015-02-09
L,2015-05-04
L,2015-08-03
L,2015-11-02
L,2016-02-08
L,2016-05-02
L,2016-08-01
L,2016-10-31
L,2017-02-06
L,2017-05-01
L,2017-07-31
L,2017-10-30
L,2018-02-12
L,2018-04-30
L,2018-07-30
L,2018-11-05
L,2019-02-11
L,2019-04-29
L,2019-08-05
L,2019-10-28
L,2020-02-10
L,2026-11-02
LDOS,2020-11-02
LDOS,2021-02-23
LDOS,2021-05-04
LDOS,2021-08-03
LDOS,2021-11-02
LDOS,2022-02-15
LDOS,2022-05-03
LDOS,2022-08-02
LDOS,2022-11-01
LDOS,2023-02-14
LDOS,2023-05-02
LDOS,2023-08-01
LDOS,2023-10-31
LDOS,2024-02-13
LDOS,2024-04-30
LDOS,2024-07-30
LDOS,2024-10-29
LDOS,2025-02-11
LDOS,2025-05-06
LDOS,2025-08-05
LDOS,2025-11-04
LDOS,2026-02-17
LDOS,2026-05-05
LDOS,2026-08-04
LDOS,2026-11-03
LEN,2020-12-17
LEN,2021-03-17
LEN,2021-06-17
LEN,2021-09-21
LEN,2021-12-16
LEN,2022-03-17
LEN,2022-06-21
LEN,2022-09-22
LEN,2022-12-15
LEN,2023-03-15
LEN,2023-06-15
LEN,2023-09-14
LEN,2023-12-15
LEN,2024-03-14
LEN,2024-06-18
LEN,2024-09-20
LEN,2024-12-19
LEN,2025-03-21
LEN,2025-06-17
LEN,2025-09-19
LEN,2025-12-17
LEN,2026-03-13
LEN,2026-06-12
LEN,2026-09-17
LEN,2026-12-15
LH,2020-10-27
LH,2021-02-11
LH,2021-04-29
LH,2021-07-29
LH,2021-10-28
LH,2022-02-10
LH,2022-04-28
LH,2022-07-28
LH,2022-10-27
LH,2023-02-16
LH,2023-04-25
LH,2023-07-27
LH,2023-10-26
LH,2024-02-15
LH,2024-04-25
LH,2024-08-01
LH,2024-10-24
LH,2025-02-06
LH,2025-04-29
LH,2025-07-24
LH,2025-10-28
LH,2026-02-17
LH,2026-04-30
LH,2026-07-30
LH,2026-10-27
LHX,2020-10-30
LHX,2021-01-29
LHX,2021-04-30
LHX,2021-08-03
LHX,2021-10-29
LHX,2022-01-31
LHX,2022-04-29
LHX,2022-07-29
LHX,2022-10-28
LHX,2023-01-27
LHX,2023-04-28
LHX,2023-07-27
LHX,2023-10-27
LHX,2024-01-26
LHX,2024-04-26
LHX,2024-07-26
LHX,2024-10-25
LHX,2025-01-30
LHX,2025-04-24
LHX,2025-07-24
LHX,2025-10-30
LHX,2026-01-29
LHX,2026-04-30
LHX,2026-07-30
LHX,2026-10-29
LII,2020-10-19
LII,2021-02-02
LII,2021-04-26
LII,2021-07-26
LII,2021-10-25
LII,2022-02-01
LII,2022-04-25
LII,2022-07-28
LII,2022-10-27
LII,2023-01-31
LII,2023-04-27
LII,2023-07-27
LII,2023-10-26
LII,2024-01-31
LII,2024-04-24
LII,2024-07-24
LII,2024-10-23
LII,2025-01-29
LII,2025-04-23
LII,2025-07-23
LII,2025-10-22
LII,2026-01-28
LII,2026-04-29
LII,2026-07-29
LII,2026-10-28
LIN,2020-11-05
LIN,2021-02-05
LIN,2021-05-06
LIN,2021-07-30
LIN,2021-10-29
LIN,2022-02-10
LIN,2022-04-28
LIN,2022-07-28
LIN,2022-10-27
LIN,2023-02-07
LIN,2023-04-27
LIN,2023-07-27
LIN,2023-10-26
LIN,2024-02-06
LIN,2024-05-02
LIN,2024-08-02
LIN,2024-10-31
LIN,2025-02-06
LIN,2025-05-01
LIN,2025-08-01
LIN,2025-10-31
LIN,2026-02-05
LIN,2026-05-01
LIN,2026-07-31
LIN,2026-10-30
LITE,2020-11-02
LITE,2021-02-02
LITE,2021-05-12
LITE,2021-08-18
LITE,2021-11-04
LITE,2022-02-03
LITE,2022-05-04
LITE,2022-08-16
LITE,2022-11-08
LITE,2023-02-09
LITE,2023-05-09
LITE,2023-08-17
LITE,2023-11-08
LITE,2024-02-08
LITE,2024-05-07
LITE,2024-08-15
LITE,2024-11-08
LITE,2025-02-07
LITE,2025-05-07
LITE,2025-08-13
LITE,2025-11-05
LITE,2026-02-04
LITE,2026-05-06
LITE,2026-08-12
LITE,2026-11-05
LLY,2020-10-27
LLY,2021-01-29
LLY,2021-04-27
LLY,2021-08-03
LLY,2021-10-26
LLY,2022-02-03
LLY,2022-04-28
LLY,2022-08-04
LLY,2022-11-01
LLY,2023-02-02
LLY,2023-04-27
LLY,2023-08-08
LLY,2023-11-02
LLY,2024-02-06
LLY,2024-04-30
LLY,2024-08-08
LLY,2024-10-30
LLY,2025-02-06
LLY,2025-05-01
LLY,2025-08-07
LLY,2025-10-30
LLY,2026-02-04
LLY,2026-04-30
LLY,2026-08-05
LLY,2026-10-29
LMT,2020-10-20
LMT,2021-01-26
LMT,2021-04-20
LMT,2021-07-26
LMT,2021-10-26
LMT,2022-01-25
LMT,2022-04-19
LMT,2022-07-19
LMT,2022-10-18
LMT,2023-01-24
LMT,2023-04-18
LMT,2023-07-18
LMT,2023-10-17
LMT,2024-01-23
LMT,2024-04-23
LMT,2024-07-23
LMT,2024-10-22
LMT,2025-01-28
LMT,2025-04-22
LMT,2025-07-22
LMT,2025-10-21
LMT,2026-01-29
LMT,2026-04-23
LMT,2026-07-23
LMT,2026-10-20
LNT,2020-11-03
LNT,2021-02-19
LNT,2021-05-07
LNT,2021-08-06
LNT,2021-11-05
LNT,2022-02-18
LNT,2022-04-29
LNT,2022-08-05
LNT,2022-11-08
LNT,2023-02-24
LNT,2023-05-05
LNT,2023-08-04
LNT,2023-11-03
LNT,2024-02-16
LNT,2024-05-03
LNT,2024-08-02
LNT,2024-11-01
LNT,2025-02-21
LNT,2025-05-09
LNT,2025-08-08
LNT,2025-11-07
LNT,2026-02-20
LNT,2026-05-01
LNT,2026-07-31
LNT,2026-11-05
LOW,2020-11-18
LOW,2021-02-24
LOW,2021-05-19
LOW,2021-08-18
LOW,2021-11-17
LOW,2022-02-23
LOW,2022-05-18
LOW,2022-08-17
LOW,2022-11-16
LOW,2023-03-01
LOW,2023-05-23
LOW,2023-08-22
LOW,2023-11-21
LOW,2024-02-27
LOW,2024-05-21
LOW,2024-08-20
LOW,2024-11-19
LOW,2025-02-26
LOW,2025-05-21
LOW,2025-08-20
LOW,2025-11-19
LOW,2026-02-25
LOW,2026-05-20
LOW,2026-08-19
LOW,2026-11-18
LRCX,2020-10-22
LRCX,2021-01-28
LRCX,2021-04-22
LRCX,2021-07-29
LRCX,2021-10-21
LRCX,2022-01-27
LRCX,2022-04-21
LRCX,2022-07-28
LRCX,2022-10-20
LRCX,2023-01-26
LRCX,2023-04-20
LRCX,2023-07-27
LRCX,2023-10-19
LRCX,2024-01-25
LRCX,2024-04-25
LRCX,2024-08-01
LRCX,2024-10-24
LRCX,2025-01-30
LRCX,2025-04-24
LRCX,2025-07-31
LRCX,2025-10-23
LRCX,2026-01-29
LRCX,2026-04-23
LRCX,2026-07-30
LRCX,2026-10-22
LULU,2020-12-11
LULU,2021-03-31
LULU,2021-06-04
LULU,2021-09-09
LULU,2021-12-10
LULU,2022-03-30
LULU,2022-06-03
LULU,2022-09-02
LULU,2022-12-09
LULU,2023-03-29
LULU,2023-06-02
LULU,2023-09-01
LULU,2023-12-08
LULU,2024-03-22
LULU,2024-06-06
LULU,2024-08-30
LULU,2024-12-06
LULU,2025-03-28
LULU,2025-06-06
LULU,2025-09-05
LULU,2025-12-12
LULU,2026-03-18
LULU,2026-06-05
LULU,2026-09-04
LULU,2026-12-10
LUV,2020-10-22
LUV,2021-01-28
LUV,2021-04-22
LUV,2021-07-22
LUV,2021-10-21
LUV,2022-01-27
LUV,2022-04-28
LUV,2022-07-28
LUV,2022-10-27
LUV,2023-01-26
LUV,2023-04-27
LUV,2023-07-27
LUV,2023-10-26
LUV,2024-01-25
LUV,2024-04-25
LUV,2024-07-25
LUV,2024-10-24
LUV,2025-01-30
LUV,2025-04-24
LUV,2025-07-24
LUV,2025-10-23
LUV,2026-01-29
LUV,2026-04-23
LUV,2026-07-23
LUV,2026-10-22
LVS,2020-10-22
LVS,2021-01-28
LVS,2021-04-22
LVS,2021-07-22
LVS,2021-10-21
LVS,2022-01-27
LVS,2022-04-28
LVS,2022-07-21
LVS,2022-10-20
LVS,2023-01-26
LVS,2023-04-20
LVS,2023-07-20
LVS,2023-10-19
LVS,2024-01-25
LVS,2024-04-18
LVS,2024-07-25
LVS,2024-10-24
LVS,2025-01-30
LVS,2025-04-24
LVS,2025-07-24
LVS,2025-10-23
LVS,2026-01-29
LVS,2026-04-23
LVS,2026-07-23
LVS,2026-10-22
LYB,2020-10-30
LYB,2021-01-29
LYB,2021-04-30
LYB,2021-07-30
LYB,2021-10-29
LYB,2022-01-28
LYB,2022-04-29
LYB,2022-07-29
LYB,2022-10-28
LYB,2023-02-03
LYB,2023-04-28
LYB,2023-08-04
LYB,2023-10-27
LYB,2024-02-02
LYB,2024-04-26
LYB,2024-08-02
LYB,2024-11-01
LYB,2025-01-31
LYB,2025-04-25
LYB,2025-08-01
LYB,2025-10-31
LYB,2026-01-30
LYB,2026-05-01
LYB,2026-07-31
LYB,2026-10-30
LYV,2020-11-06
LYV,2021-02-26
LYV,2021-05-07
LYV,2021-08-04
LYV,2021-11-05
LYV,2022-02-24
LYV,2022-05-06
LYV,2022-08-05
LYV,2022-11-04
LYV,2023-02-24
LYV,2023-05-05
LYV,2023-07-28
LYV,2023-11-03
LYV,2024-02-23
LYV,2024-05-03
LYV,2024-07-31
LYV,2024-11-12
LYV,2025-02-21
LYV,2025-05-02
LYV,2025-08-08
LYV,2025-11-05
LYV,2026-02-20
LYV,2026-05-06
LYV,2026-07-31
LYV,2026-11-03
MA,2020-10-28
MA,2021-01-28
MA,2021-04-29
MA,2021-07-29
MA,2021-10-28
MA,2022-01-27
MA,2022-04-28
MA,2022-07-28
MA,2022-10-27
MA,2023-01-26
MA,2023-04-27
MA,2023-07-27
MA,2023-10-26
MA,2024-01-31
MA,2024-05-01
MA,2024-07-31
MA,2024-10-31
MA,2025-01-30
MA,2025-05-01
MA,2025-07-31
MA,2025-10-30
MA,2026-01-29
MA,2026-04-30
MA,2026-07-30
MA,2026-10-29
MAA,2020-10-29
MAA,2021-02-04
MAA,2021-04-29
MAA,2021-07-29
MAA,2021-10-28
MAA,2022-02-03
MAA,2022-04-28
MAA,2022-07-28
MAA,2022-10-27
MAA,2023-02-02
MAA,2023-04-27
MAA,2023-07-27
MAA,2023-10-26
MAA,2024-02-08
MAA,2024-05-02
MAA,2024-08-01
MAA,2024-10-31
MAA,2025-02-06
MAA,2025-05-01
MAA,2025-07-31
MAA,2025-10-30
MAA,2026-02-05
MAA,2026-04-30
MAA,2026-07-30
MAA,2026-10-29
MAR,2020-11-06
MAR,2021-02-18
MAR,2021-05-10
MAR,2021-08-03
MAR,2021-11-03
MAR,2022-02-15
MAR,2022-05-04
MAR,2022-08-02
MAR,2022-11-03
MAR,2023-02-14
MAR,2023-05-02
MAR,2023-08-01
MAR,2023-11-02
MAR,2024-02-13
MAR,2024-05-01
MAR,2024-07-31
MAR,2024-11-04
MAR,2025-02-11
MAR,2025-05-06
MAR,2025-08-05
MAR,2025-11-04
MAR,2026-02-10
MAR,2026-05-06
MAR,2026-08-03
MAR,2026-11-03
MAS,2020-10-28
MAS,2021-02-09
MAS,2021-04-28
MAS,2021-07-29
MAS,2021-10-27
MAS,2022-02-08
MAS,2022-04-27
MAS,2022-07-28
MAS,2022-10-26
MAS,2023-02-09
MAS,2023-04-26
MAS,2023-07-27
MAS,2023-10-26
MAS,2024-02-08
MAS,2024-04-24
MAS,2024-07-25
MAS,2024-10-29
MAS,2025-02-11
MAS,2025-04-23
MAS,2025-07-31
MAS,2025-10-29
MAS,2026-02-10
MAS,2026-04-22
MAS,2026-07-29
MAS,2026-10-28
MCD,2020-11-09
MCD,2021-01-28
MCD,2021-04-29
MCD,2021-07-28
MCD,2021-10-27
MCD,2022-01-27
MCD,2022-04-28
MCD,2022-07-26
MCD,2022-10-27
MCD,2023-01-31
MCD,2023-04-25
MCD,2023-07-27
MCD,2023-10-30
MCD,2024-02-05
MCD,2024-04-30
MCD,2024-07-29
MCD,2024-10-29
MCD,2025-02-10
MCD,2025-05-01
MCD,2025-08-06
MCD,2025-11-05
MCD,2026-02-12
MCD,2026-05-07
MCD,2026-08-04
MCD,2026-11-05
MCHP,2020-11-06
MCHP,2021-02-04
MCHP,2021-05-07
MCHP,2021-08-04
MCHP,2021-11-05
MCHP,2022-02-04
MCHP,2022-05-10
MCHP,2022-08-03
MCHP,2022-11-04
MCHP,2023-02-03
MCHP,2023-05-05
MCHP,2023-08-04
MCHP,2023-11-03
MCHP,2024-02-02
MCHP,2024-05-07
MCHP,2024-08-02
MCHP,2024-11-06
MCHP,2025-02-07
MCHP,2025-05-09
MCHP,2025-08-08
MCHP,2025-11-07
MCHP,2026-02-06
MCHP,2026-05-08
MCHP,2026-08-07
MCHP,2026-11-05
MCK,2020-11-03
MCK,2021-02-02
MCK,2021-05-07
MCK,2021-08-04
MCK,2021-11-02
MCK,2022-02-03
MCK,2022-05-06
MCK,2022-08-04
MCK,2022-11-02
MCK,2023-02-02
MCK,2023-05-09
MCK,2023-08-03
MCK,2023-11-02
MCK,2024-02-08
MCK,2024-05-08
MCK,2024-08-07
MCK,2024-11-07
MCK,2025-02-06
MCK,2025-05-09
MCK,2025-08-07
MCK,2025-11-06
MCK,2026-02-05
MCK,2026-05-08
MCK,2026-08-06
MCK,2026-11-04
MCO,2020-10-29
MCO,2021-02-12
MCO,2021-04-28
MCO,2021-07-28
MCO,2021-10-28
MCO,2022-02-10
MCO,2022-05-02
MCO,2022-07-26
MCO,2022-10-25
MCO,2023-01-31
MCO,2023-04-26
MCO,2023-07-25
MCO,2023-10-25
MCO,2024-02-13
MCO,2024-05-02
MCO,2024-07-23
MCO,2024-10-22
MCO,2025-02-13
MCO,2025-04-22
MCO,2025-07-23
MCO,2025-10-22
MCO,2026-02-18
MCO,2026-04-22
MCO,2026-07-22
MCO,2026-10-21
MDLZ,2020-11-03
MDLZ,2021-01-29
MDLZ,2021-04-28
MDLZ,2021-07-28
MDLZ,2021-11-03
MDLZ,2022-01-28
MDLZ,2022-04-27
MDLZ,2022-07-27
MDLZ,2022-11-02
MDLZ,2023-02-01
MDLZ,2023-04-28
MDLZ,2023-07-28
MDLZ,2023-11-02
MDLZ,2024-01-31
MDLZ,2024-05-01
MDLZ,2024-07-31
MDLZ,2024-10-30
MDLZ,2025-02-05
MDLZ,2025-04-30
MDLZ,2025-07-30
MDLZ,2025-10-29
MDLZ,2026-02-04
MDLZ,2026-04-29
MDLZ,2026-07-29
MDLZ,2026-10-28
MDT,2020-11-24
MDT,2021-02-23
MDT,2021-05-27
MDT,2021-08-24
MDT,2021-11-23
MDT,2022-02-22
MDT,2022-05-26
MDT,2022-08-23
MDT,2022-11-22
MDT,2023-02-21
MDT,2023-05-25
MDT,2023-08-22
MDT,2023-11-21
MDT,2024-02-20
MDT,2024-05-23
MDT,2024-08-20
MDT,2024-11-19
MDT,2025-02-18
MDT,2025-05-21
MDT,2025-08-19
MDT,2025-11-18
MDT,2026-02-17
MDT,2026-06-03
MDT,2026-09-01
MDT,2026-11-17
MET,2020-11-05
MET,2021-02-04
MET,2021-05-06
MET,2021-08-05
MET,2021-11-04
MET,2022-02-03
MET,2022-05-05
MET,2022-08-04
MET,2022-11-03
MET,2023-02-02
MET,2023-05-04
MET,2023-08-03
MET,2023-11-02
MET,2024-02-01
MET,2024-05-02
MET,2024-08-01
MET,2024-10-31
MET,2025-02-06
MET,2025-05-01
MET,2025-08-07
MET,2025-11-06
MET,2026-02-05
MET,2026-05-07
MET,2026-08-06
MET,2026-11-09
META,2020-10-30
META,2021-01-28
META,2021-04-29
META,2021-07-29
META,2021-10-26
META,2022-02-03
META,2022-04-28
META,2022-07-28
META,2022-10-27
META,2023-02-02
META,2023-04-27
META,2023-07-27
META,2023-10-26
META,2024-02-02
META,2024-04-25
META,2024-08-01
META,2024-10-31
META,2025-01-30
META,2025-05-01
META,2025-07-31
META,2025-10-30
META,2026-01-29
META,2026-04-30
META,2026-07-30
META,2026-10-29
MGM,2020-10-30
MGM,2021-02-11
MGM,2021-04-29
MGM,2021-08-05
MGM,2021-11-04
MGM,2022-02-10
MGM,2022-05-03
MGM,2022-08-04
MGM,2022-11-03
MGM,2023-02-09
MGM,2023-05-02
MGM,2023-08-03
MGM,2023-11-09
MGM,2024-02-14
MGM,2024-05-02
MGM,2024-08-01
MGM,2024-10-31
MGM,2025-02-13
MGM,2025-05-01
MGM,2025-07-31
MGM,2025-10-30
MGM,2026-02-06
MGM,2026-04-30
MGM,2026-07-30
MGM,2026-10-29
MKC,2020-09-29
MKC,2021-01-28
MKC,2021-03-30
MKC,2021-07-01
MKC,2021-09-30
MKC,2022-01-27
MKC,2022-03-29
MKC,2022-06-29
MKC,2022-10-06
MKC,2023-01-26
MKC,2023-03-28
MKC,2023-06-29
MKC,2023-10-03
MKC,2024-01-25
MKC,2024-03-26
MKC,2024-06-27
MKC,2024-10-01
MKC,2025-01-23
MKC,2025-03-25
MKC,2025-06-26
MKC,2025-10-07
MKC,2026-01-22
MKC,2026-03-31
MKC,2026-06-25
MKC,2026-10-01
MLM,2020-10-29
MLM,2021-02-09
MLM,2021-05-04
MLM,2021-07-29
MLM,2021-11-02
MLM,2022-02-10
MLM,2022-05-03
MLM,2022-07-28
MLM,2022-11-02
MLM,2023-02-15
MLM,2023-05-04
MLM,2023-07-27
MLM,2023-11-01
MLM,2024-02-14
MLM,2024-04-30
MLM,2024-08-08
MLM,2024-10-30
MLM,2025-02-12
MLM,2025-04-30
MLM,2025-08-07
MLM,2025-11-04
MLM,2026-02-11
MLM,2026-04-30
MLM,2026-07-30
MLM,2026-11-03
MMM,2020-10-27
MMM,2021-01-26
MMM,2021-04-27
MMM,2021-07-27
MMM,2021-10-26
MMM,2022-01-25
MMM,2022-04-26
MMM,2022-07-26
MMM,2022-10-25
MMM,2023-01-24
MMM,2023-04-25
MMM,2023-07-25
MMM,2023-10-24
MMM,2024-01-23
MMM,2024-04-30
MMM,2024-07-26
MMM,2024-10-22
MMM,2025-01-21
MMM,2025-04-22
MMM,2025-07-18
MMM,2025-10-21
MMM,2026-01-20
MMM,2026-04-21
MMM,2026-07-21
MMM,2026-10-20
MNST,2020-11-06
MNST,2021-02-26
MNST,2021-05-07
MNST,2021-08-06
MNST,2021-11-05
MNST,2022-02-25
MNST,2022-05-06
MNST,2022-08-05
MNST,2022-11-04
MNST,2023-03-01
MNST,2023-05-05
MNST,2023-08-04
MNST,2023-11-03
MNST,2024-02-29
MNST,2024-05-03
MNST,2024-08-08
MNST,2024-11-08
MNST,2025-02-28
MNST,2025-05-09
MNST,2025-08-08
MNST,2025-11-07
MNST,2026-02-27
MNST,2026-05-08
MNST,2026-08-07
MNST,2026-11-05
MO,2020-10-30
MO,2021-01-28
MO,2021-04-29
MO,2021-07-29
MO,2021-10-28
MO,2022-01-27
MO,2022-04-28
MO,2022-07-28
MO,2022-10-27
MO,2023-02-01
MO,2023-04-27
MO,2023-08-01
MO,2023-10-26
MO,2024-02-01
MO,2024-04-25
MO,2024-07-31
MO,2024-10-31
MO,2025-01-30
MO,2025-04-29
MO,2025-07-30
MO,2025-10-30
MO,2026-01-29
MO,2026-04-30
MO,2026-07-30
MO,2026-10-29
MOS,2020-11-03
MOS,2021-02-18
MOS,2021-05-03
MOS,2021-08-03
MOS,2021-11-02
MOS,2022-02-23
MOS,2022-05-03
MOS,2022-08-02
MOS,2022-11-08
MOS,2023-02-23
MOS,2023-05-04
MOS,2023-08-02
MOS,2023-11-08
MOS,2024-02-22
MOS,2024-05-02
MOS,2024-08-07
MOS,2024-11-12
MOS,2025-02-28
MOS,2025-05-07
MOS,2025-08-06
MOS,2025-11-05
MOS,2026-02-25
MOS,2026-05-11
MOS,2026-08-05
MOS,2026-11-03
MPC,2020-11-02
MPC,2021-02-02
MPC,2021-05-04
MPC,2021-08-04
MPC,2021-11-02
MPC,2022-02-02
MPC,2022-05-03
MPC,2022-08-02
MPC,2022-11-01
MPC,2023-01-31
MPC,2023-05-02
MPC,2023-08-01
MPC,2023-10-31
MPC,2024-01-30
MPC,2024-04-30
MPC,2024-08-06
MPC,2024-11-05
MPC,2025-02-04
MPC,2025-05-06
MPC,2025-08-05
MPC,2025-11-04
MPC,2026-02-03
MPC,2026-05-05
MPC,2026-08-04
MPC,2026-11-03
MPWR,2020-10-30
MPWR,2021-02-05
MPWR,2021-05-05
MPWR,2021-07-28
MPWR,2021-10-29
MPWR,2022-02-11
MPWR,2022-05-03
MPWR,2022-08-02
MPWR,2022-10-28
MPWR,2023-02-09
MPWR,2023-05-05
MPWR,2023-08-01
MPWR,2023-10-31
MPWR,2024-02-08
MPWR,2024-05-02
MPWR,2024-08-02
MPWR,2024-10-31
MPWR,2025-02-07
MPWR,2025-05-02
MPWR,2025-08-01
MPWR,2025-10-31
MPWR,2026-02-06
MPWR,2026-05-01
MPWR,2026-07-31
MPWR,2026-10-30
MRK,2020-10-27
MRK,2021-02-04
MRK,2021-04-29
MRK,2021-07-29
MRK,2021-10-28
MRK,2022-02-03
MRK,2022-04-28
MRK,2022-07-28
MRK,2022-10-27
MRK,2023-02-02
MRK,2023-04-27
MRK,2023-08-01
MRK,2023-10-26
MRK,2024-02-01
MRK,2024-04-25
MRK,2024-07-30
MRK,2024-10-31
MRK,2025-02-04
MRK,2025-04-24
MRK,2025-07-29
MRK,2025-10-30
MRK,2026-02-03
MRK,2026-04-30
MRK,2026-08-04
MRK,2026-10-29
MRNA,2020-10-29
MRNA,2021-02-25
MRNA,2021-05-06
MRNA,2021-08-05
MRNA,2021-11-04
MRNA,2022-02-24
MRNA,2022-05-04
MRNA,2022-08-03
MRNA,2022-11-03
MRNA,2023-02-23
MRNA,2023-05-05
MRNA,2023-08-03
MRNA,2023-11-02
MRNA,2024-02-22
MRNA,2024-05-02
MRNA,2024-08-01
MRNA,2024-11-07
MRNA,2025-02-14
MRNA,2025-05-01
MRNA,2025-08-01
MRNA,2025-11-06
MRNA,2026-02-13
MRNA,2026-05-01
MRNA,2026-07-31
MRNA,2026-11-05
MRSH,2020-10-29
MRSH,2021-01-28
MRSH,2021-04-27
MRSH,2021-07-22
MRSH,2021-10-21
MRSH,2022-01-27
MRSH,2022-04-21
MRSH,2022-07-21
MRSH,2022-10-20
MRSH,2023-01-26
MRSH,2023-04-20
MRSH,2023-07-20
MRSH,2023-10-19
MRSH,2024-01-25
MRSH,2024-04-18
MRSH,2024-07-18
MRSH,2024-10-17
MRSH,2025-01-30
MRSH,2025-04-17
MRSH,2025-07-17
MRSH,2025-10-16
MRSH,2026-01-29
MRSH,2026-04-16
MRSH,2026-07-21
MRSH,2026-10-15
MRVL,2020-12-04
MRVL,2021-03-04
MRVL,2021-06-08
MRVL,2021-08-27
MRVL,2021-12-03
MRVL,2022-03-04
MRVL,2022-05-27
MRVL,2022-08-26
MRVL,2022-12-02
MRVL,2023-03-03
MRVL,2023-05-26
MRVL,2023-08-25
MRVL,2023-12-01
MRVL,2024-03-08
MRVL,2024-05-31
MRVL,2024-08-30
MRVL,2024-12-04
MRVL,2025-03-06
MRVL,2025-05-30
MRVL,2025-08-29
MRVL,2025-12-03
MRVL,2026-03-06
MRVL,2026-05-28
MRVL,2026-08-28
MRVL,2026-12-01
MS,2020-10-15
MS,2021-01-20
MS,2021-04-16
MS,2021-07-15
MS,2021-10-14
MS,2022-01-19
MS,2022-04-14
MS,2022-07-14
MS,2022-10-14
MS,2023-01-17
MS,2023-04-19
MS,2023-07-18
MS,2023-10-18
MS,2024-01-16
MS,2024-04-16
MS,2024-07-16
MS,2024-10-16
MS,2025-01-16
MS,2025-04-11
MS,2025-07-16
MS,2025-10-15
MS,2026-01-15
MS,2026-04-15
MS,2026-07-15
MS,2026-10-14
MSCI,2020-10-27
MSCI,2021-01-28
MSCI,2021-04-27
MSCI,2021-07-27
MSCI,2021-10-26
MSCI,2022-01-27
MSCI,2022-04-26
MSCI,2022-07-26
MSCI,2022-10-25
MSCI,2023-01-31
MSCI,2023-04-25
MSCI,2023-07-25
MSCI,2023-10-31
MSCI,2024-01-30
MSCI,2024-04-23
MSCI,2024-07-23
MSCI,2024-10-29
MSCI,2025-01-29
MSCI,2025-04-22
MSCI,2025-07-22
MSCI,2025-10-28
MSCI,2026-01-28
MSCI,2026-04-21
MSCI,2026-07-21
MSCI,2026-10-20
MSFT,2020-10-28
MSFT,2021-01-27
MSFT,2021-04-28
MSFT,2021-07-28
MSFT,2021-10-27
MSFT,2022-01-26
MSFT,2022-04-27
MSFT,2022-07-27
MSFT,2022-10-26
MSFT,2023-01-25
MSFT,2023-04-26
MSFT,2023-07-26
MSFT,2023-10-25
MSFT,2024-01-31
MSFT,2024-04-26
MSFT,2024-07-31
MSFT,2024-10-31
MSFT,2025-01-30
MSFT,2025-05-01
MSFT,2025-07-31
MSFT,2025-10-30
MSFT,2026-01-29
MSFT,2026-04-30
MSFT,2026-07-30
MSFT,2026-10-29
MSI,2020-10-30
MSI,2021-02-05
MSI,2021-05-07
MSI,2021-08-06
MSI,2021-11-05
MSI,2022-02-10
MSI,2022-05-13
MSI,2022-08-05
MSI,2022-11-04
MSI,2023-02-09
MSI,2023-05-05
MSI,2023-08-04
MSI,2023-11-03
MSI,2024-02-09
MSI,2024-05-03
MSI,2024-08-02
MSI,2024-11-08
MSI,2025-02-14
MSI,2025-05-02
MSI,2025-08-08
MSI,2025-10-31
MSI,2026-02-12
MSI,2026-05-08
MSI,2026-08-06
MSI,2026-11-05
MTB,2020-10-22
MTB,2021-01-21
MTB,2021-04-19
MTB,2021-07-21
MTB,2021-10-20
MTB,2022-01-20
MTB,2022-04-20
MTB,2022-07-20
MTB,2022-10-19
MTB,2023-01-19
MTB,2023-04-17
MTB,2023-07-19
MTB,2023-10-18
MTB,2024-01-18
MTB,2024-04-15
MTB,2024-07-18
MTB,2024-10-17
MTB,2025-01-16
MTB,2025-04-14
MTB,2025-07-16
MTB,2025-10-16
MTB,2026-01-16
MTB,2026-04-15
MTB,2026-07-15
MTB,2026-10-16
MTD,2020-11-06
MTD,2021-02-05
MTD,2021-05-07
MTD,2021-07-30
MTD,2021-11-05
MTD,2022-02-11
MTD,2022-05-06
MTD,2022-07-29
MTD,2022-11-04
MTD,2023-02-10
MTD,2023-05-05
MTD,2023-07-28
MTD,2023-11-10
MTD,2024-02-09
MTD,2024-05-10
MTD,2024-08-02
MTD,2024-11-08
MTD,2025-02-07
MTD,2025-05-02
MTD,2025-08-01
MTD,2025-11-07
MTD,2026-02-06
MTD,2026-05-08
MTD,2026-07-31
MTD,2026-11-05
MU,2020-09-30
MU,2021-01-08
MU,2021-04-01
MU,2021-07-01
MU,2021-09-29
MU,2021-12-21
MU,2022-03-30
MU,2022-07-01
MU,2022-09-30
MU,2022-12-22
MU,2023-03-29
MU,2023-06-29
MU,2023-09-28
MU,2023-12-21
MU,2024-03-21
MU,2024-06-27
MU,2024-09-26
MU,2024-12-19
MU,2025-03-21
MU,2025-06-26
MU,2025-09-24
MU,2025-12-18
MU,2026-03-19
MU,2026-06-25
MU,2026-10-01
NCLH,2020-11-10
NCLH,2021-02-25
NCLH,2021-05-06
NCLH,2021-08-06
NCLH,2021-11-03
NCLH,2022-02-24
NCLH,2022-05-10
NCLH,2022-08-09
NCLH,2022-11-08
NCLH,2023-02-28
NCLH,2023-05-01
NCLH,2023-08-01
NCLH,2023-11-01
NCLH,2024-02-27
NCLH,2024-05-01
NCLH,2024-07-31
NCLH,2024-10-31
NCLH,2025-02-27
NCLH,2025-04-30
NCLH,2025-07-31
NCLH,2025-11-04
NCLH,2026-03-02
NCLH,2026-05-04
NCLH,2026-07-30
NCLH,2026-11-04
NDAQ,2020-10-21
NDAQ,2021-01-27
NDAQ,2021-04-21
NDAQ,2021-07-21
NDAQ,2021-10-20
NDAQ,2022-01-26
NDAQ,2022-04-20
NDAQ,2022-07-20
NDAQ,2022-10-19
NDAQ,2023-01-25
NDAQ,2023-04-19
NDAQ,2023-07-19
NDAQ,2023-10-18
NDAQ,2024-01-31
NDAQ,2024-04-25
NDAQ,2024-07-25
NDAQ,2024-10-24
NDAQ,2025-01-29
NDAQ,2025-04-24
NDAQ,2025-07-24
NDAQ,2025-10-21
NDAQ,2026-01-29
NDAQ,2026-04-23
NDAQ,2026-07-23
NDAQ,2026-10-22
NDSN,2020-12-16
NDSN,2021-02-23
NDSN,2021-05-25
NDSN,2021-08-31
NDSN,2021-12-16
NDSN,2022-02-23
NDSN,2022-05-24
NDSN,2022-08-23
NDSN,2022-12-15
NDSN,2023-02-21
NDSN,2023-05-23
NDSN,2023-08-22
NDSN,2023-12-14
NDSN,2024-02-22
NDSN,2024-05-21
NDSN,2024-08-22
NDSN,2024-12-12
NDSN,2025-02-20
NDSN,2025-05-29
NDSN,2025-08-21
NDSN,2025-12-11
NDSN,2026-02-19
NDSN,2026-05-21
NDSN,2026-08-20
NDSN,2026-12-09
NEE,2020-10-21
NEE,2021-01-26
NEE,2021-04-21
NEE,2021-07-23
NEE,2021-10-20
NEE,2022-01-25
NEE,2022-04-21
NEE,2022-07-22
NEE,2022-10-28
NEE,2023-01-25
NEE,2023-04-25
NEE,2023-07-25
NEE,2023-10-24
NEE,2024-01-25
NEE,2024-04-23
NEE,2024-07-24
NEE,2024-10-23
NEE,2025-01-24
NEE,2025-04-23
NEE,2025-07-23
NEE,2025-10-28
NEE,2026-01-27
NEE,2026-04-23
NEE,2026-07-24
NEE,2026-10-27
NEM,2020-10-29
NEM,2021-02-18
NEM,2021-04-29
NEM,2021-07-22
NEM,2021-10-28
NEM,2022-02-24
NEM,2022-04-22
NEM,2022-07-25
NEM,2022-11-01
NEM,2023-02-23
NEM,2023-04-27
NEM,2023-07-20
NEM,2023-10-26
NEM,2024-02-22
NEM,2024-04-25
NEM,2024-07-25
NEM,2024-10-24
NEM,2025-02-21
NEM,2025-04-24
NEM,2025-07-25
NEM,2025-10-24
NEM,2026-02-20
NEM,2026-04-24
NEM,2026-07-24
NEM,2026-10-23
NFLX,2020-10-21
NFLX,2021-01-20
NFLX,2021-04-21
NFLX,2021-07-21
NFLX,2021-10-20
NFLX,2022-01-21
NFLX,2022-04-20
NFLX,2022-07-20
NFLX,2022-10-19
NFLX,2023-01-20
NFLX,2023-04-19
NFLX,2023-07-20
NFLX,2023-10-19
NFLX,2024-01-24
NFLX,2024-04-19
NFLX,2024-07-19
NFLX,2024-10-18
NFLX,2025-01-22
NFLX,2025-04-18
NFLX,2025-07-18
NFLX,2025-10-22
NFLX,2026-01-21
NFLX,2026-04-17
NFLX,2026-07-17
NFLX,2026-10-21
NI,2020-11-02
NI,2021-02-17
NI,2021-05-05
NI,2021-08-04
NI,2021-11-03
NI,2022-02-23
NI,2022-05-04
NI,2022-08-03
NI,2022-11-07
NI,2023-02-22
NI,2023-05-03
NI,2023-08-02
NI,2023-11-01
NI,2024-02-21
NI,2024-05-08
NI,2024-08-07
NI,2024-10-30
NI,2025-02-12
NI,2025-05-07
NI,2025-08-06
NI,2025-10-29
NI,2026-02-11
NI,2026-05-06
NI,2026-08-05
NI,2026-10-28
NKE,2020-09-23
NKE,2020-12-19
NKE,2021-03-19
NKE,2021-06-25
NKE,2021-09-24
NKE,2021-12-21
NKE,2022-03-22
NKE,2022-06-28
NKE,2022-09-30
NKE,2022-12-21
NKE,2023-03-22
NKE,2023-06-30
NKE,2023-09-29
NKE,2023-12-22
NKE,2024-03-22
NKE,2024-06-28
NKE,2024-10-02
NKE,2024-12-20
NKE,2025-03-21
NKE,2025-06-27
NKE,2025-10-01
NKE,2025-12-19
NKE,2026-04-01
NKE,2026-07-01
NKE,2026-10-02
NOC,2020-10-22
NOC,2021-01-28
NOC,2021-04-29
NOC,2021-07-29
NOC,2021-10-28
NOC,2022-01-27
NOC,2022-04-28
NOC,2022-07-28
NOC,2022-10-27
NOC,2023-01-26
NOC,2023-04-27
NOC,2023-07-27
NOC,2023-10-26
NOC,2024-01-25
NOC,2024-04-25
NOC,2024-07-25
NOC,2024-10-24
NOC,2025-01-30
NOC,2025-04-22
NOC,2025-07-22
NOC,2025-10-21
NOC,2026-01-27
NOC,2026-04-21
NOC,2026-07-21
NOC,2026-10-20
NOW,2020-10-29
NOW,2021-01-28
NOW,2021-04-29
NOW,2021-07-29
NOW,2021-10-28
NOW,2022-01-27
NOW,2022-04-28
NOW,2022-07-28
NOW,2022-10-27
NOW,2023-01-26
NOW,2023-04-27
NOW,2023-07-27
NOW,2023-10-26
NOW,2024-01-25
NOW,2024-04-25
NOW,2024-07-25
NOW,2024-10-24
NOW,2025-01-30
NOW,2025-04-24
NOW,2025-07-24
NOW,2025-10-30
NOW,2026-01-29
NOW,2026-04-23
NOW,2026-07-23
NOW,2026-10-29
NRG,2020-11-05
NRG,2021-03-01
NRG,2021-05-06
NRG,2021-08-05
NRG,2021-11-04
NRG,2022-02-24
NRG,2022-05-06
NRG,2022-08-04
NRG,2022-11-07
NRG,2023-02-16
NRG,2023-05-04
NRG,2023-08-08
NRG,2023-11-02
NRG,2024-02-28
NRG,2024-05-07
NRG,2024-08-08
NRG,2024-11-08
NRG,2025-02-26
NRG,2025-05-12
NRG,2025-08-06
NRG,2025-11-06
NRG,2026-02-24
NRG,2026-05-06
NRG,2026-08-04
NRG,2026-11-05
NSC,2020-10-28
NSC,2021-01-27
NSC,2021-04-28
NSC,2021-07-28
NSC,2021-10-27
NSC,2022-01-26
NSC,2022-04-27
NSC,2022-07-27
NSC,2022-10-26
NSC,2023-01-25
NSC,2023-04-26
NSC,2023-07-27
NSC,2023-10-25
NSC,2024-01-26
NSC,2024-04-24
NSC,2024-07-26
NSC,2024-10-22
NSC,2025-01-29
NSC,2025-04-23
NSC,2025-07-29
NSC,2025-10-24
NSC,2026-01-29
NSC,2026-04-24
NSC,2026-07-23
NSC,2026-10-22
NTAP,2020-12-02
NTAP,2021-02-25
NTAP,2021-06-03
NTAP,2021-08-26
NTAP,2021-12-01
NTAP,2022-02-24
NTAP,2022-06-02
NTAP,2022-08-25
NTAP,2022-11-30
NTAP,2023-02-23
NTAP,2023-06-01
NTAP,2023-08-24
NTAP,2023-11-29
NTAP,2024-03-01
NTAP,2024-05-31
NTAP,2024-08-29
NTAP,2024-11-22
NTAP,2025-02-28
NTAP,2025-05-30
NTAP,2025-08-28
NTAP,2025-11-26
NTAP,2026-02-27
NTAP,2026-05-29
NTAP,2026-09-03
NTAP,2026-12-01
NTRS,2020-10-21
NTRS,2021-01-21
NTRS,2021-04-20
NTRS,2021-07-21
NTRS,2021-10-20
NTRS,2022-01-20
NTRS,2022-04-26
NTRS,2022-07-20
NTRS,2022-10-19
NTRS,2023-01-19
NTRS,2023-04-25
NTRS,2023-07-19
NTRS,2023-10-18
NTRS,2024-01-18
NTRS,2024-04-16
NTRS,2024-07-17
NTRS,2024-10-23
NTRS,2025-01-23
NTRS,2025-04-22
NTRS,2025-07-23
NTRS,2025-10-22
NTRS,2026-01-22
NTRS,2026-04-21
NTRS,2026-07-22
NTRS,2026-10-21
NUE,2020-10-22
NUE,2021-01-28
NUE,2021-04-22
NUE,2021-07-22
NUE,2021-10-21
NUE,2022-01-27
NUE,2022-04-21
NUE,2022-07-21
NUE,2022-10-20
NUE,2023-01-26
NUE,2023-04-20
NUE,2023-07-25
NUE,2023-10-24
NUE,2024-01-30
NUE,2024-04-23
NUE,2024-07-23
NUE,2024-10-22
NUE,2025-01-28
NUE,2025-04-29
NUE,2025-07-29
NUE,2025-10-28
NUE,2026-01-27
NUE,2026-04-28
NUE,2026-07-28
NUE,2026-10-27
NVDA,2020-11-19
NVDA,2021-02-25
NVDA,2021-05-27
NVDA,2021-08-19
NVDA,2021-11-18
NVDA,2022-02-17
NVDA,2022-05-26
NVDA,2022-08-25
NVDA,2022-11-17
NVDA,2023-02-23
NVDA,2023-05-25
NVDA,2023-08-24
NVDA,2023-11-22
NVDA,2024-02-22
NVDA,2024-05-23
NVDA,2024-08-29
NVDA,2024-11-21
NVDA,2025-02-27
NVDA,2025-05-29
NVDA,2025-08-28
NVDA,2025-11-20
NVDA,2026-02-26
NVDA,2026-05-21
NVDA,2026-08-27
NVDA,2026-11-17
NVR,2020-10-20
NVR,2021-01-28
NVR,2021-04-21
NVR,2021-07-21
NVR,2021-10-21
NVR,2022-02-01
NVR,2022-04-26
NVR,2022-07-26
NVR,2022-10-25
NVR,2023-01-31
NVR,2023-04-25
NVR,2023-07-25
NVR,2023-10-24
NVR,2024-01-30
NVR,2024-04-23
NVR,2024-07-23
NVR,2024-10-22
NVR,2025-01-28
NVR,2025-04-22
NVR,2025-07-23
NVR,2025-10-22
NVR,2026-01-28
NVR,2026-04-22
NVR,2026-07-23
NVR,2026-10-21
NWS,2020-11-06
NWS,2021-02-05
NWS,2021-05-07
NWS,2021-08-06
NWS,2021-11-05
NWS,2022-02-04
NWS,2022-05-06
NWS,2022-08-09
NWS,2022-11-09
NWS,2023-02-10
NWS,2023-05-12
NWS,2023-08-11
NWS,2023-11-09
NWS,2024-02-08
NWS,2024-05-09
NWS,2024-08-09
NWS,2024-11-08
NWS,2025-02-06
NWS,2025-05-09
NWS,2025-08-06
NWS,2025-11-07
NWS,2026-02-06
NWS,2026-05-08
NWS,2026-08-06
NWS,2026-11-05
NWSA,2020-11-06
NWSA,2021-02-05
NWSA,2021-05-07
NWSA,2021-08-06
NWSA,2021-11-05
NWSA,2022-02-04
NWSA,2022-05-06
NWSA,2022-08-09
NWSA,2022-11-09
NWSA,2023-02-10
NWSA,2023-05-12
NWSA,2023-08-11
NWSA,2023-11-09
NWSA,2024-02-08
NWSA,2024-05-09
NWSA,2024-08-09
NWSA,2024-11-08
NWSA,2025-02-06
NWSA,2025-05-09
NWSA,2025-08-06
NWSA,2025-11-07
NWSA,2026-02-06
NWSA,2026-05-08
NWSA,2026-08-06
NWSA,2026-11-05
NXPI,2020-10-27
NXPI,2021-02-02
NXPI,2021-04-27
NXPI,2021-08-02
NXPI,2021-11-01
NXPI,2022-02-01
NXPI,2022-05-03
NXPI,2022-07-26
NXPI,2022-11-01
NXPI,2023-01-31
NXPI,2023-05-02
NXPI,2023-07-25
NXPI,2023-11-07
NXPI,2024-02-06
NXPI,2024-04-30
NXPI,2024-07-23
NXPI,2024-11-05
NXPI,2025-02-04
NXPI,2025-04-29
NXPI,2025-07-22
NXPI,2025-10-28
NXPI,2026-02-03
NXPI,2026-04-29
NXPI,2026-07-29
NXPI,2026-10-27
NXPI,2026-10-28
O,2020-11-03
O,2021-02-23
O,2021-05-04
O,2021-08-03
O,2021-11-02
O,2022-02-23
O,2022-05-05
O,2022-08-04
O,2022-11-03
O,2023-02-22
O,2023-05-04
O,2023-08-03
O,2023-11-07
O,2024-02-21
O,2024-05-07
O,2024-08-06
O,2024-11-05
O,2025-02-25
O,2025-05-06
O,2025-08-07
O,2025-11-04
O,2026-02-25
O,2026-05-07
O,2026-08-06
O,2026-11-02
ODFL,2020-10-27
ODFL,2021-02-04
ODFL,2021-04-22
ODFL,2021-07-28
ODFL,2021-10-27
ODFL,2022-02-02
ODFL,2022-04-27
ODFL,2022-07-27
ODFL,2022-10-26
ODFL,2023-02-01
ODFL,2023-04-26
ODFL,2023-07-26
ODFL,2023-10-25
ODFL,2024-01-31
ODFL,2024-04-24
ODFL,2024-07-24
ODFL,2024-10-23
ODFL,2025-02-05
ODFL,2025-04-23
ODFL,2025-07-30
ODFL,2025-10-29
ODFL,2026-02-04
ODFL,2026-04-29
ODFL,2026-07-29
ODFL,2026-10-28
OKE,2020-10-28
OKE,2021-02-23
OKE,2021-04-28
OKE,2021-08-04
OKE,2021-11-03
OKE,2022-03-01
OKE,2022-05-04
OKE,2022-08-09
OKE,2022-11-02
OKE,2023-02-28
OKE,2023-05-03
OKE,2023-08-08
OKE,2023-11-01
OKE,2024-02-27
OKE,2024-05-01
OKE,2024-08-06
OKE,2024-10-30
OKE,2025-02-25
OKE,2025-04-30
OKE,2025-08-05
OKE,2025-10-29
OKE,2026-02-24
OKE,2026-04-29
OKE,2026-08-04
OKE,2026-10-28
OMC,2020-10-27
OMC,2021-02-18
OMC,2021-04-20
OMC,2021-07-20
OMC,2021-10-20
OMC,2022-02-09
OMC,2022-04-20
OMC,2022-07-20
OMC,2022-10-19
OMC,2023-02-08
OMC,2023-04-19
OMC,2023-07-19
OMC,2023-10-18
OMC,2024-02-07
OMC,2024-04-17
OMC,2024-07-17
OMC,2024-10-16
OMC,2025-02-05
OMC,2025-04-16
OMC,2025-07-16
OMC,2025-10-22
OMC,2026-02-19
OMC,2026-04-29
OMC,2026-07-29
OMC,2026-10-21
ON,2020-10-31
ON,2021-02-01
ON,2021-05-03
ON,2021-08-02
ON,2021-11-01
ON,2022-02-07
ON,2022-05-02
ON,2022-08-01
ON,2022-10-31
ON,2023-02-06
ON,2023-05-01
ON,2023-07-31
ON,2023-10-30
ON,2024-02-05
ON,2024-04-29
ON,2024-07-29
ON,2024-10-28
ON,2025-02-10
ON,2025-05-05
ON,2025-08-04
ON,2025-11-03
ON,2026-02-10
ON,2026-05-05
ON,2026-08-04
ON,2026-11-02
ORCL,2020-12-11
ORCL,2021-03-11
ORCL,2021-06-16
ORCL,2021-09-14
ORCL,2021-12-10
ORCL,2022-03-11
ORCL,2022-06-14
ORCL,2022-09-13
ORCL,2022-12-13
ORCL,2023-03-10
ORCL,2023-06-13
ORCL,2023-09-12
ORCL,2023-12-12
ORCL,2024-03-12
ORCL,2024-06-12
ORCL,2024-09-10
ORCL,2024-12-10
ORCL,2025-03-11
ORCL,2025-06-12
ORCL,2025-09-10
ORCL,2025-12-11
ORCL,2026-03-11
ORCL,2026-06-11
ORCL,2026-09-11
ORCL,2026-12-10
ORLY,2020-10-29
ORLY,2021-02-11
ORLY,2021-04-29
ORLY,2021-07-29
ORLY,2021-10-28
ORLY,2022-02-10
ORLY,2022-04-28
ORLY,2022-07-28
ORLY,2022-10-27
ORLY,2023-02-09
ORLY,2023-04-27
ORLY,2023-07-27
ORLY,2023-10-26
ORLY,2024-02-08
ORLY,2024-04-25
ORLY,2024-07-25
ORLY,2024-10-24
ORLY,2025-02-06
ORLY,2025-04-24
ORLY,2025-07-24
ORLY,2025-10-23
ORLY,2026-02-05
ORLY,2026-04-30
ORLY,2026-07-30
ORLY,2026-10-29
OTIS,2020-10-26
OTIS,2021-02-01
OTIS,2021-04-26
OTIS,2021-07-26
OTIS,2021-10-25
OTIS,2022-01-31
OTIS,2022-04-25
OTIS,2022-07-27
OTIS,2022-10-26
OTIS,2023-02-01
OTIS,2023-04-26
OTIS,2023-07-26
OTIS,2023-10-25
OTIS,2024-01-31
OTIS,2024-04-24
OTIS,2024-07-24
OTIS,2024-10-30
OTIS,2025-01-29
OTIS,2025-04-23
OTIS,2025-07-23
OTIS,2025-10-29
OTIS,2026-01-28
OTIS,2026-04-22
OTIS,2026-07-22
OTIS,2026-10-28
OXY,2020-11-10
OXY,2021-02-23
OXY,2021-05-10
OXY,2021-08-04
OXY,2021-11-05
OXY,2022-02-25
OXY,2022-05-11
OXY,2022-08-03
OXY,2022-11-09
OXY,2023-02-28
OXY,2023-05-10
OXY,2023-08-03
OXY,2023-11-08
OXY,2024-02-15
OXY,2024-05-08
OXY,2024-08-08
OXY,2024-11-13
OXY,2025-02-19
OXY,2025-05-08
OXY,2025-08-07
OXY,2025-11-11
OXY,2026-02-19
OXY,2026-05-06
OXY,2026-08-06
OXY,2026-11-09
P,2020-11-25
P,2021-02-25
P,2021-05-27
P,2021-08-26
P,2021-11-24
P,2022-03-03
P,2022-06-02
P,2022-09-01
P,2022-12-01
P,2023-03-02
P,2023-06-01
P,2023-08-31
P,2023-11-30
P,2024-02-29
P,2024-05-30
P,2024-08-29
P,2024-12-04
P,2025-02-27
P,2025-05-29
P,2025-08-28
P,2025-12-03
P,2026-02-26
P,2026-05-28
P,2026-08-27
P,2026-12-01
PANW,2020-11-16
PANW,2021-02-23
PANW,2021-05-21
PANW,2021-08-24
PANW,2021-11-19
PANW,2022-02-23
PANW,2022-05-20
PANW,2022-08-23
PANW,2022-11-18
PANW,2023-02-22
PANW,2023-05-24
PANW,2023-08-19
PANW,2023-11-16
PANW,2024-02-21
PANW,2024-05-21
PANW,2024-08-20
PANW,2024-11-21
PANW,2025-02-14
PANW,2025-05-21
PANW,2025-08-19
PANW,2025-11-20
PANW,2026-02-18
PANW,2026-06-03
PANW,2026-09-02
PANW,2026-11-19
PAYX,2020-12-23
PAYX,2021-04-06
PAYX,2021-06-25
PAYX,2021-09-30
PAYX,2021-12-22
PAYX,2022-03-30
PAYX,2022-06-29
PAYX,2022-09-28
PAYX,2022-12-22
PAYX,2023-03-29
PAYX,2023-06-29
PAYX,2023-09-27
PAYX,2023-12-21
PAYX,2024-04-02
PAYX,2024-06-26
PAYX,2024-10-01
PAYX,2024-12-19
PAYX,2025-03-26
PAYX,2025-06-25
PAYX,2025-09-30
PAYX,2025-12-19
PAYX,2026-03-25
PAYX,2026-06-24
PAYX,2026-09-23
PAYX,2026-12-18
PCAR,2020-10-20
PCAR,2021-01-26
PCAR,2021-04-27
PCAR,2021-07-27
PCAR,2021-10-26
PCAR,2022-01-25
PCAR,2022-04-26
PCAR,2022-07-26
PCAR,2022-10-25
PCAR,2023-01-24
PCAR,2023-04-25
PCAR,2023-07-25
PCAR,2023-10-24
PCAR,2024-01-23
PCAR,2024-04-30
PCAR,2024-07-23
PCAR,2024-10-22
PCAR,2025-01-28
PCAR,2025-04-29
PCAR,2025-07-22
PCAR,2025-10-21
PCAR,2026-01-27
PCAR,2026-04-28
PCAR,2026-07-28
PCAR,2026-10-27
PCG,2020-10-29
PCG,2021-02-25
PCG,2021-04-29
PCG,2021-07-29
PCG,2021-11-01
PCG,2022-02-10
PCG,2022-04-28
PCG,2022-07-28
PCG,2022-10-27
PCG,2023-02-23
PCG,2023-05-04
PCG,2023-07-27
PCG,2023-10-26
PCG,2024-02-22
PCG,2024-04-25
PCG,2024-07-25
PCG,2024-11-07
PCG,2025-02-13
PCG,2025-04-24
PCG,2025-07-31
PCG,2025-10-23
PCG,2026-02-12
PCG,2026-04-23
PCG,2026-07-23
PCG,2026-10-22
PEG,2020-10-30
PEG,2021-02-26
PEG,2021-05-05
PEG,2021-08-03
PEG,2021-11-02
PEG,2022-02-24
PEG,2022-05-03
PEG,2022-08-02
PEG,2022-10-31
PEG,2023-02-21
PEG,2023-05-02
PEG,2023-08-01
PEG,2023-10-31
PEG,2024-02-26
PEG,2024-04-30
PEG,2024-07-30
PEG,2024-11-04
PEG,2025-02-25
PEG,2025-04-30
PEG,2025-08-05
PEG,2025-11-03
PEG,2026-02-26
PEG,2026-05-05
PEG,2026-08-04
PEG,2026-11-02
PEP,2020-10-01
PEP,2021-02-11
PEP,2021-04-15
PEP,2021-07-13
PEP,2021-10-05
PEP,2022-02-10
PEP,2022-04-26
PEP,2022-07-12
PEP,2022-10-12
PEP,2023-02-09
PEP,2023-04-25
PEP,2023-07-13
PEP,2023-10-10
PEP,2024-02-09
PEP,2024-04-23
PEP,2024-07-11
PEP,2024-10-08
PEP,2025-02-04
PEP,2025-04-24
PEP,2025-07-17
PEP,2025-10-09
PEP,2026-02-03
PEP,2026-04-16
PEP,2026-07-09
PEP,2026-10-08
PFE,2020-10-27
PFE,2021-02-02
PFE,2021-05-04
PFE,2021-07-28
PFE,2021-11-02
PFE,2022-02-08
PFE,2022-05-03
PFE,2022-07-28
PFE,2022-11-01
PFE,2023-01-31
PFE,2023-05-02
PFE,2023-08-01
PFE,2023-10-31
PFE,2024-01-30
PFE,2024-05-01
PFE,2024-07-30
PFE,2024-10-29
PFE,2025-02-04
PFE,2025-04-29
PFE,2025-08-05
PFE,2025-11-04
PFE,2026-02-03
PFE,2026-05-05
PFE,2026-08-04
PFE,2026-11-03
PFG,2020-10-27
PFG,2021-01-29
PFG,2021-04-28
PFG,2021-07-28
PFG,2021-10-27
PFG,2022-02-08
PFG,2022-04-29
PFG,2022-08-09
PFG,2022-10-28
PFG,2023-01-31
PFG,2023-04-28
PFG,2023-07-28
PFG,2023-10-27
PFG,2024-02-13
PFG,2024-04-25
PFG,2024-07-26
PFG,2024-10-25
PFG,2025-02-07
PFG,2025-04-25
PFG,2025-07-29
PFG,2025-10-28
PFG,2026-02-10
PFG,2026-04-24
PFG,2026-07-28
PFG,2026-10-27
PG,2020-10-20
PG,2021-01-20
PG,2021-04-20
PG,2021-07-30
PG,2021-10-19
PG,2022-01-19
PG,2022-04-20
PG,2022-07-29
PG,2022-10-19
PG,2023-01-19
PG,2023-04-21
PG,2023-07-28
PG,2023-10-18
PG,2024-01-23
PG,2024-04-19
PG,2024-07-30
PG,2024-10-18
PG,2025-01-22
PG,2025-04-24
PG,2025-07-29
PG,2025-10-24
PG,2026-01-22
PG,2026-04-24
PG,2026-07-29
PG,2026-10-22
PGR,2020-10-14
PGR,2021-01-27
PGR,2021-04-15
PGR,2021-07-15
PGR,2021-10-14
PGR,2022-01-26
PGR,2022-04-14
PGR,2022-07-15
PGR,2022-10-13
PGR,2023-01-25
PGR,2023-04-13
PGR,2023-08-01
PGR,2023-10-31
PGR,2024-01-24
PGR,2024-04-12
PGR,2024-07-16
PGR,2024-10-15
PGR,2025-01-29
PGR,2025-04-16
PGR,2025-07-16
PGR,2025-10-15
PGR,2026-01-28
PGR,2026-04-15
PGR,2026-07-15
PGR,2026-10-14
PH,2020-11-05
PH,2021-02-04
PH,2021-04-29
PH,2021-08-05
PH,2021-11-04
PH,2022-02-03
PH,2022-05-05
PH,2022-08-04
PH,2022-11-03
PH,2023-02-02
PH,2023-05-04
PH,2023-08-03
PH,2023-11-02
PH,2024-02-01
PH,2024-05-02
PH,2024-08-08
PH,2024-10-31
PH,2025-01-30
PH,2025-05-01
PH,2025-08-07
PH,2025-11-06
PH,2026-01-29
PH,2026-04-30
PH,2026-08-06
PH,2026-11-05
PHM,2020-10-22
PHM,2021-01-28
PHM,2021-04-27
PHM,2021-07-27
PHM,2021-10-26
PHM,2022-02-01
PHM,2022-04-28
PHM,2022-07-26
PHM,2022-10-25
PHM,2023-01-31
PHM,2023-04-25
PHM,2023-07-25
PHM,2023-10-24
PHM,2024-01-30
PHM,2024-04-23
PHM,2024-07-23
PHM,2024-10-22
PHM,2025-01-30
PHM,2025-04-22
PHM,2025-07-22
PHM,2025-10-21
PHM,2026-01-29
PHM,2026-04-23
PHM,2026-07-22
PHM,2026-10-22
PKG,2020-10-27
PKG,2021-01-28
PKG,2021-04-27
PKG,2021-07-27
PKG,2021-10-26
PKG,2022-01-27
PKG,2022-04-26
PKG,2022-07-26
PKG,2022-10-25
PKG,2023-01-26
PKG,2023-04-25
PKG,2023-07-25
PKG,2023-10-24
PKG,2024-01-25
PKG,2024-04-23
PKG,2024-07-24
PKG,2024-10-23
PKG,2025-01-29
PKG,2025-04-23
PKG,2025-07-24
PKG,2025-10-23
PKG,2026-01-28
PKG,2026-04-23
PKG,2026-07-23
PKG,2026-10-22
PLD,2020-10-20
PLD,2021-01-26
PLD,2021-04-19
PLD,2021-07-19
PLD,2021-10-15
PLD,2022-01-19
PLD,2022-04-19
PLD,2022-07-18
PLD,2022-10-19
PLD,2023-01-18
PLD,2023-04-18
PLD,2023-07-18
PLD,2023-10-17
PLD,2024-01-17
PLD,2024-04-17
PLD,2024-07-17
PLD,2024-10-16
PLD,2025-01-21
PLD,2025-04-16
PLD,2025-07-16
PLD,2025-10-15
PLD,2026-01-21
PLD,2026-04-16
PLD,2026-07-16
PLD,2026-10-15
PLTR,2020-11-13
PLTR,2021-02-16
PLTR,2021-05-11
PLTR,2021-08-12
PLTR,2021-11-09
PLTR,2022-02-17
PLTR,2022-05-09
PLTR,2022-08-08
PLTR,2022-11-07
PLTR,2023-02-14
PLTR,2023-05-09
PLTR,2023-08-08
PLTR,2023-11-02
PLTR,2024-02-06
PLTR,2024-05-07
PLTR,2024-08-06
PLTR,2024-11-05
PLTR,2025-02-04
PLTR,2025-05-06
PLTR,2025-08-05
PLTR,2025-11-04
PLTR,2026-02-03
PLTR,2026-05-05
PLTR,2026-08-04
PLTR,2026-11-02
PM,2020-10-20
PM,2021-02-04
PM,2021-04-20
PM,2021-07-20
PM,2021-10-19
PM,2022-02-10
PM,2022-04-21
PM,2022-07-21
PM,2022-10-20
PM,2023-02-09
PM,2023-04-20
PM,2023-07-20
PM,2023-10-19
PM,2024-02-08
PM,2024-04-23
PM,2024-07-23
PM,2024-10-22
PM,2025-02-06
PM,2025-04-23
PM,2025-07-22
PM,2025-10-21
PM,2026-02-06
PM,2026-04-22
PM,2026-07-22
PM,2026-10-21
PNC,2020-10-14
PNC,2021-01-15
PNC,2021-04-16
PNC,2021-07-14
PNC,2021-10-15
PNC,2022-01-18
PNC,2022-04-14
PNC,2022-07-15
PNC,2022-10-14
PNC,2023-01-18
PNC,2023-04-14
PNC,2023-07-18
PNC,2023-10-13
PNC,2024-01-16
PNC,2024-04-16
PNC,2024-07-16
PNC,2024-10-15
PNC,2025-01-16
PNC,2025-04-15
PNC,2025-07-16
PNC,2025-10-15
PNC,2026-01-16
PNC,2026-04-15
PNC,2026-07-15
PNC,2026-10-15
PNR,2020-10-20
PNR,2021-01-28
PNR,2021-04-22
PNR,2021-07-27
PNR,2021-10-26
PNR,2022-02-01
PNR,2022-04-21
PNR,2022-07-26
PNR,2022-10-25
PNR,2023-01-31
PNR,2023-04-27
PNR,2023-07-27
PNR,2023-10-24
PNR,2024-01-30
PNR,2024-04-23
PNR,2024-07-23
PNR,2024-10-22
PNR,2025-02-04
PNR,2025-04-22
PNR,2025-07-22
PNR,2025-10-21
PNR,2026-02-03
PNR,2026-04-28
PNR,2026-07-28
PNR,2026-10-20
PNW,2020-10-30
PNW,2021-02-24
PNW,2021-05-05
PNW,2021-08-05
PNW,2021-11-05
PNW,2022-02-25
PNW,2022-05-04
PNW,2022-08-03
PNW,2022-11-03
PNW,2023-02-27
PNW,2023-05-04
PNW,2023-08-03
PNW,2023-11-02
PNW,2024-02-27
PNW,2024-05-02
PNW,2024-08-01
PNW,2024-11-06
PNW,2025-02-25
PNW,2025-05-01
PNW,2025-08-06
PNW,2025-11-03
PNW,2026-02-25
PNW,2026-05-04
PNW,2026-08-04
PNW,2026-11-03
PODD,2020-11-05
PODD,2021-02-24
PODD,2021-05-07
PODD,2021-08-06
PODD,2021-11-05
PODD,2022-02-24
PODD,2022-05-06
PODD,2022-08-05
PODD,2022-11-04
PODD,2023-02-24
PODD,2023-05-05
PODD,2023-08-09
PODD,2023-11-03
PODD,2024-02-23
PODD,2024-05-10
PODD,2024-08-09
PODD,2024-11-08
PODD,2025-02-21
PODD,2025-05-09
PODD,2025-08-07
PODD,2025-11-06
PODD,2026-02-18
PODD,2026-05-06
PODD,2026-08-05
PODD,2026-11-05
PPG,2020-10-20
PPG,2021-01-22
PPG,2021-04-16
PPG,2021-07-20
PPG,2021-10-21
PPG,2022-01-21
PPG,2022-04-22
PPG,2022-07-22
PPG,2022-10-20
PPG,2023-01-20
PPG,2023-04-21
PPG,2023-07-21
PPG,2023-10-19
PPG,2024-01-19
PPG,2024-04-19
PPG,2024-07-19
PPG,2024-10-17
PPG,2025-01-31
PPG,2025-04-30
PPG,2025-07-30
PPG,2025-10-29
PPG,2026-01-28
PPG,2026-04-29
PPG,2026-07-29
PPG,2026-10-28
PPL,2020-11-05
PPL,2021-02-18
PPL,2021-05-06
PPL,2021-08-05
PPL,2021-11-04
PPL,2022-02-18
PPL,2022-05-05
PPL,2022-08-03
PPL,2022-11-04
PPL,2023-02-17
PPL,2023-05-04
PPL,2023-08-04
PPL,2023-11-02
PPL,2024-02-16
PPL,2024-05-01
PPL,2024-08-02
PPL,2024-11-01
PPL,2025-02-13
PPL,2025-04-30
PPL,2025-07-31
PPL,2025-11-05
PPL,2026-02-20
PPL,2026-05-08
PPL,2026-08-07
PPL,2026-11-04
PRU,2020-11-04
PRU,2021-02-05
PRU,2021-05-05
PRU,2021-08-04
PRU,2021-11-03
PRU,2022-02-04
PRU,2022-05-04
PRU,2022-08-03
PRU,2022-11-02
PRU,2023-02-08
PRU,2023-05-03
PRU,2023-08-02
PRU,2023-11-02
PRU,2024-02-07
PRU,2024-05-01
PRU,2024-08-01
PRU,2024-10-31
PRU,2025-02-05
PRU,2025-05-01
PRU,2025-07-31
PRU,2025-10-30
PRU,2026-02-04
PRU,2026-05-06
PRU,2026-08-05
PRU,2026-10-29
PSA,2020-11-05
PSA,2021-02-25
PSA,2021-04-29
PSA,2021-08-04
PSA,2021-11-02
PSA,2022-02-23
PSA,2022-05-04
PSA,2022-08-05
PSA,2022-11-02
PSA,2023-02-22
PSA,2023-05-04
PSA,2023-08-03
PSA,2023-10-31
PSA,2024-02-21
PSA,2024-05-01
PSA,2024-07-31
PSA,2024-10-31
PSA,2025-02-25
PSA,2025-05-01
PSA,2025-07-31
PSA,2025-10-30
PSA,2026-02-13
PSA,2026-04-28
PSA,2026-07-30
PSA,2026-10-29
PSKY,2020-11-06
PSKY,2021-02-25
PSKY,2021-05-06
PSKY,2021-08-05
PSKY,2021-11-04
PSKY,2022-02-16
PSKY,2022-05-03
PSKY,2022-08-04
PSKY,2022-11-02
PSKY,2023-02-16
PSKY,2023-05-04
PSKY,2023-08-08
PSKY,2023-11-03
PSKY,2024-02-29
PSKY,2024-04-30
PSKY,2024-08-09
PSKY,2024-11-08
PSKY,2025-02-27
PSKY,2025-05-09
PSKY,2025-08-01
PSKY,2025-11-11
PSKY,2026-02-26
PSKY,2026-05-05
PSKY,2026-08-05
PSKY,2026-11-09
PSX,2020-10-30
PSX,2021-01-29
PSX,2021-04-30
PSX,2021-08-03
PSX,2021-10-29
PSX,2022-01-28
PSX,2022-04-29
PSX,2022-07-29
PSX,2022-11-01
PSX,2023-01-31
PSX,2023-05-03
PSX,2023-08-02
PSX,2023-10-27
PSX,2024-01-31
PSX,2024-04-26
PSX,2024-07-30
PSX,2024-10-29
PSX,2025-01-31
PSX,2025-04-25
PSX,2025-07-25
PSX,2025-10-29
PSX,2026-02-04
PSX,2026-04-29
PSX,2026-08-05
PSX,2026-10-28
PTC,2020-10-29
PTC,2021-01-28
PTC,2021-04-29
PTC,2021-07-29
PTC,2021-11-04
PTC,2022-01-27
PTC,2022-04-28
PTC,2022-07-28
PTC,2022-11-02
PTC,2023-02-02
PTC,2023-04-27
PTC,2023-07-27
PTC,2023-11-02
PTC,2024-02-01
PTC,2024-05-02
PTC,2024-08-01
PTC,2024-11-07
PTC,2025-02-06
PTC,2025-05-01
PTC,2025-07-31
PTC,2025-11-06
PTC,2026-02-05
PTC,2026-05-07
PTC,2026-07-30
PTC,2026-11-11
PWR,2020-10-29
PWR,2021-02-25
PWR,2021-05-06
PWR,2021-08-05
PWR,2021-11-04
PWR,2022-02-24
PWR,2022-05-05
PWR,2022-08-04
PWR,2022-11-03
PWR,2023-02-23
PWR,2023-05-04
PWR,2023-08-03
PWR,2023-11-02
PWR,2024-02-22
PWR,2024-05-02
PWR,2024-08-01
PWR,2024-10-31
PWR,2025-02-20
PWR,2025-05-01
PWR,2025-07-31
PWR,2025-10-30
PWR,2026-02-19
PWR,2026-04-30
PWR,2026-07-30
PWR,2026-10-29
PYPL,2020-11-03
PYPL,2021-02-04
PYPL,2021-05-06
PYPL,2021-07-29
PYPL,2021-11-09
PYPL,2022-02-02
PYPL,2022-04-28
PYPL,2022-08-03
PYPL,2022-11-04
PYPL,2023-02-10
PYPL,2023-05-09
PYPL,2023-08-03
PYPL,2023-11-02
PYPL,2024-02-08
PYPL,2024-04-30
PYPL,2024-07-30
PYPL,2024-10-29
PYPL,2025-02-04
PYPL,2025-04-29
PYPL,2025-07-29
PYPL,2025-10-28
PYPL,2026-02-03
PYPL,2026-05-05
PYPL,2026-07-28
PYPL,2026-10-27
Q,2025-11-19
Q,2026-02-26
Q,2026-05-12
Q,2026-08-04
Q,2026-11-16
QCOM,2020-11-05
QCOM,2021-02-04
QCOM,2021-04-28
QCOM,2021-07-29
QCOM,2021-11-04
QCOM,2022-02-03
QCOM,2022-04-28
QCOM,2022-07-28
QCOM,2022-11-03
QCOM,2023-02-03
QCOM,2023-05-04
QCOM,2023-08-03
QCOM,2023-11-02
QCOM,2024-02-01
QCOM,2024-05-02
QCOM,2024-08-01
QCOM,2024-11-07
QCOM,2025-02-06
QCOM,2025-05-01
QCOM,2025-07-31
QCOM,2025-11-06
QCOM,2026-02-05
QCOM,2026-04-30
QCOM,2026-07-30
QCOM,2026-11-04
RCL,2020-10-29
RCL,2021-02-22
RCL,2021-04-29
RCL,2021-08-04
RCL,2021-10-29
RCL,2022-02-04
RCL,2022-05-05
RCL,2022-07-28
RCL,2022-11-03
RCL,2023-02-07
RCL,2023-05-04
RCL,2023-07-27
RCL,2023-10-26
RCL,2024-02-01
RCL,2024-04-25
RCL,2024-07-25
RCL,2024-10-29
RCL,2025-01-28
RCL,2025-04-29
RCL,2025-07-29
RCL,2025-10-28
RCL,2026-01-29
RCL,2026-04-30
RCL,2026-07-28
RCL,2026-10-27
RDDT,2024-05-08
RDDT,2024-08-07
RDDT,2024-10-30
RDDT,2025-02-13
RDDT,2025-05-02
RDDT,2025-08-01
RDDT,2025-10-31
RDDT,2026-02-06
RDDT,2026-05-01
RDDT,2026-07-31
RDDT,2026-10-30
REG,2020-11-06
REG,2021-02-12
REG,2021-05-07
REG,2021-08-06
REG,2021-11-05
REG,2022-02-11
REG,2022-05-04
REG,2022-08-05
REG,2022-11-04
REG,2023-02-10
REG,2023-05-05
REG,2023-08-04
REG,2023-11-03
REG,2024-02-09
REG,2024-05-03
REG,2024-08-02
REG,2024-10-29
REG,2025-02-07
REG,2025-04-30
REG,2025-07-30
REG,2025-10-29
REG,2026-02-06
REG,2026-04-30
REG,2026-07-30
REG,2026-10-29
REGN,2020-11-05
REGN,2021-02-05
REGN,2021-05-06
REGN,2021-08-05
REGN,2021-11-04
REGN,2022-02-04
REGN,2022-05-04
REGN,2022-08-03
REGN,2022-11-03
REGN,2023-02-03
REGN,2023-05-04
REGN,2023-08-03
REGN,2023-11-02
REGN,2024-02-02
REGN,2024-05-02
REGN,2024-08-01
REGN,2024-10-31
REGN,2025-02-04
REGN,2025-04-29
REGN,2025-08-01
REGN,2025-10-28
REGN,2026-01-30
REGN,2026-04-29
REGN,2026-07-30
REGN,2026-10-30
RF,2020-10-20
RF,2021-01-22
RF,2021-04-23
RF,2021-07-23
RF,2021-10-22
RF,2022-01-20
RF,2022-04-22
RF,2022-07-22
RF,2022-10-21
RF,2023-01-20
RF,2023-04-21
RF,2023-07-21
RF,2023-10-20
RF,2024-01-19
RF,2024-04-19
RF,2024-07-19
RF,2024-10-18
RF,2025-01-17
RF,2025-04-17
RF,2025-07-18
RF,2025-10-17
RF,2026-01-16
RF,2026-04-17
RF,2026-07-17
RF,2026-10-16
RJF,2020-10-29
RJF,2021-01-28
RJF,2021-04-28
RJF,2021-07-29
RJF,2021-10-28
RJF,2022-01-27
RJF,2022-04-28
RJF,2022-07-28
RJF,2022-10-27
RJF,2023-01-26
RJF,2023-04-27
RJF,2023-07-27
RJF,2023-10-26
RJF,2024-01-25
RJF,2024-04-25
RJF,2024-07-25
RJF,2024-10-24
RJF,2025-01-30
RJF,2025-04-24
RJF,2025-07-24
RJF,2025-10-23
RJF,2026-01-29
RJF,2026-04-23
RJF,2026-07-23
RJF,2026-10-29
RL,2020-10-29
RL,2021-02-04
RL,2021-05-20
RL,2021-08-03
RL,2021-11-02
RL,2022-02-03
RL,2022-05-24
RL,2022-08-09
RL,2022-11-10
RL,2023-02-09
RL,2023-05-25
RL,2023-08-10
RL,2023-11-08
RL,2024-02-08
RL,2024-05-23
RL,2024-08-07
RL,2024-11-07
RL,2025-02-06
RL,2025-05-22
RL,2025-08-07
RL,2025-11-06
RL,2026-02-05
RL,2026-05-21
RL,2026-08-06
RL,2026-11-05
RMD,2020-10-30
RMD,2021-01-29
RMD,2021-04-30
RMD,2021-08-06
RMD,2021-10-29
RMD,2022-01-28
RMD,2022-04-29
RMD,2022-08-12
RMD,2022-10-28
RMD,2023-01-27
RMD,2023-04-28
RMD,2023-08-04
RMD,2023-10-27
RMD,2024-01-25
RMD,2024-04-26
RMD,2024-08-02
RMD,2024-10-25
RMD,2025-01-31
RMD,2025-04-24
RMD,2025-08-01
RMD,2025-10-31
RMD,2026-01-30
RMD,2026-05-01
RMD,2026-08-07
RMD,2026-10-30
ROK,2020-11-10
ROK,2021-01-26
ROK,2021-04-28
ROK,2021-07-27
ROK,2021-11-02
ROK,2022-01-27
ROK,2022-05-03
ROK,2022-07-27
ROK,2022-11-02
ROK,2023-01-26
ROK,2023-04-27
ROK,2023-08-01
ROK,2023-11-02
ROK,2024-01-31
ROK,2024-05-07
ROK,2024-08-07
ROK,2024-11-07
ROK,2025-02-10
ROK,2025-05-07
ROK,2025-08-06
ROK,2025-11-06
ROK,2026-02-05
ROK,2026-05-05
ROK,2026-08-04
ROK,2026-11-05
ROL,2020-10-28
ROL,2021-01-27
ROL,2021-04-28
ROL,2021-07-28
ROL,2021-10-27
ROL,2022-01-26
ROL,2022-04-27
ROL,2022-07-27
ROL,2022-10-26
ROL,2023-02-16
ROL,2023-04-27
ROL,2023-07-27
ROL,2023-10-26
ROL,2024-02-15
ROL,2024-04-25
ROL,2024-07-25
ROL,2024-10-24
ROL,2025-02-13
ROL,2025-04-24
ROL,2025-07-24
ROL,2025-10-30
ROL,2026-02-12
ROL,2026-04-23
ROL,2026-07-23
ROL,2026-10-29
ROP,2020-10-27
ROP,2021-01-29
ROP,2021-04-27
ROP,2021-07-23
ROP,2021-10-22
ROP,2022-02-02
ROP,2022-04-26
ROP,2022-07-22
ROP,2022-10-26
ROP,2023-01-27
ROP,2023-04-27
ROP,2023-07-21
ROP,2023-10-25
ROP,2024-01-31
ROP,2024-04-26
ROP,2024-07-24
ROP,2024-10-23
ROP,2025-01-30
ROP,2025-04-28
ROP,2025-07-21
ROP,2025-10-23
ROP,2026-01-27
ROP,2026-04-23
ROP,2026-07-23
ROP,2026-10-22
ROST,2020-11-20
ROST,2021-03-03
ROST,2021-05-21
ROST,2021-08-20
ROST,2021-11-19
ROST,2022-03-02
ROST,2022-05-20
ROST,2022-08-19
ROST,2022-11-18
ROST,2023-03-01
ROST,2023-05-19
ROST,2023-08-18
ROST,2023-11-17
ROST,2024-03-06
ROST,2024-05-24
ROST,2024-08-23
ROST,2024-11-22
ROST,2025-03-05
ROST,2025-05-23
ROST,2025-08-22
ROST,2025-11-21
ROST,2026-03-04
ROST,2026-05-22
ROST,2026-08-21
ROST,2026-11-19
RSG,2020-11-06
RSG,2021-02-23
RSG,2021-05-06
RSG,2021-07-30
RSG,2021-10-29
RSG,2022-02-11
RSG,2022-05-06
RSG,2022-08-05
RSG,2022-10-28
RSG,2023-02-16
RSG,2023-04-28
RSG,2023-08-01
RSG,2023-10-27
RSG,2024-02-28
RSG,2024-05-01
RSG,2024-07-25
RSG,2024-10-30
RSG,2025-02-14
RSG,2025-04-25
RSG,2025-07-30
RSG,2025-10-31
RSG,2026-02-18
RSG,2026-05-08
RSG,2026-08-07
RSG,2026-10-30
RTX,2020-10-27
RTX,2021-01-26
RTX,2021-04-27
RTX,2021-07-27
RTX,2021-10-26
RTX,2022-01-25
RTX,2022-04-26
RTX,2022-07-26
RTX,2022-10-25
RTX,2023-01-24
RTX,2023-04-25
RTX,2023-07-25
RTX,2023-10-24
RTX,2024-01-23
RTX,2024-04-23
RTX,2024-07-25
RTX,2024-10-22
RTX,2025-01-28
RTX,2025-04-22
RTX,2025-07-22
RTX,2025-10-21
RTX,2026-01-27
RTX,2026-04-21
RTX,2026-07-23
RTX,2026-10-20
RVTY,2020-10-29
RVTY,2021-02-03
RVTY,2021-05-05
RVTY,2021-07-26
RVTY,2021-11-03
RVTY,2022-02-02
RVTY,2022-05-04
RVTY,2022-08-01
RVTY,2022-11-08
RVTY,2023-02-14
RVTY,2023-05-11
RVTY,2023-08-01
RVTY,2023-10-30
RVTY,2024-02-01
RVTY,2024-04-29
RVTY,2024-07-29
RVTY,2024-11-04
RVTY,2025-01-31
RVTY,2025-04-28
RVTY,2025-07-28
RVTY,2025-10-27
RVTY,2026-02-02
RVTY,2026-05-05
RVTY,2026-08-04
RVTY,2026-10-26
SBAC,2020-11-03
SBAC,2021-02-23
SBAC,2021-04-27
SBAC,2021-08-03
SBAC,2021-11-02
SBAC,2022-03-01
SBAC,2022-04-26
SBAC,2022-08-02
SBAC,2022-11-01
SBAC,2023-02-22
SBAC,2023-05-02
SBAC,2023-08-01
SBAC,2023-11-03
SBAC,2024-02-27
SBAC,2024-04-30
SBAC,2024-07-30
SBAC,2024-10-29
SBAC,2025-02-25
SBAC,2025-04-29
SBAC,2025-08-05
SBAC,2025-11-04
SBAC,2026-02-27
SBAC,2026-04-30
SBAC,2026-08-04
SBAC,2026-11-02
SBUX,2020-10-30
SBUX,2021-01-27
SBUX,2021-04-28
SBUX,2021-07-28
SBUX,2021-10-29
SBUX,2022-02-02
SBUX,2022-05-04
SBUX,2022-08-03
SBUX,2022-11-04
SBUX,2023-02-03
SBUX,2023-05-03
SBUX,2023-08-02
SBUX,2023-11-02
SBUX,2024-01-31
SBUX,2024-05-01
SBUX,2024-07-31
SBUX,2024-10-31
SBUX,2025-01-29
SBUX,2025-04-30
SBUX,2025-07-30
SBUX,2025-10-30
SBUX,2026-01-28
SBUX,2026-04-29
SBUX,2026-07-30
SBUX,2026-10-29
SCHW,2020-10-15
SCHW,2021-01-19
SCHW,2021-04-15
SCHW,2021-07-16
SCHW,2021-10-15
SCHW,2022-01-18
SCHW,2022-04-18
SCHW,2022-07-18
SCHW,2022-10-17
SCHW,2023-01-18
SCHW,2023-04-18
SCHW,2023-07-18
SCHW,2023-10-16
SCHW,2024-01-17
SCHW,2024-04-15
SCHW,2024-07-16
SCHW,2024-10-15
SCHW,2025-01-22
SCHW,2025-04-17
SCHW,2025-07-18
SCHW,2025-10-16
SCHW,2026-01-21
SCHW,2026-04-16
SCHW,2026-07-21
SCHW,2026-10-15
SHW,2020-10-27
SHW,2021-01-28
SHW,2021-04-27
SHW,2021-07-27
SHW,2021-10-26
SHW,2022-01-27
SHW,2022-04-26
SHW,2022-07-27
SHW,2022-10-25
SHW,2023-01-26
SHW,2023-04-25
SHW,2023-07-25
SHW,2023-10-24
SHW,2024-01-25
SHW,2024-04-23
SHW,2024-07-23
SHW,2024-10-22
SHW,2025-01-30
SHW,2025-04-29
SHW,2025-07-22
SHW,2025-10-28
SHW,2026-01-29
SHW,2026-04-28
SHW,2026-07-28
SHW,2026-10-27
SJM,2020-11-24
SJM,2021-02-25
SJM,2021-06-03
SJM,2021-08-26
SJM,2021-11-23
SJM,2022-03-01
SJM,2022-06-07
SJM,2022-08-23
SJM,2022-11-21
SJM,2023-02-28
SJM,2023-06-06
SJM,2023-08-29
SJM,2023-12-05
SJM,2024-02-27
SJM,2024-06-06
SJM,2024-08-28
SJM,2024-11-26
SJM,2025-02-27
SJM,2025-06-10
SJM,2025-08-27
SJM,2025-11-25
SJM,2026-02-26
SJM,2026-06-09
SJM,2026-08-26
SJM,2026-11-24
SLB,2020-10-16
SLB,2021-01-22
SLB,2021-04-23
SLB,2021-07-23
SLB,2021-10-22
SLB,2022-01-21
SLB,2022-04-22
SLB,2022-07-22
SLB,2022-10-21
SLB,2023-01-20
SLB,2023-04-21
SLB,2023-07-21
SLB,2023-10-20
SLB,2024-01-19
SLB,2024-04-19
SLB,2024-07-19
SLB,2024-10-18
SLB,2025-01-17
SLB,2025-04-25
SLB,2025-07-18
SLB,2025-10-17
SLB,2026-01-23
SLB,2026-04-24
SLB,2026-07-24
SLB,2026-10-23
SMCI,2020-11-04
SMCI,2021-02-03
SMCI,2021-05-05
SMCI,2021-08-11
SMCI,2021-11-03
SMCI,2022-02-02
SMCI,2022-05-04
SMCI,2022-08-10
SMCI,2022-11-02
SMCI,2023-02-01
SMCI,2023-05-03
SMCI,2023-08-09
SMCI,2023-11-02
SMCI,2024-01-30
SMCI,2024-05-01
SMCI,2024-08-07
SMCI,2025-02-26
SMCI,2025-05-07
SMCI,2025-08-06
SMCI,2025-11-05
SMCI,2026-02-04
SMCI,2026-05-06
SMCI,2026-08-12
SMCI,2026-11-03
SNA,2020-10-22
SNA,2021-02-04
SNA,2021-04-22
SNA,2021-07-22
SNA,2021-10-21
SNA,2022-02-03
SNA,2022-04-21
SNA,2022-07-21
SNA,2022-10-20
SNA,2023-02-02
SNA,2023-04-20
SNA,2023-07-20
SNA,2023-10-19
SNA,2024-02-08
SNA,2024-04-18
SNA,2024-07-18
SNA,2024-10-17
SNA,2025-02-06
SNA,2025-04-17
SNA,2025-07-17
SNA,2025-10-16
SNA,2026-02-05
SNA,2026-04-23
SNA,2026-07-23
SNA,2026-10-15
SNDK,2025-05-08
SNDK,2025-08-15
SNDK,2025-11-07
SNDK,2026-01-30
SNDK,2026-05-01
SNDK,2026-08-06
SNDK,2026-10-30
SNDK,2026-11-06
SNPS,2020-12-03
SNPS,2021-02-18
SNPS,2021-05-20
SNPS,2021-08-19
SNPS,2021-12-02
SNPS,2022-02-17
SNPS,2022-05-19
SNPS,2022-08-18
SNPS,2022-12-01
SNPS,2023-02-16
SNPS,2023-05-18
SNPS,2023-08-17
SNPS,2023-11-30
SNPS,2024-02-22
SNPS,2024-05-23
SNPS,2024-08-22
SNPS,2024-12-05
SNPS,2025-02-27
SNPS,2025-05-29
SNPS,2025-09-10
SNPS,2025-12-11
SNPS,2026-02-26
SNPS,2026-05-28
SNPS,2026-08-27
SNPS,2026-12-09
SO,2020-10-29
SO,2021-02-18
SO,2021-04-29
SO,2021-07-29
SO,2021-11-04
SO,2022-02-17
SO,2022-04-28
SO,2022-07-28
SO,2022-10-27
SO,2023-02-16
SO,2023-04-27
SO,2023-08-03
SO,2023-11-02
SO,2024-02-15
SO,2024-05-02
SO,2024-08-01
SO,2024-10-31
SO,2025-02-20
SO,2025-05-01
SO,2025-07-31
SO,2025-10-30
SO,2026-02-19
SO,2026-04-30
SO,2026-07-30
SO,2026-11-05
SOLV,2024-05-09
SOLV,2024-08-09
SOLV,2024-11-08
SOLV,2025-02-28
SOLV,2025-05-09
SOLV,2025-08-08
SOLV,2025-11-07
SOLV,2026-02-27
SOLV,2026-05-06
SOLV,2026-08-06
SOLV,2026-11-05
SPG,2020-11-10
SPG,2021-02-09
SPG,2021-05-11
SPG,2021-08-03
SPG,2021-11-02
SPG,2022-02-08
SPG,2022-05-10
SPG,2022-08-02
SPG,2022-11-01
SPG,2023-02-07
SPG,2023-05-03
SPG,2023-08-03
SPG,2023-10-31
SPG,2024-02-06
SPG,2024-05-07
SPG,2024-08-06
SPG,2024-11-01
SPG,2025-02-05
SPG,2025-05-13
SPG,2025-08-05
SPG,2025-11-04
SPG,2026-02-03
SPG,2026-05-12
SPG,2026-08-11
SPG,2026-11-02
SPGI,2020-10-27
SPGI,2021-02-09
SPGI,2021-04-29
SPGI,2021-07-29
SPGI,2021-10-26
SPGI,2022-02-08
SPGI,2022-05-04
SPGI,2022-08-02
SPGI,2022-10-27
SPGI,2023-02-09
SPGI,2023-04-27
SPGI,2023-07-27
SPGI,2023-11-02
SPGI,2024-02-08
SPGI,2024-04-25
SPGI,2024-07-30
SPGI,2024-10-24
SPGI,2025-02-11
SPGI,2025-04-29
SPGI,2025-07-31
SPGI,2025-10-30
SPGI,2026-02-10
SPGI,2026-04-28
SPGI,2026-07-28
SPGI,2026-10-27
SPGI,2026-10-29
SRE,2020-11-05
SRE,2021-02-25
SRE,2021-05-05
SRE,2021-08-05
SRE,2021-11-05
SRE,2022-02-25
SRE,2022-05-05
SRE,2022-08-04
SRE,2022-11-03
SRE,2023-02-28
SRE,2023-05-04
SRE,2023-08-03
SRE,2023-11-03
SRE,2024-02-27
SRE,2024-05-07
SRE,2024-08-06
SRE,2024-11-06
SRE,2025-02-25
SRE,2025-05-08
SRE,2025-08-07
SRE,2025-11-05
SRE,2026-02-26
SRE,2026-05-07
SRE,2026-08-06
SRE,2026-11-04
STE,2020-11-03
STE,2021-02-03
STE,2021-05-19
STE,2021-08-09
STE,2021-11-03
STE,2022-02-09
STE,2022-05-12
STE,2022-08-03
STE,2022-11-10
STE,2023-02-09
STE,2023-05-11
STE,2023-08-02
STE,2023-11-08
STE,2024-02-08
STE,2024-05-09
STE,2024-08-07
STE,2024-11-07
STE,2025-02-06
STE,2025-05-15
STE,2025-08-07
STE,2025-11-06
STE,2026-02-05
STE,2026-05-12
STE,2026-08-06
STE,2026-11-04
STLD,2020-10-20
STLD,2021-01-26
STLD,2021-04-20
STLD,2021-07-20
STLD,2021-10-19
STLD,2022-01-25
STLD,2022-04-21
STLD,2022-07-21
STLD,2022-10-20
STLD,2023-01-26
STLD,2023-04-20
STLD,2023-07-20
STLD,2023-10-19
STLD,2024-01-24
STLD,2024-04-24
STLD,2024-07-18
STLD,2024-10-17
STLD,2025-01-23
STLD,2025-04-23
STLD,2025-07-22
STLD,2025-10-21
STLD,2026-01-26
STLD,2026-04-21
STLD,2026-07-21
STLD,2026-10-20
STT,2020-10-16
STT,2021-01-19
STT,2021-04-16
STT,2021-07-16
STT,2021-10-18
STT,2022-01-19
STT,2022-04-14
STT,2022-07-15
STT,2022-10-18
STT,2023-01-20
STT,2023-04-17
STT,2023-07-14
STT,2023-10-18
STT,2024-01-19
STT,2024-04-12
STT,2024-07-16
STT,2024-10-15
STT,2025-01-17
STT,2025-04-17
STT,2025-07-15
STT,2025-10-17
STT,2026-01-16
STT,2026-04-17
STT,2026-07-16
STT,2026-10-14
STX,2020-10-23
STX,2021-01-22
STX,2021-04-23
STX,2021-07-21
STX,2021-10-22
STX,2022-01-27
STX,2022-04-27
STX,2022-07-22
STX,2022-10-26
STX,2023-01-26
STX,2023-04-20
STX,2023-07-27
STX,2023-10-26
STX,2024-01-25
STX,2024-04-24
STX,2024-07-24
STX,2024-10-23
STX,2025-01-22
STX,2025-04-30
STX,2025-07-30
STX,2025-10-29
STX,2026-01-28
STX,2026-04-29
STX,2026-07-29
STX,2026-10-28
STZ,2020-10-01
STZ,2021-01-07
STZ,2021-04-08
STZ,2021-06-30
STZ,2021-10-07
STZ,2022-01-06
STZ,2022-04-07
STZ,2022-06-30
STZ,2022-10-06
STZ,2023-01-06
STZ,2023-04-06
STZ,2023-07-01
STZ,2023-10-06
STZ,2024-01-05
STZ,2024-04-11
STZ,2024-07-03
STZ,2024-10-03
STZ,2025-01-10
STZ,2025-04-10
STZ,2025-07-02
STZ,2025-10-07
STZ,2026-01-08
STZ,2026-04-09
STZ,2026-07-01
STZ,2026-10-07
SW,2024-07-31
SW,2024-10-30
SW,2025-02-12
SW,2025-05-01
SW,2025-07-30
SW,2025-10-29
SW,2026-02-11
SW,2026-04-30
SW,2026-07-29
SW,2026-10-28
SWK,2020-10-27
SWK,2021-01-28
SWK,2021-04-28
SWK,2021-07-27
SWK,2021-10-28
SWK,2022-02-01
SWK,2022-04-28
SWK,2022-07-28
SWK,2022-10-27
SWK,2023-02-02
SWK,2023-05-04
SWK,2023-08-01
SWK,2023-10-27
SWK,2024-02-01
SWK,2024-05-02
SWK,2024-07-30
SWK,2024-10-29
SWK,2025-02-05
SWK,2025-04-30
SWK,2025-07-29
SWK,2025-11-04
SWK,2026-02-04
SWK,2026-04-29
SWK,2026-07-29
SWK,2026-11-04
SWKS,2020-11-03
SWKS,2021-01-29
SWKS,2021-04-30
SWKS,2021-07-30
SWKS,2021-11-05
SWKS,2022-02-04
SWKS,2022-05-04
SWKS,2022-08-05
SWKS,2022-11-04
SWKS,2023-02-07
SWKS,2023-05-09
SWKS,2023-08-08
SWKS,2023-11-03
SWKS,2024-01-31
SWKS,2024-05-01
SWKS,2024-07-31
SWKS,2024-11-13
SWKS,2025-02-06
SWKS,2025-05-08
SWKS,2025-08-06
SWKS,2025-11-05
SWKS,2026-02-04
SWKS,2026-05-06
SWKS,2026-07-29
SWKS,2026-11-03
SYF,2020-10-20
SYF,2021-01-29
SYF,2021-04-27
SYF,2021-07-20
SYF,2021-10-19
SYF,2022-01-28
SYF,2022-04-18
SYF,2022-07-18
SYF,2022-10-25
SYF,2023-01-23
SYF,2023-04-19
SYF,2023-07-18
SYF,2023-10-24
SYF,2024-01-23
SYF,2024-04-24
SYF,2024-07-17
SYF,2024-10-16
SYF,2025-01-28
SYF,2025-04-22
SYF,2025-07-22
SYF,2025-10-15
SYF,2026-01-27
SYF,2026-04-21
SYF,2026-07-21
SYF,2026-10-20
SYK,2020-10-30
SYK,2021-01-28
SYK,2021-04-28
SYK,2021-07-28
SYK,2021-10-29
SYK,2022-01-28
SYK,2022-04-29
SYK,2022-07-27
SYK,2022-11-01
SYK,2023-02-01
SYK,2023-05-02
SYK,2023-08-04
SYK,2023-11-03
SYK,2024-01-31
SYK,2024-05-01
SYK,2024-07-31
SYK,2024-10-30
SYK,2025-01-29
SYK,2025-05-02
SYK,2025-08-01
SYK,2025-10-31
SYK,2026-01-30
SYK,2026-05-01
SYK,2026-07-31
SYK,2026-10-30
SYY,2020-11-03
SYY,2021-02-02
SYY,2021-05-04
SYY,2021-08-10
SYY,2021-11-09
SYY,2022-02-08
SYY,2022-05-10
SYY,2022-08-09
SYY,2022-11-01
SYY,2023-01-31
SYY,2023-05-02
SYY,2023-08-01
SYY,2023-10-31
SYY,2024-01-30
SYY,2024-04-30
SYY,2024-07-30
SYY,2024-10-29
SYY,2025-01-28
SYY,2025-04-29
SYY,2025-07-29
SYY,2025-10-28
SYY,2026-01-27
SYY,2026-04-28
SYY,2026-08-04
SYY,2026-11-03
T,2020-10-22
T,2021-01-27
T,2021-04-22
T,2021-07-22
T,2021-10-21
T,2022-01-26
T,2022-04-21
T,2022-07-21
T,2022-10-20
T,2023-01-25
T,2023-04-20
T,2023-07-26
T,2023-10-19
T,2024-01-24
T,2024-04-24
T,2024-07-24
T,2024-10-23
T,2025-01-27
T,2025-04-23
T,2025-07-23
T,2025-10-22
T,2026-01-28
T,2026-04-22
T,2026-07-22
T,2026-10-21
TDG,2020-11-12
TDG,2021-02-10
TDG,2021-05-11
TDG,2021-08-10
TDG,2021-11-16
TDG,2022-02-08
TDG,2022-05-10
TDG,2022-08-09
TDG,2022-11-10
TDG,2023-02-07
TDG,2023-05-09
TDG,2023-08-08
TDG,2023-11-09
TDG,2024-02-08
TDG,2024-05-07
TDG,2024-08-06
TDG,2024-11-07
TDG,2025-02-04
TDG,2025-05-06
TDG,2025-08-05
TDG,2025-11-12
TDG,2026-02-03
TDG,2026-05-05
TDG,2026-08-04
TDG,2026-11-05
TDY,2020-10-21
TDY,2021-01-27
TDY,2021-04-28
TDY,2021-07-28
TDY,2021-10-27
TDY,2022-01-27
TDY,2022-04-27
TDY,2022-07-27
TDY,2022-10-26
TDY,2023-01-25
TDY,2023-04-26
TDY,2023-07-26
TDY,2023-10-25
TDY,2024-01-24
TDY,2024-04-24
TDY,2024-07-24
TDY,2024-10-23
TDY,2025-01-22
TDY,2025-04-23
TDY,2025-07-23
TDY,2025-10-22
TDY,2026-01-21
TDY,2026-04-22
TDY,2026-07-22
TDY,2026-10-21
TECH,2020-11-05
TECH,2021-02-02
TECH,2021-05-06
TECH,2021-08-05
TECH,2021-11-02
TECH,2022-02-01
TECH,2022-05-04
TECH,2022-08-04
TECH,2022-11-01
TECH,2023-02-02
TECH,2023-05-03
TECH,2023-08-08
TECH,2023-10-31
TECH,2024-02-01
TECH,2024-05-01
TECH,2024-08-07
TECH,2024-10-30
TECH,2025-02-05
TECH,2025-05-07
TECH,2025-08-06
TECH,2025-11-05
TECH,2026-02-04
TECH,2026-05-06
TECH,2026-08-12
TECH,2026-11-09
TEL,2020-10-28
TEL,2021-01-27
TEL,2021-04-21
TEL,2021-07-28
TEL,2021-10-27
TEL,2022-01-26
TEL,2022-04-27
TEL,2022-07-27
TEL,2022-11-02
TEL,2023-01-25
TEL,2023-04-26
TEL,2023-07-26
TEL,2023-11-01
TEL,2024-01-24
TEL,2024-04-24
TEL,2024-07-24
TEL,2024-10-30
TEL,2025-01-22
TEL,2025-04-23
TEL,2025-07-23
TEL,2025-10-29
TEL,2026-01-21
TEL,2026-04-22
TEL,2026-07-22
TEL,2026-10-28
TER,2020-10-21
TER,2021-01-28
TER,2021-04-28
TER,2021-07-28
TER,2021-10-27
TER,2022-01-27
TER,2022-04-27
TER,2022-07-27
TER,2022-10-26
TER,2023-01-26
TER,2023-04-27
TER,2023-07-27
TER,2023-10-26
TER,2024-01-31
TER,2024-04-25
TER,2024-07-25
TER,2024-10-24
TER,2025-01-30
TER,2025-04-29
TER,2025-07-30
TER,2025-10-29
TER,2026-02-03
TER,2026-04-29
TER,2026-07-29
TER,2026-10-22
TFC,2020-10-15
TFC,2021-01-21
TFC,2021-04-15
TFC,2021-07-15
TFC,2021-10-15
TFC,2022-01-18
TFC,2022-04-19
TFC,2022-07-19
TFC,2022-10-18
TFC,2023-01-19
TFC,2023-04-20
TFC,2023-07-20
TFC,2023-10-19
TFC,2024-01-18
TFC,2024-04-22
TFC,2024-07-22
TFC,2024-10-17
TFC,2025-01-17
TFC,2025-04-17
TFC,2025-07-18
TFC,2025-10-17
TFC,2026-01-21
TFC,2026-04-17
TFC,2026-07-17
TFC,2026-10-16
TGT,2020-11-18
TGT,2021-03-02
TGT,2021-05-19
TGT,2021-08-18
TGT,2021-11-17
TGT,2022-03-01
TGT,2022-05-18
TGT,2022-08-17
TGT,2022-11-16
TGT,2023-02-28
TGT,2023-05-17
TGT,2023-08-16
TGT,2023-11-15
TGT,2024-03-05
TGT,2024-05-22
TGT,2024-08-21
TGT,2024-11-20
TGT,2025-03-04
TGT,2025-05-21
TGT,2025-08-20
TGT,2025-11-19
TGT,2026-03-03
TGT,2026-05-20
TGT,2026-08-19
TGT,2026-11-18
TJX,2020-11-18
TJX,2021-02-24
TJX,2021-05-19
TJX,2021-08-18
TJX,2021-11-17
TJX,2022-02-23
TJX,2022-05-18
TJX,2022-08-17
TJX,2022-11-16
TJX,2023-02-22
TJX,2023-05-17
TJX,2023-08-16
TJX,2023-11-15
TJX,2024-02-28
TJX,2024-05-22
TJX,2024-08-21
TJX,2024-11-20
TJX,2025-02-26
TJX,2025-05-21
TJX,2025-08-20
TJX,2025-11-19
TJX,2026-02-25
TJX,2026-05-20
TJX,2026-08-19
TJX,2026-11-18
TKO,2023-11-08
TKO,2024-02-28
TKO,2024-05-09
TKO,2024-08-08
TKO,2024-11-07
TKO,2025-02-27
TKO,2025-05-09
TKO,2025-08-07
TKO,2025-11-06
TKO,2026-02-26
TKO,2026-05-07
TKO,2026-08-04
TKO,2026-11-04
TMO,2020-10-21
TMO,2021-02-01
TMO,2021-04-29
TMO,2021-07-28
TMO,2021-10-27
TMO,2022-02-02
TMO,2022-04-28
TMO,2022-07-28
TMO,2022-10-26
TMO,2023-02-01
TMO,2023-04-26
TMO,2023-07-26
TMO,2023-10-25
TMO,2024-01-31
TMO,2024-04-24
TMO,2024-07-24
TMO,2024-10-23
TMO,2025-01-30
TMO,2025-04-23
TMO,2025-07-23
TMO,2025-10-22
TMO,2026-01-29
TMO,2026-04-23
TMO,2026-07-23
TMO,2026-10-21
TMUS,2020-11-06
TMUS,2021-02-05
TMUS,2021-05-05
TMUS,2021-07-30
TMUS,2021-11-03
TMUS,2022-02-03
TMUS,2022-04-27
TMUS,2022-07-27
TMUS,2022-10-28
TMUS,2023-02-01
TMUS,2023-04-28
TMUS,2023-07-28
TMUS,2023-10-25
TMUS,2024-01-26
TMUS,2024-04-26
TMUS,2024-07-31
TMUS,2024-10-24
TMUS,2025-01-29
TMUS,2025-04-25
TMUS,2025-07-24
TMUS,2025-10-23
TMUS,2026-02-11
TMUS,2026-04-29
TMUS,2026-07-23
TMUS,2026-10-29
TPL,2020-01-31
TPL,2020-05-01
TPL,2020-07-31
TPL,2020-11-03
TPL,2021-02-26
TPL,2021-05-07
TPL,2021-08-06
TPL,2021-11-05
TPL,2022-02-24
TPL,2022-05-05
TPL,2022-08-04
TPL,2022-11-03
TPL,2023-02-23
TPL,2023-05-04
TPL,2023-08-03
TPL,2023-11-02
TPL,2024-02-22
TPL,2024-05-09
TPL,2024-08-08
TPL,2025-08-07
TPL,2025-11-06
TPL,2026-02-19
TPL,2026-05-07
TPL,2026-08-06
TPL,2026-11-04
TPR,2020-08-13
TPR,2020-10-29
TPR,2021-02-04
TPR,2021-05-06
TPR,2021-08-19
TPR,2021-11-11
TPR,2022-02-10
TPR,2022-05-12
TPR,2022-08-18
TPR,2022-11-10
TPR,2023-02-09
TPR,2023-05-11
TPR,2023-08-17
TPR,2023-11-09
TPR,2024-02-08
TPR,2024-05-09
TPR,2024-08-15
TPR,2025-02-06
TPR,2025-05-08
TPR,2025-08-14
TPR,2025-11-06
TPR,2026-02-05
TPR,2026-05-07
TPR,2026-08-13
TPR,2026-11-05
TRGP,2020-11-05
TRGP,2021-02-18
TRGP,2021-05-06
TRGP,2021-08-05
TRGP,2021-11-04
TRGP,2022-02-24
TRGP,2022-05-05
TRGP,2022-08-04
TRGP,2022-11-03
TRGP,2023-02-23
TRGP,2023-05-04
TRGP,2023-08-03
TRGP,2023-11-02
TRGP,2024-02-16
TRGP,2024-05-02
TRGP,2024-08-01
TRGP,2024-11-05
TRGP,2025-02-20
TRGP,2025-05-01
TRGP,2025-08-07
TRGP,2025-11-05
TRGP,2026-02-19
TRGP,2026-05-07
TRGP,2026-08-06
TRGP,2026-11-05
TRMB,2020-11-05
TRMB,2021-02-11
TRMB,2021-05-06
TRMB,2021-08-05
TRMB,2021-11-04
TRMB,2022-02-09
TRMB,2022-05-05
TRMB,2022-08-05
TRMB,2022-11-02
TRMB,2023-02-08
TRMB,2023-05-03
TRMB,2023-08-03
TRMB,2023-11-01
TRMB,2024-02-12
TRMB,2024-05-03
TRMB,2024-08-06
TRMB,2024-11-06
TRMB,2025-02-19
TRMB,2025-05-07
TRMB,2025-08-06
TRMB,2025-11-05
TRMB,2026-02-10
TRMB,2026-05-06
TRMB,2026-08-12
TRMB,2026-11-04
TROW,2020-10-29
TROW,2021-01-28
TROW,2021-04-29
TROW,2021-07-29
TROW,2021-10-28
TROW,2022-01-27
TROW,2022-04-28
TROW,2022-07-28
TROW,2022-10-27
TROW,2023-01-26
TROW,2023-05-02
TROW,2023-07-28
TROW,2023-10-27
TROW,2024-02-08
TROW,2024-04-26
TROW,2024-07-26
TROW,2024-11-01
TROW,2025-02-05
TROW,2025-05-02
TROW,2025-08-01
TROW,2025-10-31
TROW,2026-02-04
TROW,2026-04-30
TROW,2026-07-31
TROW,2026-10-30
TRV,2020-10-20
TRV,2021-01-21
TRV,2021-04-20
TRV,2021-07-20
TRV,2021-10-19
TRV,2022-01-20
TRV,2022-04-19
TRV,2022-07-21
TRV,2022-10-19
TRV,2023-01-24
TRV,2023-04-19
TRV,2023-07-20
TRV,2023-10-18
TRV,2024-01-19
TRV,2024-04-17
TRV,2024-07-19
TRV,2024-10-17
TRV,2025-01-22
TRV,2025-04-16
TRV,2025-07-17
TRV,2025-10-16
TRV,2026-01-21
TRV,2026-04-16
TRV,2026-07-17
TRV,2026-10-16
TSCO,2020-10-22
TSCO,2021-01-28
TSCO,2021-04-22
TSCO,2021-07-19
TSCO,2021-10-21
TSCO,2022-01-27
TSCO,2022-04-21
TSCO,2022-07-21
TSCO,2022-10-20
TSCO,2023-01-26
TSCO,2023-04-27
TSCO,2023-07-27
TSCO,2023-10-26
TSCO,2024-02-01
TSCO,2024-04-25
TSCO,2024-07-25
TSCO,2024-10-24
TSCO,2025-01-30
TSCO,2025-04-24
TSCO,2025-07-24
TSCO,2025-10-23
TSCO,2026-01-29
TSCO,2026-04-21
TSCO,2026-07-23
TSCO,2026-10-22
TSLA,2020-10-22
TSLA,2021-01-28
TSLA,2021-04-27
TSLA,2021-07-27
TSLA,2021-10-20
TSLA,2022-01-27
TSLA,2022-04-21
TSLA,2022-07-21
TSLA,2022-10-20
TSLA,2023-01-26
TSLA,2023-04-20
TSLA,2023-07-20
TSLA,2023-10-19
TSLA,2024-01-25
TSLA,2024-04-24
TSLA,2024-07-24
TSLA,2024-10-24
TSLA,2025-01-30
TSLA,2025-04-23
TSLA,2025-07-24
TSLA,2025-10-23
TSLA,2026-01-29
TSLA,2026-04-23
TSLA,2026-07-23
TSLA,2026-10-22
TSN,2020-11-16
TSN,2021-02-11
TSN,2021-05-10
TSN,2021-08-09
TSN,2021-11-15
TSN,2022-02-07
TSN,2022-05-09
TSN,2022-08-08
TSN,2022-11-14
TSN,2023-02-06
TSN,2023-05-08
TSN,2023-08-07
TSN,2023-11-13
TSN,2024-02-05
TSN,2024-05-06
TSN,2024-08-05
TSN,2024-11-12
TSN,2025-02-03
TSN,2025-05-05
TSN,2025-08-04
TSN,2025-11-10
TSN,2026-02-02
TSN,2026-05-04
TSN,2026-08-03
TSN,2026-11-16
TT,2020-10-28
TT,2021-02-05
TT,2021-05-05
TT,2021-08-04
TT,2021-11-03
TT,2022-01-31
TT,2022-05-04
TT,2022-08-03
TT,2022-11-02
TT,2023-02-02
TT,2023-05-03
TT,2023-08-02
TT,2023-11-01
TT,2024-02-01
TT,2024-04-30
TT,2024-07-31
TT,2024-10-30
TT,2025-01-30
TT,2025-04-30
TT,2025-07-30
TT,2025-10-30
TT,2026-01-29
TT,2026-04-30
TT,2026-07-30
TT,2026-10-29
TTWO,2020-11-06
TTWO,2021-02-09
TTWO,2021-05-19
TTWO,2021-08-03
TTWO,2021-11-04
TTWO,2022-02-08
TTWO,2022-05-17
TTWO,2022-08-09
TTWO,2022-11-08
TTWO,2023-02-07
TTWO,2023-05-18
TTWO,2023-08-09
TTWO,2023-11-09
TTWO,2024-02-09
TTWO,2024-05-17
TTWO,2024-08-09
TTWO,2024-11-07
TTWO,2025-02-07
TTWO,2025-05-16
TTWO,2025-08-08
TTWO,2025-11-07
TTWO,2026-02-04
TTWO,2026-05-22
TTWO,2026-08-07
TTWO,2026-11-09
TXN,2020-10-21
TXN,2021-01-27
TXN,2021-04-28
TXN,2021-07-22
TXN,2021-10-27
TXN,2022-01-26
TXN,2022-04-27
TXN,2022-07-27
TXN,2022-10-26
TXN,2023-01-25
TXN,2023-04-26
TXN,2023-07-26
TXN,2023-10-25
TXN,2024-01-24
TXN,2024-04-24
TXN,2024-07-24
TXN,2024-10-23
TXN,2025-01-24
TXN,2025-04-24
TXN,2025-07-23
TXN,2025-10-22
TXN,2026-01-28
TXN,2026-04-23
TXN,2026-07-23
TXN,2026-10-28
TXT,2020-10-29
TXT,2021-01-27
TXT,2021-04-29
TXT,2021-07-29
TXT,2021-10-28
TXT,2022-01-27
TXT,2022-04-28
TXT,2022-07-28
TXT,2022-10-27
TXT,2023-01-25
TXT,2023-04-27
TXT,2023-07-27
TXT,2023-10-26
TXT,2024-01-24
TXT,2024-04-25
TXT,2024-07-18
TXT,2024-10-24
TXT,2025-01-22
TXT,2025-04-24
TXT,2025-07-24
TXT,2025-10-23
TXT,2026-01-28
TXT,2026-04-30
TXT,2026-07-28
TXT,2026-10-29
TYL,2020-11-05
TYL,2021-02-10
TYL,2021-04-29
TYL,2021-07-29
TYL,2021-10-28
TYL,2022-02-17
TYL,2022-04-28
TYL,2022-07-28
TYL,2022-10-27
TYL,2023-02-16
TYL,2023-04-27
TYL,2023-07-27
TYL,2023-11-02
TYL,2024-02-15
TYL,2024-04-25
TYL,2024-07-25
TYL,2024-10-24
TYL,2025-02-13
TYL,2025-04-24
TYL,2025-07-31
TYL,2025-10-30
TYL,2026-02-12
TYL,2026-04-30
TYL,2026-07-30
TYL,2026-10-29
UAL,2020-10-15
UAL,2021-01-21
UAL,2021-04-20
UAL,2021-07-21
UAL,2021-10-20
UAL,2022-01-20
UAL,2022-04-21
UAL,2022-07-21
UAL,2022-10-19
UAL,2023-01-18
UAL,2023-04-19
UAL,2023-07-20
UAL,2023-10-18
UAL,2024-01-23
UAL,2024-04-17
UAL,2024-07-18
UAL,2024-10-16
UAL,2025-01-22
UAL,2025-04-16
UAL,2025-07-17
UAL,2025-10-16
UAL,2026-01-21
UAL,2026-04-22
UAL,2026-07-16
UAL,2026-10-22
UBER,2020-11-06
UBER,2021-02-11
UBER,2021-05-06
UBER,2021-08-05
UBER,2021-11-05
UBER,2022-02-10
UBER,2022-05-04
UBER,2022-08-02
UBER,2022-11-01
UBER,2023-02-08
UBER,2023-05-02
UBER,2023-08-01
UBER,2023-11-07
UBER,2024-02-07
UBER,2024-05-08
UBER,2024-08-06
UBER,2024-10-31
UBER,2025-02-05
UBER,2025-05-07
UBER,2025-08-06
UBER,2025-11-04
UBER,2026-02-04
UBER,2026-05-06
UBER,2026-08-05
UBER,2026-11-03
UDR,2020-10-30
UDR,2021-02-10
UDR,2021-04-28
UDR,2021-07-29
UDR,2021-10-27
UDR,2022-02-09
UDR,2022-04-27
UDR,2022-07-27
UDR,2022-10-27
UDR,2023-02-07
UDR,2023-04-27
UDR,2023-07-27
UDR,2023-10-27
UDR,2024-02-07
UDR,2024-05-01
UDR,2024-07-31
UDR,2024-10-31
UDR,2025-02-06
UDR,2025-05-01
UDR,2025-07-31
UDR,2025-10-30
UDR,2026-02-10
UDR,2026-04-30
UDR,2026-07-28
UDR,2026-10-29
UHS,2020-10-30
UHS,2021-02-26
UHS,2021-04-27
UHS,2021-07-27
UHS,2021-10-26
UHS,2022-02-25
UHS,2022-04-26
UHS,2022-07-26
UHS,2022-10-26
UHS,2023-02-28
UHS,2023-04-26
UHS,2023-07-26
UHS,2023-10-26
UHS,2024-02-28
UHS,2024-04-25
UHS,2024-07-25
UHS,2024-10-25
UHS,2025-02-27
UHS,2025-04-29
UHS,2025-07-29
UHS,2025-10-28
UHS,2026-02-26
UHS,2026-04-28
UHS,2026-07-28
UHS,2026-10-27
ULTA,2020-12-04
ULTA,2021-03-12
ULTA,2021-05-28
ULTA,2021-08-26
ULTA,2021-12-03
ULTA,2022-03-11
ULTA,2022-05-27
ULTA,2022-08-26
ULTA,2022-12-02
ULTA,2023-03-10
ULTA,2023-05-26
ULTA,2023-08-25
ULTA,2023-12-01
ULTA,2024-03-15
ULTA,2024-05-31
ULTA,2024-08-30
ULTA,2024-12-06
ULTA,2025-03-14
ULTA,2025-05-30
ULTA,2025-08-29
ULTA,2025-12-05
ULTA,2026-03-13
ULTA,2026-06-03
ULTA,2026-08-28
ULTA,2026-12-03
UNH,2020-10-14
UNH,2021-01-20
UNH,2021-04-15
UNH,2021-07-15
UNH,2021-10-14
UNH,2022-01-19
UNH,2022-04-14
UNH,2022-07-15
UNH,2022-10-14
UNH,2023-01-13
UNH,2023-04-14
UNH,2023-07-14
UNH,2023-10-13
UNH,2024-01-12
UNH,2024-04-16
UNH,2024-07-16
UNH,2024-10-15
UNH,2025-01-16
UNH,2025-04-17
UNH,2025-07-29
UNH,2025-10-28
UNH,2026-01-27
UNH,2026-04-21
UNH,2026-07-16
UNH,2026-10-13
UNP,2020-10-22
UNP,2021-01-21
UNP,2021-04-22
UNP,2021-07-22
UNP,2021-10-21
UNP,2022-01-20
UNP,2022-04-21
UNP,2022-07-21
UNP,2022-10-20
UNP,2023-01-24
UNP,2023-04-20
UNP,2023-07-26
UNP,2023-10-19
UNP,2024-01-25
UNP,2024-04-25
UNP,2024-07-25
UNP,2024-10-24
UNP,2025-01-23
UNP,2025-04-24
UNP,2025-07-24
UNP,2025-10-23
UNP,2026-01-27
UNP,2026-04-23
UNP,2026-07-23
UNP,2026-10-22
UPS,2020-10-28
UPS,2021-02-02
UPS,2021-04-27
UPS,2021-07-27
UPS,2021-10-26
UPS,2022-02-01
UPS,2022-04-26
UPS,2022-07-26
UPS,2022-10-25
UPS,2023-01-31
UPS,2023-04-25
UPS,2023-08-08
UPS,2023-10-26
UPS,2024-01-30
UPS,2024-04-23
UPS,2024-07-23
UPS,2024-10-24
UPS,2025-01-30
UPS,2025-04-29
UPS,2025-07-29
UPS,2025-10-28
UPS,2026-01-27
UPS,2026-04-28
UPS,2026-07-28
UPS,2026-10-27
URI,2020-10-29
URI,2021-01-28
URI,2021-04-29
URI,2021-07-29
URI,2021-10-28
URI,2022-01-27
URI,2022-04-28
URI,2022-07-28
URI,2022-10-27
URI,2023-01-26
URI,2023-04-27
URI,2023-07-27
URI,2023-10-26
URI,2024-01-25
URI,2024-04-25
URI,2024-07-25
URI,2024-10-24
URI,2025-01-30
URI,2025-04-24
URI,2025-07-24
URI,2025-10-23
URI,2026-01-29
URI,2026-04-23
URI,2026-07-23
URI,2026-10-22
USB,2020-10-14
USB,2021-01-20
USB,2021-04-15
USB,2021-07-15
USB,2021-10-14
USB,2022-01-19
USB,2022-04-14
USB,2022-07-15
USB,2022-10-14
USB,2023-01-25
USB,2023-04-19
USB,2023-07-19
USB,2023-10-18
USB,2024-01-17
USB,2024-05-02
USB,2024-07-17
USB,2024-10-16
USB,2025-01-16
USB,2025-04-16
USB,2025-07-17
USB,2025-10-16
USB,2026-01-20
USB,2026-04-16
USB,2026-07-16
USB,2026-10-15
V,2020-10-29
V,2021-01-29
V,2021-04-28
V,2021-07-28
V,2021-10-27
V,2022-01-28
V,2022-04-27
V,2022-07-27
V,2022-10-26
V,2023-01-27
V,2023-04-26
V,2023-07-26
V,2023-10-25
V,2024-01-26
V,2024-04-24
V,2024-07-24
V,2024-10-30
V,2025-01-31
V,2025-04-30
V,2025-07-30
V,2025-10-29
V,2026-01-30
V,2026-04-29
V,2026-07-29
V,2026-10-28
VEEV,2020-12-02
VEEV,2021-03-03
VEEV,2021-05-28
VEEV,2021-09-02
VEEV,2021-12-02
VEEV,2022-03-03
VEEV,2022-06-02
VEEV,2022-09-01
VEEV,2022-12-02
VEEV,2023-03-02
VEEV,2023-06-01
VEEV,2023-08-31
VEEV,2023-12-07
VEEV,2024-03-01
VEEV,2024-05-31
VEEV,2024-08-29
VEEV,2024-12-06
VEEV,2025-03-06
VEEV,2025-05-29
VEEV,2025-08-28
VEEV,2025-11-21
VEEV,2026-03-05
VEEV,2026-06-04
VEEV,2026-08-27
VEEV,2026-11-25
VICI,2020-10-29
VICI,2021-02-19
VICI,2021-04-30
VICI,2021-07-29
VICI,2021-10-28
VICI,2022-02-24
VICI,2022-05-05
VICI,2022-07-28
VICI,2022-10-28
VICI,2023-02-24
VICI,2023-05-02
VICI,2023-07-27
VICI,2023-10-26
VICI,2024-02-23
VICI,2024-05-02
VICI,2024-08-01
VICI,2024-11-01
VICI,2025-02-21
VICI,2025-05-01
VICI,2025-07-31
VICI,2025-10-31
VICI,2026-02-26
VICI,2026-04-30
VICI,2026-07-30
VICI,2026-10-30
VLO,2020-10-22
VLO,2021-01-28
VLO,2021-04-22
VLO,2021-07-29
VLO,2021-10-21
VLO,2022-01-27
VLO,2022-04-26
VLO,2022-07-28
VLO,2022-10-25
VLO,2023-01-26
VLO,2023-04-27
VLO,2023-07-27
VLO,2023-10-26
VLO,2024-01-25
VLO,2024-04-25
VLO,2024-07-25
VLO,2024-10-24
VLO,2025-01-30
VLO,2025-04-24
VLO,2025-07-24
VLO,2025-10-23
VLO,2026-01-29
VLO,2026-04-30
VLO,2026-07-30
VLO,2026-10-22
VLTO,2023-10-26
VLTO,2024-02-07
VLTO,2024-04-24
VLTO,2024-07-26
VLTO,2024-10-24
VLTO,2025-02-05
VLTO,2025-04-30
VLTO,2025-07-29
VLTO,2025-10-29
VLTO,2026-02-04
VLTO,2026-04-29
VLTO,2026-07-29
VLTO,2026-10-22
VMC,2020-11-05
VMC,2021-02-16
VMC,2021-05-04
VMC,2021-08-04
VMC,2021-11-04
VMC,2022-02-16
VMC,2022-05-04
VMC,2022-08-04
VMC,2022-11-02
VMC,2023-02-16
VMC,2023-05-04
VMC,2023-08-03
VMC,2023-10-26
VMC,2024-02-16
VMC,2024-05-02
VMC,2024-08-06
VMC,2024-10-30
VMC,2025-02-18
VMC,2025-04-30
VMC,2025-07-31
VMC,2025-10-30
VMC,2026-02-17
VMC,2026-04-29
VMC,2026-07-29
VMC,2026-10-29
VMRK,2026-10-22
VRSK,2020-11-05
VRSK,2021-02-24
VRSK,2021-05-05
VRSK,2021-08-04
VRSK,2021-11-03
VRSK,2022-02-23
VRSK,2022-05-04
VRSK,2022-08-03
VRSK,2022-11-02
VRSK,2023-03-01
VRSK,2023-05-03
VRSK,2023-08-02
VRSK,2023-11-01
VRSK,2024-02-21
VRSK,2024-05-01
VRSK,2024-07-31
VRSK,2024-10-30
VRSK,2025-02-26
VRSK,2025-05-07
VRSK,2025-07-30
VRSK,2025-10-29
VRSK,2026-02-18
VRSK,2026-04-29
VRSK,2026-07-29
VRSK,2026-10-28
VRSN,2020-10-23
VRSN,2021-02-12
VRSN,2021-04-23
VRSN,2021-07-23
VRSN,2021-10-29
VRSN,2022-02-11
VRSN,2022-04-29
VRSN,2022-07-29
VRSN,2022-10-28
VRSN,2023-02-10
VRSN,2023-04-28
VRSN,2023-07-28
VRSN,2023-10-27
VRSN,2024-02-09
VRSN,2024-04-26
VRSN,2024-07-26
VRSN,2024-10-25
VRSN,2025-02-07
VRSN,2025-04-25
VRSN,2025-07-25
VRSN,2025-10-24
VRSN,2026-02-06
VRSN,2026-04-24
VRSN,2026-07-24
VRSN,2026-10-23
VRT,2020-11-04
VRT,2021-02-24
VRT,2021-04-28
VRT,2021-07-28
VRT,2021-10-27
VRT,2022-02-23
VRT,2022-04-27
VRT,2022-08-03
VRT,2022-10-26
VRT,2023-02-22
VRT,2023-04-26
VRT,2023-08-02
VRT,2023-10-25
VRT,2024-02-21
VRT,2024-04-24
VRT,2024-07-24
VRT,2024-10-23
VRT,2025-02-12
VRT,2025-04-23
VRT,2025-07-30
VRT,2025-10-22
VRT,2026-02-11
VRT,2026-04-22
VRT,2026-07-29
VRT,2026-10-21
VRTX,2020-10-30
VRTX,2021-02-02
VRTX,2021-04-30
VRTX,2021-07-30
VRTX,2021-11-03
VRTX,2022-01-27
VRTX,2022-05-06
VRTX,2022-08-05
VRTX,2022-10-28
VRTX,2023-02-08
VRTX,2023-05-02
VRTX,2023-08-02
VRTX,2023-11-07
VRTX,2024-02-06
VRTX,2024-05-07
VRTX,2024-08-02
VRTX,2024-11-05
VRTX,2025-02-11
VRTX,2025-05-06
VRTX,2025-08-05
VRTX,2025-11-04
VRTX,2026-02-13
VRTX,2026-05-05
VRTX,2026-08-04
VRTX,2026-11-02
VST,2020-11-04
VST,2021-02-26
VST,2021-05-04
VST,2021-08-05
VST,2021-11-05
VST,2022-02-25
VST,2022-05-06
VST,2022-08-05
VST,2022-11-04
VST,2023-03-01
VST,2023-05-09
VST,2023-08-09
VST,2023-11-07
VST,2024-02-29
VST,2024-05-10
VST,2024-08-09
VST,2024-11-08
VST,2025-02-28
VST,2025-05-08
VST,2025-08-08
VST,2025-11-07
VST,2026-02-27
VST,2026-05-08
VST,2026-08-10
VST,2026-11-05
VST,2026-11-06
VTR,2020-11-06
VTR,2021-02-18
VTR,2021-05-07
VTR,2021-08-06
VTR,2021-11-05
VTR,2022-02-18
VTR,2022-05-06
VTR,2022-08-05
VTR,2022-11-04
VTR,2023-02-10
VTR,2023-05-09
VTR,2023-08-04
VTR,2023-11-03
VTR,2024-02-15
VTR,2024-05-02
VTR,2024-08-02
VTR,2024-10-31
VTR,2025-02-13
VTR,2025-05-01
VTR,2025-07-31
VTR,2025-10-30
VTR,2026-02-06
VTR,2026-04-28
VTR,2026-07-30
VTR,2026-10-28
VTRS,2020-11-06
VTRS,2021-03-02
VTRS,2021-05-10
VTRS,2021-08-09
VTRS,2021-11-08
VTRS,2022-02-28
VTRS,2022-05-09
VTRS,2022-08-08
VTRS,2022-11-07
VTRS,2023-02-27
VTRS,2023-05-08
VTRS,2023-08-07
VTRS,2023-11-08
VTRS,2024-02-28
VTRS,2024-05-09
VTRS,2024-08-08
VTRS,2024-11-07
VTRS,2025-02-27
VTRS,2025-05-08
VTRS,2025-08-07
VTRS,2025-11-06
VTRS,2026-02-26
VTRS,2026-05-07
VTRS,2026-08-06
VTRS,2026-11-05
VZ,2020-10-21
VZ,2021-01-26
VZ,2021-04-21
VZ,2021-07-21
VZ,2021-10-20
VZ,2022-01-25
VZ,2022-04-22
VZ,2022-07-22
VZ,2022-10-21
VZ,2023-01-24
VZ,2023-04-25
VZ,2023-07-25
VZ,2023-10-24
VZ,2024-01-23
VZ,2024-04-22
VZ,2024-07-22
VZ,2024-10-22
VZ,2025-01-24
VZ,2025-04-22
VZ,2025-07-21
VZ,2025-10-29
VZ,2026-01-30
VZ,2026-04-27
VZ,2026-07-24
VZ,2026-10-26
WAB,2020-10-29
WAB,2021-02-18
WAB,2021-04-29
WAB,2021-07-29
WAB,2021-10-27
WAB,2022-02-16
WAB,2022-04-27
WAB,2022-08-05
WAB,2022-11-01
WAB,2023-02-15
WAB,2023-04-26
WAB,2023-07-27
WAB,2023-10-25
WAB,2024-02-14
WAB,2024-04-24
WAB,2024-07-24
WAB,2024-10-23
WAB,2025-02-12
WAB,2025-04-23
WAB,2025-07-24
WAB,2025-10-22
WAB,2026-02-11
WAB,2026-04-22
WAB,2026-07-22
WAB,2026-10-21
WAT,2020-10-27
WAT,2021-02-02
WAT,2021-05-05
WAT,2021-08-03
WAT,2021-11-02
WAT,2022-02-01
WAT,2022-05-03
WAT,2022-08-02
WAT,2022-11-01
WAT,2023-02-15
WAT,2023-05-09
WAT,2023-08-02
WAT,2023-11-07
WAT,2024-02-06
WAT,2024-05-07
WAT,2024-07-31
WAT,2024-11-01
WAT,2025-02-12
WAT,2025-05-06
WAT,2025-08-04
WAT,2025-11-04
WAT,2026-02-09
WAT,2026-05-05
WAT,2026-08-04
WAT,2026-10-30
WBD,2020-11-05
WBD,2021-02-22
WBD,2021-04-28
WBD,2021-08-03
WBD,2021-11-03
WBD,2022-02-24
WBD,2022-04-26
WBD,2022-08-05
WBD,2022-11-04
WBD,2023-02-23
WBD,2023-05-05
WBD,2023-08-03
WBD,2023-11-08
WBD,2024-02-23
WBD,2024-05-09
WBD,2024-08-08
WBD,2024-11-07
WBD,2025-02-27
WBD,2025-05-08
WBD,2025-08-07
WBD,2025-11-06
WBD,2026-02-26
WBD,2026-05-07
WBD,2026-08-06
WBD,2026-11-05
WDAY,2020-11-20
WDAY,2021-02-26
WDAY,2021-05-27
WDAY,2021-08-27
WDAY,2021-11-19
WDAY,2022-03-01
WDAY,2022-05-27
WDAY,2022-08-26
WDAY,2022-11-30
WDAY,2023-02-28
WDAY,2023-05-26
WDAY,2023-08-25
WDAY,2023-11-29
WDAY,2024-02-27
WDAY,2024-05-24
WDAY,2024-08-23
WDAY,2024-11-27
WDAY,2025-02-26
WDAY,2025-05-23
WDAY,2025-08-22
WDAY,2025-11-26
WDAY,2026-02-25
WDAY,2026-05-22
WDAY,2026-08-28
WDAY,2026-12-01
WDC,2020-10-29
WDC,2021-01-29
WDC,2021-04-30
WDC,2021-08-05
WDC,2021-10-29
WDC,2022-01-28
WDC,2022-04-29
WDC,2022-08-05
WDC,2022-10-27
WDC,2023-02-01
WDC,2023-05-09
WDC,2023-08-01
WDC,2023-10-30
WDC,2024-01-26
WDC,2024-04-26
WDC,2024-08-01
WDC,2024-10-25
WDC,2025-01-30
WDC,2025-04-30
WDC,2025-07-31
WDC,2025-10-31
WDC,2026-01-30
WDC,2026-05-01
WDC,2026-08-06
WDC,2026-11-05
WEC,2020-11-03
WEC,2021-02-04
WEC,2021-05-03
WEC,2021-08-03
WEC,2021-11-02
WEC,2022-02-03
WEC,2022-05-02
WEC,2022-08-02
WEC,2022-11-01
WEC,2023-02-02
WEC,2023-05-01
WEC,2023-08-01
WEC,2023-10-31
WEC,2024-02-01
WEC,2024-05-01
WEC,2024-07-31
WEC,2024-10-31
WEC,2025-02-04
WEC,2025-05-06
WEC,2025-07-30
WEC,2025-10-30
WEC,2026-02-05
WEC,2026-05-05
WEC,2026-07-29
WEC,2026-10-29
WELL,2020-10-29
WELL,2021-02-10
WELL,2021-04-29
WELL,2021-07-30
WELL,2021-11-05
WELL,2022-02-16
WELL,2022-05-11
WELL,2022-08-10
WELL,2022-11-08
WELL,2023-02-16
WELL,2023-05-03
WELL,2023-08-01
WELL,2023-10-31
WELL,2024-02-14
WELL,2024-04-30
WELL,2024-07-30
WELL,2024-10-29
WELL,2025-02-12
WELL,2025-04-29
WELL,2025-07-29
WELL,2025-10-28
WELL,2026-02-11
WELL,2026-04-29
WELL,2026-07-28
WELL,2026-10-27
WFC,2020-10-14
WFC,2021-01-15
WFC,2021-04-14
WFC,2021-07-14
WFC,2021-10-14
WFC,2022-01-14
WFC,2022-04-14
WFC,2022-07-15
WFC,2022-10-14
WFC,2023-01-13
WFC,2023-04-14
WFC,2023-07-14
WFC,2023-10-13
WFC,2024-01-12
WFC,2024-04-12
WFC,2024-07-12
WFC,2024-10-11
WFC,2025-01-15
WFC,2025-04-11
WFC,2025-07-15
WFC,2025-10-14
WFC,2026-01-14
WFC,2026-04-14
WFC,2026-07-14
WFC,2026-10-13
WM,2020-11-02
WM,2021-02-18
WM,2021-04-27
WM,2021-07-27
WM,2021-10-26
WM,2022-02-02
WM,2022-04-26
WM,2022-07-27
WM,2022-10-26
WM,2023-02-01
WM,2023-04-27
WM,2023-07-26
WM,2023-10-25
WM,2024-02-13
WM,2024-04-25
WM,2024-07-25
WM,2024-10-29
WM,2025-01-30
WM,2025-04-29
WM,2025-07-29
WM,2025-10-28
WM,2026-01-29
WM,2026-04-29
WM,2026-07-29
WM,2026-10-28
WMB,2020-11-03
WMB,2021-02-23
WMB,2021-05-04
WMB,2021-08-03
WMB,2021-11-02
WMB,2022-02-22
WMB,2022-05-03
WMB,2022-08-02
WMB,2022-11-01
WMB,2023-02-21
WMB,2023-05-04
WMB,2023-08-03
WMB,2023-11-02
WMB,2024-02-14
WMB,2024-05-07
WMB,2024-08-06
WMB,2024-11-07
WMB,2025-02-13
WMB,2025-05-06
WMB,2025-08-05
WMB,2025-11-04
WMB,2026-02-10
WMB,2026-05-05
WMB,2026-08-04
WMB,2026-11-02
WMT,2020-11-17
WMT,2021-02-18
WMT,2021-05-18
WMT,2021-08-17
WMT,2021-11-16
WMT,2022-02-17
WMT,2022-05-17
WMT,2022-08-16
WMT,2022-11-15
WMT,2023-02-21
WMT,2023-05-18
WMT,2023-08-17
WMT,2023-11-16
WMT,2024-02-20
WMT,2024-05-16
WMT,2024-08-15
WMT,2024-11-19
WMT,2025-02-20
WMT,2025-05-15
WMT,2025-08-21
WMT,2025-11-20
WMT,2026-02-19
WMT,2026-05-21
WMT,2026-08-20
WMT,2026-11-19
WRB,2020-10-21
WRB,2021-01-27
WRB,2021-04-21
WRB,2021-07-23
WRB,2021-10-22
WRB,2022-01-28
WRB,2022-04-26
WRB,2022-07-22
WRB,2022-10-25
WRB,2023-01-27
WRB,2023-04-21
WRB,2023-07-21
WRB,2023-10-24
WRB,2024-01-25
WRB,2024-04-23
WRB,2024-07-23
WRB,2024-10-22
WRB,2025-01-28
WRB,2025-04-22
WRB,2025-07-22
WRB,2025-10-21
WRB,2026-01-27
WRB,2026-04-22
WRB,2026-07-21
WRB,2026-10-20
WSM,2020-11-20
WSM,2021-03-18
WSM,2021-05-27
WSM,2021-08-26
WSM,2021-11-19
WSM,2022-03-17
WSM,2022-05-26
WSM,2022-08-25
WSM,2022-11-18
WSM,2023-03-16
WSM,2023-05-23
WSM,2023-08-23
WSM,2023-11-16
WSM,2024-03-13
WSM,2024-05-22
WSM,2024-08-22
WSM,2024-11-20
WSM,2025-03-19
WSM,2025-05-22
WSM,2025-08-27
WSM,2025-11-19
WSM,2026-03-18
WSM,2026-05-21
WSM,2026-08-26
WSM,2026-11-18
WST,2020-10-22
WST,2021-02-18
WST,2021-04-29
WST,2021-07-29
WST,2021-10-28
WST,2022-02-17
WST,2022-04-28
WST,2022-07-28
WST,2022-10-27
WST,2023-02-16
WST,2023-04-27
WST,2023-07-27
WST,2023-10-26
WST,2024-02-15
WST,2024-04-25
WST,2024-07-25
WST,2024-10-24
WST,2025-02-13
WST,2025-04-24
WST,2025-07-24
WST,2025-10-23
WST,2026-02-12
WST,2026-04-23
WST,2026-07-23
WST,2026-10-22
WTW,2020-10-29
WTW,2021-02-09
WTW,2021-04-29
WTW,2021-08-03
WTW,2021-10-28
WTW,2022-02-08
WTW,2022-04-28
WTW,2022-07-28
WTW,2022-10-27
WTW,2023-02-09
WTW,2023-04-27
WTW,2023-07-27
WTW,2023-10-26
WTW,2024-02-06
WTW,2024-04-25
WTW,2024-07-25
WTW,2024-10-31
WTW,2025-02-04
WTW,2025-04-24
WTW,2025-07-31
WTW,2025-10-30
WTW,2026-02-03
WTW,2026-04-30
WTW,2026-07-30
WTW,2026-10-29
WY,2020-10-30
WY,2021-01-29
WY,2021-04-30
WY,2021-07-30
WY,2021-10-29
WY,2022-01-28
WY,2022-04-29
WY,2022-07-29
WY,2022-10-28
WY,2023-01-27
WY,2023-04-28
WY,2023-07-28
WY,2023-10-27
WY,2024-01-26
WY,2024-04-26
WY,2024-07-26
WY,2024-10-25
WY,2025-01-31
WY,2025-04-25
WY,2025-07-25
WY,2025-10-31
WY,2026-01-30
WY,2026-05-01
WY,2026-07-31
WY,2026-10-30
WYNN,2020-11-06
WYNN,2021-02-05
WYNN,2021-05-11
WYNN,2021-08-05
WYNN,2021-11-10
WYNN,2022-02-16
WYNN,2022-05-11
WYNN,2022-08-10
WYNN,2022-11-10
WYNN,2023-02-09
WYNN,2023-05-10
WYNN,2023-08-10
WYNN,2023-11-10
WYNN,2024-02-08
WYNN,2024-05-08
WYNN,2024-08-07
WYNN,2024-11-05
WYNN,2025-02-14
WYNN,2025-05-07
WYNN,2025-08-08
WYNN,2025-11-07
WYNN,2026-02-13
WYNN,2026-05-08
WYNN,2026-08-05
WYNN,2026-11-05
XEL,2020-10-29
XEL,2021-01-28
XEL,2021-04-29
XEL,2021-07-29
XEL,2021-10-28
XEL,2022-01-27
XEL,2022-04-28
XEL,2022-07-28
XEL,2022-10-27
XEL,2023-01-26
XEL,2023-04-27
XEL,2023-07-27
XEL,2023-10-27
XEL,2024-01-25
XEL,2024-04-25
XEL,2024-08-01
XEL,2024-10-31
XEL,2025-02-06
XEL,2025-04-24
XEL,2025-07-31
XEL,2025-10-30
XEL,2026-02-05
XEL,2026-04-30
XEL,2026-07-30
XEL,2026-10-29
XOM,2020-10-30
XOM,2021-02-02
XOM,2021-04-30
XOM,2021-07-30
XOM,2021-10-29
XOM,2022-02-01
XOM,2022-04-29
XOM,2022-07-29
XOM,2022-10-28
XOM,2023-01-31
XOM,2023-04-28
XOM,2023-07-28
XOM,2023-10-27
XOM,2024-02-02
XOM,2024-04-26
XOM,2024-08-02
XOM,2024-11-01
XOM,2025-01-31
XOM,2025-05-02
XOM,2025-08-01
XOM,2025-10-31
XOM,2026-01-30
XOM,2026-05-01
XOM,2026-07-31
XOM,2026-10-30
XYL,2020-10-29
XYL,2021-02-04
XYL,2021-05-04
XYL,2021-08-03
XYL,2021-11-02
XYL,2022-02-03
XYL,2022-05-04
XYL,2022-08-02
XYL,2022-11-01
XYL,2023-02-07
XYL,2023-05-04
XYL,2023-08-02
XYL,2023-10-31
XYL,2024-02-06
XYL,2024-05-02
XYL,2024-07-30
XYL,2024-10-31
XYL,2025-02-04
XYL,2025-04-29
XYL,2025-07-31
XYL,2025-10-28
XYL,2026-02-10
XYL,2026-04-28
XYL,2026-07-28
XYL,2026-10-27
XYL,2026-11-03
XYZ,2020-11-06
XYZ,2021-02-24
XYZ,2021-05-07
XYZ,2021-08-02
XYZ,2021-11-05
XYZ,2022-02-25
XYZ,2022-05-06
XYZ,2022-08-05
XYZ,2022-11-04
XYZ,2023-02-24
XYZ,2023-05-05
XYZ,2023-08-04
XYZ,2023-11-03
XYZ,2024-02-23
XYZ,2024-05-03
XYZ,2024-08-02
XYZ,2024-11-08
XYZ,2025-02-21
XYZ,2025-05-02
XYZ,2025-08-08
XYZ,2025-11-07
XYZ,2026-02-27
XYZ,2026-05-08
XYZ,2026-08-06
XYZ,2026-11-09
YUM,2020-10-29
YUM,2021-02-04
YUM,2021-04-28
YUM,2021-07-29
YUM,2021-10-28
YUM,2022-02-09
YUM,2022-05-04
YUM,2022-08-03
YUM,2022-11-02
YUM,2023-02-08
YUM,2023-05-03
YUM,2023-08-02
YUM,2023-11-01
YUM,2024-02-07
YUM,2024-05-01
YUM,2024-08-06
YUM,2024-11-05
YUM,2025-02-06
YUM,2025-04-30
YUM,2025-08-05
YUM,2025-11-04
YUM,2026-02-04
YUM,2026-04-29
YUM,2026-07-30
YUM,2026-11-03
ZBH,2020-11-06
ZBH,2021-02-05
ZBH,2021-05-04
ZBH,2021-08-03
ZBH,2021-11-04
ZBH,2022-02-07
ZBH,2022-05-03
ZBH,2022-08-02
ZBH,2022-11-02
ZBH,2023-02-03
ZBH,2023-05-02
ZBH,2023-08-01
ZBH,2023-11-07
ZBH,2024-02-08
ZBH,2024-05-02
ZBH,2024-08-07
ZBH,2024-10-30
ZBH,2025-02-06
ZBH,2025-05-05
ZBH,2025-08-07
ZBH,2025-11-05
ZBH,2026-02-10
ZBH,2026-04-28
ZBH,2026-08-05
ZBH,2026-11-05
ZBRA,2020-11-03
ZBRA,2021-02-11
ZBRA,2021-05-04
ZBRA,2021-08-03
ZBRA,2021-11-02
ZBRA,2022-02-10
ZBRA,2022-05-03
ZBRA,2022-08-02
ZBRA,2022-11-01
ZBRA,2023-02-16
ZBRA,2023-05-02
ZBRA,2023-08-01
ZBRA,2023-10-31
ZBRA,2024-02-15
ZBRA,2024-04-30
ZBRA,2024-07-30
ZBRA,2024-10-29
ZBRA,2025-02-13
ZBRA,2025-04-29
ZBRA,2025-08-05
ZBRA,2025-10-28
ZBRA,2026-02-12
ZBRA,2026-05-12
ZBRA,2026-08-04
ZBRA,2026-11-03
ZTS,2020-11-05
ZTS,2021-02-16
ZTS,2021-05-06
ZTS,2021-08-05
ZTS,2021-11-04
ZTS,2022-02-15
ZTS,2022-05-05
ZTS,2022-08-04
ZTS,2022-11-03
ZTS,2023-02-14
ZTS,2023-05-04
ZTS,2023-08-08
ZTS,2023-11-02
ZTS,2024-02-13
ZTS,2024-05-02
ZTS,2024-08-06
ZTS,2024-11-04
ZTS,2025-02-13
ZTS,2025-05-06
ZTS,2025-08-05
ZTS,2025-11-04
ZTS,2026-02-12
ZTS,2026-05-07
ZTS,2026-08-06
ZTS,2026-11-05
